admission_id,patient_id,admission_date,discharge_date,diagnosis,doctor_id,room_no
2001,1001,2026-02-07,2026-02-13,Diabetes Complication,317,R418
2002,1001,2026-03-07,2026-03-17,Heart Failure,320,R396
2003,1002,2025-05-16,2025-05-21,Asthma Attack,339,R411
2004,1003,2025-12-08,2025-12-10,Respiratory Infection,325,R120
2005,1003,2025-08-11,2025-08-21,Pneumonia,306,R368
2006,1004,2025-03-11,2025-03-19,Respiratory Infection,325,R310
2007,1004,2025-07-15,2025-07-25,Respiratory Infection,302,R144
2008,1004,2025-09-10,2025-09-17,Respiratory Infection,306,R461
2009,1005,2025-04-13,2025-04-17,Asthma Attack,337,R231
2010,1006,2025-03-28,2025-04-05,Pneumonia,322,R203
2011,1006,2025-05-08,2025-05-10,Respiratory Infection,316,R361
2012,1007,2025-03-28,2025-03-31,Respiratory Infection,316,R300
2013,1007,2026-02-08,2026-02-14,Respiratory Infection,325,R326
2014,1008,2025-04-06,2025-04-16,Asthma Attack,325,R103
2015,1009,2026-01-06,2026-01-08,Chest Pain,329,R191
2016,1010,2025-05-01,2025-05-08,Chest Pain,319,R106
2017,1011,2025-06-07,2025-06-15,Respiratory Infection,302,R136
2018,1011,2025-08-03,2025-08-06,Pneumonia,337,R211
2019,1011,2026-01-17,2026-01-27,Respiratory Infection,325,R439
2020,1012,2025-03-26,2025-03-28,Heart Failure,319,R292
2021,1012,2025-04-26,2025-04-30,Heart Failure,319,R220
2022,1013,2025-08-05,2025-08-13,Hypertension,321,R377
2023,1013,2026-03-02,2026-03-07,Chest Pain,303,R292
2024,1014,2025-07-10,2025-07-18,Respiratory Infection,322,R392
2025,1014,2025-04-09,2025-04-11,Pneumonia,302,R411
2026,1015,2025-12-23,2025-12-30,Diabetes Complication,328,R492
2027,1016,2025-03-31,2025-04-08,Chest Pain,319,R347
2028,1017,2025-06-21,2025-06-28,Hypertension,321,R482
2029,1018,2025-06-07,2025-06-09,Hypertension,307,R128
2030,1019,2026-02-18,2026-02-26,Respiratory Infection,316,R414
2031,1020,2025-05-21,2025-05-30,Diabetes Complication,312,R182
2032,1021,2026-02-06,2026-02-10,Pneumonia,322,R198
2033,1022,2025-03-13,2025-03-22,Chest Pain,319,R327
2034,1022,2025-08-09,2025-08-15,Chest Pain,332,R496
2035,1022,2025-10-10,2025-10-18,Chest Pain,309,R111
2036,1023,2026-03-06,2026-03-08,Asthma Attack,322,R145
2037,1023,2025-12-13,2025-12-23,Asthma Attack,302,R141
2038,1023,2025-09-07,2025-09-14,Respiratory Infection,316,R217
2039,1024,2025-11-24,2025-12-01,Chest Pain,340,R169
2040,1024,2025-11-27,2025-12-02,Heart Failure,311,R287
2041,1025,2025-04-05,2025-04-10,Chest Pain,303,R433
2042,1026,2026-03-05,2026-03-10,Pneumonia,337,R256
2043,1027,2025-05-28,2025-06-06,Heart Failure,303,R263
2044,1028,2025-05-14,2025-05-22,Respiratory Infection,302,R227
2045,1029,2025-11-21,2025-11-25,Diabetes Complication,317,R317
2046,1029,2025-10-25,2025-10-27,Diabetes Complication,315,R455
2047,1029,2025-06-15,2025-06-18,Heart Failure,313,R218
2048,1030,2025-04-04,2025-04-08,Pneumonia,339,R412
2049,1030,2025-07-07,2025-07-17,Pneumonia,306,R250
2050,1031,2025-09-18,2025-09-26,Pneumonia,316,R380
2051,1032,2025-06-13,2025-06-17,Hypertension,310,R238
2052,1033,2025-04-14,2025-04-20,Hypertension,321,R184
2053,1033,2026-03-07,2026-03-15,Hypertension,314,R465
2054,1034,2025-08-29,2025-09-02,Respiratory Infection,316,R337
2055,1034,2025-06-07,2025-06-09,Respiratory Infection,339,R207
2056,1034,2025-09-30,2025-10-10,Respiratory Infection,337,R277
2057,1035,2025-04-22,2025-04-26,Hypertension,307,R212
2058,1035,2025-03-22,2025-03-27,Hypertension,307,R455
2059,1035,2025-08-13,2025-08-16,Hypertension,307,R285
2060,1036,2025-07-06,2025-07-09,Pneumonia,306,R214
2061,1036,2026-01-03,2026-01-05,Respiratory Infection,339,R161
2062,1037,2025-08-04,2025-08-09,Chest Pain,332,R290
2063,1037,2026-01-10,2026-01-14,Chest Pain,313,R248
2064,1037,2026-01-31,2026-02-05,Chest Pain,324,R223
2065,1038,2025-12-05,2025-12-09,Hypertension,310,R214
2066,1038,2025-08-10,2025-08-14,Hypertension,314,R436
2067,1038,2025-08-18,2025-08-24,Hypertension,310,R228
2068,1039,2025-05-22,2025-05-30,Asthma Attack,306,R329
2069,1039,2026-01-11,2026-01-16,Respiratory Infection,301,R309
2070,1040,2025-06-14,2025-06-17,Diabetes Complication,318,R343
2071,1041,2025-07-12,2025-07-21,Hypertension,321,R399
2072,1041,2025-06-11,2025-06-16,Hypertension,310,R357
2073,1042,2025-07-28,2025-08-02,Chest Pain,333,R412
2074,1043,2025-09-15,2025-09-18,Heart Failure,332,R260
2075,1043,2025-06-15,2025-06-18,Diabetes Complication,315,R132
2076,1043,2025-06-11,2025-06-15,Heart Failure,319,R171
2077,1044,2025-06-18,2025-06-22,Hypertension,307,R128
2078,1044,2025-05-15,2025-05-23,Hypertension,321,R484
2079,1045,2025-05-15,2025-05-21,Hypertension,307,R282
2080,1045,2025-08-09,2025-08-16,Hypertension,321,R470
2081,1045,2025-04-23,2025-04-28,Hypertension,314,R218
2082,1046,2025-11-02,2025-11-08,Pneumonia,316,R266
2083,1046,2025-04-04,2025-04-14,Respiratory Infection,316,R126
2084,1047,2025-05-21,2025-05-26,Hypertension,307,R150
2085,1048,2025-10-26,2025-11-01,Pneumonia,325,R495
2086,1048,2025-10-14,2025-10-16,Pneumonia,325,R421
2087,1048,2025-06-25,2025-07-02,Respiratory Infection,302,R238
2088,1049,2025-05-19,2025-05-23,Chest Pain,333,R101
2089,1049,2026-01-07,2026-01-11,Chest Pain,309,R325
2090,1050,2026-01-15,2026-01-17,Pneumonia,301,R340
2091,1050,2025-06-23,2025-06-29,Pneumonia,316,R438
2092,1050,2025-11-05,2025-11-12,Pneumonia,322,R345
2093,1051,2025-11-19,2025-11-29,Hypertension,307,R328
2094,1051,2025-11-25,2025-11-30,Hypertension,307,R172
2095,1052,2026-01-17,2026-01-20,Chest Pain,340,R119
2096,1053,2025-09-06,2025-09-14,Asthma Attack,337,R274
2097,1054,2025-06-29,2025-07-05,Heart Failure,313,R437
2098,1055,2025-12-23,2025-12-25,Heart Failure,313,R408
2099,1055,2025-09-24,2025-09-29,Diabetes Complication,312,R173
2100,1055,2025-12-15,2025-12-19,Diabetes Complication,318,R281
2101,1056,2025-08-02,2025-08-04,Heart Failure,319,R183
2102,1056,2026-01-25,2026-01-31,Heart Failure,320,R197
2103,1057,2025-03-27,2025-03-30,Pneumonia,337,R174
2104,1058,2025-08-11,2025-08-18,Respiratory Infection,337,R463
2105,1059,2025-11-30,2025-12-10,Hypertension,314,R446
2106,1060,2025-03-21,2025-03-23,Respiratory Infection,339,R137
2107,1060,2025-11-11,2025-11-16,Pneumonia,322,R133
2108,1061,2025-11-21,2025-11-24,Chest Pain,324,R128
2109,1061,2025-09-21,2025-09-25,Hypertension,321,R423
2110,1061,2025-11-08,2025-11-16,Chest Pain,332,R130
2111,1062,2026-03-10,2026-03-20,Respiratory Infection,302,R124
2112,1062,2025-11-09,2025-11-15,Respiratory Infection,337,R126
2113,1063,2026-01-02,2026-01-08,Asthma Attack,322,R139
2114,1063,2025-05-31,2025-06-05,Asthma Attack,325,R496
2115,1063,2025-11-24,2025-12-02,Respiratory Infection,306,R389
2116,1064,2026-01-27,2026-02-01,Diabetes Complication,312,R469
2117,1064,2026-02-11,2026-02-18,Diabetes Complication,318,R333
2118,1064,2025-04-19,2025-04-21,Diabetes Complication,312,R190
2119,1065,2026-02-18,2026-02-23,Respiratory Infection,316,R280
2120,1066,2025-05-07,2025-05-17,Heart Failure,324,R293
2121,1066,2025-09-08,2025-09-16,Heart Failure,319,R288
2122,1067,2026-03-02,2026-03-06,Asthma Attack,337,R357
2123,1067,2025-03-20,2025-03-26,Asthma Attack,301,R383
2124,1067,2025-06-08,2025-06-16,Asthma Attack,302,R323
2125,1068,2025-10-27,2025-11-06,Respiratory Infection,302,R320
2126,1068,2025-04-23,2025-04-27,Pneumonia,339,R146
2127,1069,2025-06-09,2025-06-14,Respiratory Infection,302,R381
2128,1069,2025-05-14,2025-05-20,Pneumonia,316,R474
2129,1070,2026-02-19,2026-02-25,Hypertension,310,R269
2130,1070,2025-10-22,2025-10-27,Hypertension,321,R237
2131,1071,2025-08-13,2025-08-18,Respiratory Infection,337,R131
2132,1072,2025-06-13,2025-06-23,Chest Pain,319,R245
2133,1072,2025-07-10,2025-07-15,Heart Failure,324,R279
2134,1072,2025-06-23,2025-06-30,Chest Pain,319,R367
2135,1073,2025-12-14,2025-12-22,Heart Failure,309,R160
2136,1073,2025-10-13,2025-10-22,Chest Pain,311,R455
2137,1073,2026-03-02,2026-03-07,Chest Pain,332,R463
2138,1074,2025-07-08,2025-07-14,Heart Failure,303,R196
2139,1074,2025-04-27,2025-05-05,Heart Failure,320,R465
2140,1075,2025-04-08,2025-04-14,Heart Failure,324,R162
2141,1076,2025-11-06,2025-11-12,Hypertension,314,R325
2142,1077,2025-12-20,2025-12-22,Chest Pain,332,R321
2143,1078,2026-02-28,2026-03-09,Diabetes Complication,315,R208
2144,1078,2026-01-30,2026-02-05,Heart Failure,320,R397
2145,1079,2025-12-27,2026-01-02,Pneumonia,302,R498
2146,1079,2026-01-27,2026-01-30,Pneumonia,325,R185
2147,1080,2026-02-12,2026-02-18,Respiratory Infection,306,R226
2148,1081,2025-06-10,2025-06-13,Heart Failure,329,R404
2149,1082,2025-09-03,2025-09-09,Hypertension,310,R422
2150,1082,2025-05-18,2025-05-21,Hypertension,310,R477
2151,1082,2025-05-31,2025-06-09,Hypertension,310,R383
2152,1083,2026-02-15,2026-02-19,Asthma Attack,339,R362
2153,1084,2026-01-26,2026-02-05,Pneumonia,301,R325
2154,1085,2025-10-20,2025-10-29,Heart Failure,319,R164
2155,1085,2025-12-24,2026-01-01,Heart Failure,311,R153
2156,1086,2026-02-10,2026-02-20,Diabetes Complication,312,R443
2157,1086,2025-09-01,2025-09-09,Diabetes Complication,312,R473
2158,1087,2025-08-13,2025-08-17,Pneumonia,316,R217
2159,1087,2025-03-17,2025-03-26,Pneumonia,306,R485
2160,1088,2025-11-17,2025-11-24,Respiratory Infection,322,R214
2161,1089,2025-04-30,2025-05-08,Chest Pain,313,R385
2162,1089,2025-12-16,2025-12-21,Heart Failure,309,R459
2163,1089,2025-05-07,2025-05-12,Heart Failure,311,R339
2164,1090,2025-06-08,2025-06-18,Hypertension,314,R266
2165,1090,2025-04-26,2025-05-03,Hypertension,321,R206
2166,1090,2025-11-14,2025-11-20,Hypertension,310,R445
2167,1091,2025-08-23,2025-09-02,Hypertension,307,R389
2168,1091,2025-12-23,2025-12-31,Hypertension,310,R263
2169,1091,2025-05-19,2025-05-25,Hypertension,321,R353
2170,1092,2025-06-24,2025-06-27,Pneumonia,339,R197
2171,1092,2025-07-16,2025-07-23,Pneumonia,302,R181
2172,1093,2025-09-10,2025-09-12,Pneumonia,339,R236
2173,1094,2025-12-30,2026-01-02,Diabetes Complication,315,R295
2174,1095,2025-05-26,2025-06-04,Asthma Attack,337,R410
2175,1096,2025-10-16,2025-10-20,Chest Pain,311,R160
2176,1097,2025-05-08,2025-05-12,Hypertension,310,R154
2177,1097,2025-10-01,2025-10-05,Hypertension,310,R492
2178,1098,2026-01-27,2026-02-06,Pneumonia,322,R435
2179,1099,2025-08-13,2025-08-15,Heart Failure,319,R401
2180,1099,2025-10-03,2025-10-09,Diabetes Complication,317,R303
2181,1099,2026-01-20,2026-01-22,Diabetes Complication,312,R179
2182,1100,2025-08-24,2025-08-29,Respiratory Infection,337,R476
2183,1100,2026-02-15,2026-02-25,Respiratory Infection,322,R420
2184,1101,2025-08-30,2025-09-02,Respiratory Infection,302,R235
2185,1101,2026-03-06,2026-03-09,Respiratory Infection,302,R163
2186,1101,2025-04-02,2025-04-05,Asthma Attack,337,R416
2187,1102,2025-03-19,2025-03-26,Respiratory Infection,325,R467
2188,1102,2026-02-28,2026-03-03,Respiratory Infection,301,R245
2189,1102,2025-09-26,2025-10-04,Respiratory Infection,306,R302
2190,1103,2025-04-22,2025-04-25,Chest Pain,319,R471
2191,1103,2025-11-14,2025-11-21,Heart Failure,340,R230
2192,1104,2025-05-22,2025-05-31,Pneumonia,337,R152
2193,1104,2025-11-27,2025-12-04,Pneumonia,325,R460
2194,1105,2026-03-03,2026-03-12,Hypertension,314,R286
2195,1105,2025-09-11,2025-09-13,Hypertension,310,R106
2196,1105,2025-12-25,2025-12-31,Hypertension,321,R276
2197,1106,2025-04-19,2025-04-25,Asthma Attack,316,R304
2198,1107,2025-05-13,2025-05-19,Hypertension,310,R460
2199,1107,2025-03-24,2025-04-02,Hypertension,321,R229
2200,1107,2026-03-02,2026-03-12,Hypertension,314,R377
2201,1108,2026-02-14,2026-02-19,Diabetes Complication,315,R307
2202,1108,2025-09-22,2025-09-30,Diabetes Complication,328,R426
2203,1109,2025-03-30,2025-04-05,Respiratory Infection,306,R204
2204,1110,2026-01-10,2026-01-12,Pneumonia,322,R454
2205,1110,2025-10-22,2025-10-31,Pneumonia,322,R477
2206,1111,2026-01-19,2026-01-21,Asthma Attack,306,R107
2207,1112,2026-01-17,2026-01-21,Chest Pain,303,R201
2208,1113,2025-12-19,2025-12-28,Respiratory Infection,302,R268
2209,1114,2025-08-27,2025-09-06,Pneumonia,306,R210
2210,1114,2025-11-24,2025-12-01,Pneumonia,339,R152
2211,1115,2025-10-04,2025-10-11,Diabetes Complication,312,R174
2212,1116,2025-04-25,2025-05-05,Hypertension,310,R476
2213,1116,2025-06-12,2025-06-18,Hypertension,310,R388
2214,1117,2025-07-29,2025-08-07,Respiratory Infection,306,R209
2215,1118,2026-03-07,2026-03-14,Respiratory Infection,322,R376
2216,1119,2025-05-14,2025-05-23,Respiratory Infection,339,R488
2217,1120,2025-12-30,2026-01-05,Hypertension,310,R450
2218,1120,2025-09-21,2025-09-27,Hypertension,307,R497
2219,1120,2025-10-28,2025-10-30,Hypertension,310,R346
2220,1121,2025-12-02,2025-12-10,Heart Failure,324,R302
2221,1121,2025-07-22,2025-07-24,Chest Pain,313,R168
2222,1122,2025-12-10,2025-12-16,Respiratory Infection,325,R496
2223,1122,2025-08-24,2025-08-30,Respiratory Infection,302,R287
2224,1122,2025-08-02,2025-08-08,Respiratory Infection,301,R158
2225,1123,2025-06-17,2025-06-22,Hypertension,307,R416
2226,1123,2026-02-09,2026-02-17,Chest Pain,303,R171
2227,1124,2025-06-01,2025-06-08,Heart Failure,329,R140
2228,1125,2025-12-27,2026-01-01,Diabetes Complication,315,R361
2229,1125,2025-03-17,2025-03-25,Heart Failure,332,R373
2230,1126,2026-02-07,2026-02-09,Heart Failure,313,R485
2231,1127,2025-11-27,2025-12-05,Respiratory Infection,339,R106
2232,1127,2025-04-07,2025-04-13,Respiratory Infection,337,R380
2233,1127,2026-02-09,2026-02-12,Respiratory Infection,325,R338
2234,1128,2025-09-03,2025-09-11,Diabetes Complication,328,R279
2235,1128,2025-05-06,2025-05-08,Diabetes Complication,318,R310
2236,1128,2026-03-06,2026-03-09,Diabetes Complication,315,R409
2237,1129,2025-10-21,2025-10-29,Heart Failure,333,R345
2238,1130,2026-01-07,2026-01-11,Asthma Attack,316,R309
2239,1130,2025-09-06,2025-09-15,Respiratory Infection,325,R207
2240,1131,2025-04-15,2025-04-23,Heart Failure,324,R302
2241,1131,2026-02-13,2026-02-19,Diabetes Complication,328,R288
2242,1132,2025-10-13,2025-10-16,Chest Pain,313,R449
2243,1132,2025-06-28,2025-07-03,Heart Failure,311,R330
2244,1132,2025-08-22,2025-08-26,Heart Failure,309,R383
2245,1133,2025-04-01,2025-04-08,Chest Pain,303,R453
2246,1134,2025-06-24,2025-07-03,Pneumonia,302,R390
2247,1134,2025-05-13,2025-05-22,Respiratory Infection,322,R178
2248,1135,2026-01-07,2026-01-15,Pneumonia,302,R161
2249,1136,2025-03-18,2025-03-21,Respiratory Infection,316,R389
2250,1136,2025-09-15,2025-09-22,Respiratory Infection,302,R490
2251,1136,2025-09-09,2025-09-15,Respiratory Infection,316,R421
2252,1137,2025-05-23,2025-05-31,Pneumonia,339,R172
2253,1137,2026-01-15,2026-01-19,Pneumonia,325,R363
2254,1138,2025-07-11,2025-07-18,Pneumonia,306,R481
2255,1138,2025-05-25,2025-06-04,Pneumonia,306,R378
2256,1138,2025-06-22,2025-06-26,Respiratory Infection,306,R401
2257,1139,2026-02-18,2026-02-25,Hypertension,307,R100
2258,1140,2025-12-23,2026-01-02,Diabetes Complication,318,R406
2259,1140,2025-12-10,2025-12-13,Heart Failure,303,R139
2260,1141,2025-05-22,2025-05-29,Hypertension,321,R270
2261,1141,2025-04-28,2025-05-02,Hypertension,310,R413
2262,1141,2025-09-07,2025-09-09,Hypertension,310,R311
2263,1142,2025-11-16,2025-11-22,Pneumonia,325,R117
2264,1142,2026-02-24,2026-02-27,Respiratory Infection,339,R203
2265,1142,2025-08-04,2025-08-09,Pneumonia,325,R236
2266,1143,2026-01-25,2026-01-27,Respiratory Infection,316,R458
2267,1143,2025-06-11,2025-06-14,Respiratory Infection,325,R387
2268,1144,2025-03-14,2025-03-16,Chest Pain,303,R451
2269,1144,2026-01-18,2026-01-25,Chest Pain,309,R370
2270,1145,2025-04-13,2025-04-21,Pneumonia,306,R199
2271,1145,2025-09-01,2025-09-05,Respiratory Infection,337,R134
2272,1146,2025-12-06,2025-12-08,Asthma Attack,339,R420
2273,1146,2025-11-15,2025-11-21,Asthma Attack,316,R344
2274,1147,2025-08-11,2025-08-16,Heart Failure,319,R300
2275,1147,2026-03-03,2026-03-13,Chest Pain,333,R339
2276,1147,2025-09-06,2025-09-13,Heart Failure,309,R280
2277,1148,2025-04-30,2025-05-08,Pneumonia,322,R114
2278,1148,2025-11-12,2025-11-18,Respiratory Infection,316,R275
2279,1149,2025-12-27,2026-01-02,Chest Pain,303,R478
2280,1149,2026-02-08,2026-02-10,Chest Pain,309,R468
2281,1149,2026-03-09,2026-03-19,Chest Pain,313,R308
2282,1150,2025-06-17,2025-06-24,Respiratory Infection,302,R123
2283,1150,2025-04-11,2025-04-17,Respiratory Infection,316,R333
2284,1151,2026-03-10,2026-03-14,Respiratory Infection,301,R205
2285,1151,2025-08-15,2025-08-21,Pneumonia,316,R476
2286,1152,2025-07-07,2025-07-10,Heart Failure,324,R455
2287,1153,2026-02-21,2026-02-28,Respiratory Infection,306,R340
2288,1153,2025-08-18,2025-08-25,Respiratory Infection,316,R182
2289,1153,2025-12-24,2025-12-26,Respiratory Infection,302,R304
2290,1154,2025-04-15,2025-04-24,Pneumonia,301,R405
2291,1154,2026-03-04,2026-03-11,Pneumonia,301,R357
2292,1155,2025-10-31,2025-11-09,Hypertension,314,R479
2293,1156,2025-06-28,2025-07-04,Pneumonia,337,R390
2294,1156,2025-06-05,2025-06-08,Pneumonia,325,R313
2295,1156,2026-01-31,2026-02-05,Respiratory Infection,337,R356
2296,1157,2025-07-07,2025-07-09,Hypertension,307,R191
2297,1157,2025-06-28,2025-07-03,Chest Pain,313,R103
2298,1157,2025-09-28,2025-10-03,Hypertension,307,R239
2299,1158,2025-04-13,2025-04-16,Hypertension,314,R339
2300,1158,2025-03-14,2025-03-24,Hypertension,321,R493
2301,1159,2025-04-17,2025-04-19,Chest Pain,332,R255
2302,1160,2026-02-18,2026-02-28,Respiratory Infection,302,R172
2303,1160,2025-04-15,2025-04-18,Asthma Attack,301,R437
2304,1160,2025-04-10,2025-04-18,Asthma Attack,301,R386
2305,1161,2025-06-26,2025-06-29,Respiratory Infection,302,R145
2306,1161,2025-09-29,2025-10-02,Pneumonia,301,R178
2307,1161,2025-05-06,2025-05-13,Respiratory Infection,302,R500
2308,1162,2025-11-11,2025-11-20,Pneumonia,316,R343
2309,1162,2026-01-14,2026-01-24,Respiratory Infection,337,R289
2310,1163,2025-06-26,2025-07-01,Hypertension,321,R492
2311,1163,2025-12-27,2026-01-01,Hypertension,310,R429
2312,1164,2025-05-18,2025-05-21,Heart Failure,309,R345
2313,1165,2026-01-07,2026-01-12,Chest Pain,311,R235
2314,1166,2025-09-20,2025-09-23,Chest Pain,303,R411
2315,1167,2025-06-19,2025-06-23,Heart Failure,303,R357
2316,1167,2025-09-23,2025-09-28,Heart Failure,311,R385
2317,1167,2025-09-11,2025-09-18,Diabetes Complication,317,R247
2318,1168,2025-07-13,2025-07-22,Respiratory Infection,322,R103
2319,1168,2025-10-21,2025-10-29,Respiratory Infection,339,R439
2320,1168,2026-01-26,2026-02-01,Asthma Attack,301,R437
2321,1169,2026-02-19,2026-02-28,Respiratory Infection,325,R385
2322,1169,2026-02-15,2026-02-24,Respiratory Infection,337,R457
2323,1169,2025-06-20,2025-06-27,Pneumonia,302,R405
2324,1170,2026-02-03,2026-02-05,Diabetes Complication,315,R140
2325,1170,2025-04-07,2025-04-11,Diabetes Complication,312,R160
2326,1171,2025-12-29,2026-01-01,Respiratory Infection,337,R387
2327,1172,2026-03-04,2026-03-09,Pneumonia,325,R418
2328,1173,2025-11-29,2025-12-03,Respiratory Infection,337,R323
2329,1173,2025-03-21,2025-03-26,Respiratory Infection,337,R280
2330,1174,2025-08-25,2025-09-02,Heart Failure,309,R255
2331,1174,2025-11-22,2025-12-02,Heart Failure,333,R193
2332,1175,2025-10-30,2025-11-03,Diabetes Complication,318,R192
2333,1175,2025-09-03,2025-09-13,Heart Failure,320,R368
2334,1176,2025-09-17,2025-09-27,Hypertension,321,R358
2335,1176,2025-12-11,2025-12-16,Hypertension,307,R431
2336,1177,2026-03-02,2026-03-10,Respiratory Infection,301,R499
2337,1178,2025-07-16,2025-07-23,Respiratory Infection,339,R126
2338,1178,2025-12-15,2025-12-22,Respiratory Infection,339,R142
2339,1179,2025-10-17,2025-10-23,Hypertension,310,R168
2340,1179,2025-08-29,2025-09-08,Hypertension,310,R186
2341,1179,2026-02-11,2026-02-20,Hypertension,310,R270
2342,1180,2025-04-09,2025-04-18,Asthma Attack,339,R383
2343,1180,2025-08-17,2025-08-26,Respiratory Infection,306,R119
2344,1181,2025-06-26,2025-07-02,Hypertension,307,R463
2345,1182,2025-09-28,2025-10-05,Chest Pain,329,R493
2346,1183,2025-05-15,2025-05-17,Pneumonia,337,R256
2347,1183,2025-06-10,2025-06-12,Respiratory Infection,325,R258
2348,1183,2025-04-27,2025-05-06,Pneumonia,325,R233
2349,1184,2025-12-14,2025-12-22,Respiratory Infection,322,R499
2350,1184,2025-04-07,2025-04-11,Respiratory Infection,302,R448
2351,1184,2025-06-03,2025-06-12,Asthma Attack,325,R309
2352,1185,2025-11-11,2025-11-21,Respiratory Infection,339,R486
2353,1186,2025-04-02,2025-04-04,Hypertension,307,R154
2354,1186,2025-04-28,2025-05-07,Hypertension,321,R466
2355,1187,2025-07-15,2025-07-20,Chest Pain,303,R175
2356,1187,2026-01-20,2026-01-24,Chest Pain,324,R127
2357,1187,2025-07-21,2025-07-25,Heart Failure,333,R182
2358,1188,2025-12-04,2025-12-07,Heart Failure,303,R414
2359,1189,2025-10-05,2025-10-14,Heart Failure,319,R483
2360,1189,2025-04-03,2025-04-12,Diabetes Complication,312,R113
2361,1190,2025-10-19,2025-10-22,Pneumonia,306,R121
2362,1191,2025-05-25,2025-05-27,Hypertension,307,R408
2363,1191,2025-09-30,2025-10-07,Hypertension,321,R161
2364,1192,2025-07-10,2025-07-13,Pneumonia,339,R208
2365,1193,2025-12-08,2025-12-17,Pneumonia,301,R242
2366,1193,2025-06-07,2025-06-16,Pneumonia,306,R177
2367,1194,2025-04-25,2025-04-29,Respiratory Infection,339,R190
2368,1194,2026-03-08,2026-03-10,Respiratory Infection,325,R269
2369,1194,2025-10-28,2025-11-05,Respiratory Infection,316,R123
2370,1195,2025-11-03,2025-11-13,Hypertension,321,R359
2371,1195,2026-01-22,2026-01-25,Chest Pain,313,R105
2372,1196,2025-07-05,2025-07-15,Asthma Attack,339,R417
2373,1196,2025-11-13,2025-11-15,Asthma Attack,306,R447
2374,1197,2025-06-05,2025-06-10,Diabetes Complication,317,R191
2375,1197,2026-03-11,2026-03-17,Heart Failure,332,R268
2376,1198,2025-12-07,2025-12-10,Chest Pain,340,R130
2377,1198,2025-08-05,2025-08-13,Chest Pain,320,R344
2378,1198,2025-04-06,2025-04-16,Chest Pain,324,R217
2379,1199,2025-05-26,2025-05-30,Respiratory Infection,322,R130
2380,1200,2025-12-10,2025-12-20,Asthma Attack,302,R351
2381,1201,2025-07-11,2025-07-18,Hypertension,314,R108
2382,1201,2025-05-18,2025-05-27,Hypertension,307,R117
2383,1202,2025-03-29,2025-04-03,Respiratory Infection,306,R481
2384,1202,2025-11-18,2025-11-28,Asthma Attack,301,R425
2385,1202,2025-09-10,2025-09-17,Asthma Attack,325,R158
2386,1203,2026-02-03,2026-02-12,Hypertension,307,R467
2387,1204,2026-01-05,2026-01-10,Diabetes Complication,328,R151
2388,1204,2025-05-03,2025-05-05,Diabetes Complication,315,R345
2389,1204,2025-07-12,2025-07-17,Diabetes Complication,315,R194
2390,1205,2025-11-15,2025-11-19,Heart Failure,303,R106
2391,1206,2025-06-21,2025-06-23,Chest Pain,333,R264
2392,1207,2025-10-04,2025-10-06,Heart Failure,319,R499
2393,1208,2026-02-07,2026-02-14,Hypertension,314,R254
2394,1208,2025-07-07,2025-07-10,Hypertension,307,R277
2395,1208,2025-08-17,2025-08-27,Hypertension,310,R271
2396,1209,2026-01-19,2026-01-29,Respiratory Infection,306,R291
2397,1209,2026-01-24,2026-01-29,Pneumonia,302,R345
2398,1209,2025-05-05,2025-05-10,Respiratory Infection,322,R260
2399,1210,2025-05-29,2025-06-03,Diabetes Complication,312,R253
2400,1210,2025-04-30,2025-05-04,Heart Failure,329,R417
2401,1211,2025-10-05,2025-10-11,Asthma Attack,301,R178
2402,1212,2025-06-12,2025-06-15,Chest Pain,309,R183
2403,1212,2026-01-14,2026-01-21,Chest Pain,309,R431
2404,1213,2025-07-28,2025-07-30,Pneumonia,301,R258
2405,1213,2025-08-03,2025-08-06,Respiratory Infection,302,R374
2406,1213,2025-12-23,2025-12-25,Pneumonia,301,R150
2407,1214,2025-06-08,2025-06-16,Respiratory Infection,301,R190
2408,1214,2025-11-22,2025-11-26,Pneumonia,306,R348
2409,1215,2026-03-04,2026-03-07,Hypertension,321,R344
2410,1215,2026-01-07,2026-01-13,Hypertension,321,R428
2411,1216,2025-11-12,2025-11-17,Pneumonia,306,R244
2412,1216,2025-05-12,2025-05-17,Respiratory Infection,322,R306
2413,1217,2025-06-21,2025-06-28,Hypertension,314,R350
2414,1218,2025-12-27,2026-01-01,Hypertension,307,R308
2415,1218,2025-07-22,2025-07-28,Hypertension,321,R304
2416,1218,2025-09-21,2025-09-28,Hypertension,321,R431
2417,1219,2025-08-05,2025-08-14,Hypertension,314,R469
2418,1219,2025-03-19,2025-03-21,Hypertension,321,R493
2419,1220,2025-09-16,2025-09-19,Pneumonia,301,R177
2420,1220,2025-11-25,2025-12-02,Respiratory Infection,322,R493
2421,1221,2025-08-31,2025-09-10,Heart Failure,303,R267
2422,1221,2025-04-30,2025-05-04,Heart Failure,313,R117
2423,1222,2025-12-02,2025-12-05,Heart Failure,324,R371
2424,1222,2026-02-07,2026-02-10,Heart Failure,311,R387
2425,1222,2025-05-24,2025-05-29,Heart Failure,320,R199
2426,1223,2025-05-09,2025-05-19,Respiratory Infection,325,R320
2427,1223,2025-07-31,2025-08-03,Pneumonia,316,R199
2428,1224,2025-11-20,2025-11-29,Chest Pain,329,R341
2429,1224,2025-06-10,2025-06-19,Hypertension,310,R136
2430,1225,2026-02-15,2026-02-24,Respiratory Infection,325,R437
2431,1225,2026-03-01,2026-03-07,Pneumonia,302,R196
2432,1225,2025-12-27,2026-01-06,Pneumonia,316,R187
2433,1226,2026-01-04,2026-01-07,Hypertension,307,R347
2434,1227,2025-12-03,2025-12-12,Chest Pain,320,R318
2435,1227,2025-04-06,2025-04-08,Heart Failure,333,R187
2436,1228,2025-10-19,2025-10-23,Hypertension,310,R408
2437,1229,2025-10-23,2025-10-29,Chest Pain,313,R314
2438,1229,2025-08-24,2025-09-03,Hypertension,307,R314
2439,1230,2025-05-30,2025-06-02,Chest Pain,313,R357
2440,1231,2025-07-28,2025-08-01,Asthma Attack,339,R431
2441,1231,2025-11-23,2025-11-30,Asthma Attack,339,R319
2442,1232,2025-06-06,2025-06-16,Heart Failure,320,R416
2443,1233,2026-01-22,2026-01-26,Hypertension,307,R173
2444,1234,2026-01-31,2026-02-03,Heart Failure,324,R206
2445,1234,2026-03-04,2026-03-14,Heart Failure,319,R395
2446,1235,2025-07-31,2025-08-09,Hypertension,307,R391
2447,1235,2025-10-25,2025-10-27,Hypertension,310,R363
2448,1236,2025-09-02,2025-09-06,Heart Failure,329,R443
2449,1237,2025-06-22,2025-06-29,Respiratory Infection,306,R129
2450,1238,2025-10-04,2025-10-11,Respiratory Infection,337,R443
2451,1238,2025-09-28,2025-10-08,Respiratory Infection,337,R204
2452,1238,2026-02-09,2026-02-11,Respiratory Infection,301,R472
2453,1239,2026-02-27,2026-03-01,Pneumonia,301,R325
2454,1239,2025-03-12,2025-03-14,Respiratory Infection,306,R434
2455,1239,2025-04-23,2025-04-25,Pneumonia,337,R375
2456,1240,2025-07-06,2025-07-12,Diabetes Complication,328,R387
2457,1241,2025-10-10,2025-10-13,Hypertension,321,R406
2458,1241,2025-05-11,2025-05-16,Hypertension,307,R173
2459,1242,2025-12-05,2025-12-10,Hypertension,310,R364
2460,1242,2025-09-29,2025-10-02,Hypertension,314,R266
2461,1242,2026-01-28,2026-02-06,Hypertension,321,R165
2462,1243,2026-02-14,2026-02-22,Hypertension,307,R377
2463,1243,2025-05-22,2025-05-28,Chest Pain,319,R350
2464,1244,2025-11-07,2025-11-12,Heart Failure,329,R404
2465,1244,2025-12-09,2025-12-18,Chest Pain,340,R254
2466,1245,2026-02-24,2026-03-04,Respiratory Infection,306,R285
2467,1245,2025-06-05,2025-06-12,Asthma Attack,301,R343
2468,1245,2025-04-20,2025-04-24,Asthma Attack,337,R392
2469,1246,2026-01-19,2026-01-21,Asthma Attack,339,R407
2470,1246,2025-08-20,2025-08-24,Respiratory Infection,306,R392
2471,1247,2025-04-27,2025-04-30,Chest Pain,303,R421
2472,1247,2025-08-31,2025-09-08,Hypertension,321,R147
2473,1248,2025-11-11,2025-11-21,Chest Pain,309,R276
2474,1248,2025-08-23,2025-09-02,Hypertension,307,R250
2475,1248,2025-12-25,2025-12-28,Chest Pain,313,R371
2476,1249,2025-07-21,2025-07-27,Respiratory Infection,339,R122
2477,1249,2025-11-28,2025-12-07,Respiratory Infection,337,R318
2478,1249,2025-06-23,2025-06-29,Respiratory Infection,325,R356
2479,1250,2025-11-03,2025-11-12,Pneumonia,301,R152
2480,1251,2025-09-15,2025-09-20,Chest Pain,329,R131
2481,1252,2025-03-12,2025-03-21,Asthma Attack,325,R359
2482,1253,2025-07-16,2025-07-25,Diabetes Complication,318,R430
2483,1253,2025-10-30,2025-11-09,Diabetes Complication,317,R439
2484,1254,2025-10-10,2025-10-17,Respiratory Infection,322,R306
2485,1255,2026-01-02,2026-01-09,Hypertension,310,R417
2486,1256,2026-02-11,2026-02-21,Hypertension,321,R131
2487,1256,2026-01-14,2026-01-16,Hypertension,307,R261
2488,1257,2025-12-26,2025-12-31,Respiratory Infection,301,R447
2489,1257,2025-03-24,2025-03-27,Asthma Attack,339,R282
2490,1258,2025-05-02,2025-05-05,Hypertension,310,R458
2491,1258,2025-06-29,2025-07-06,Hypertension,307,R176
2492,1258,2025-04-14,2025-04-19,Hypertension,314,R206
2493,1259,2026-02-27,2026-03-04,Respiratory Infection,337,R406
2494,1260,2025-08-14,2025-08-21,Hypertension,321,R215
2495,1260,2025-09-01,2025-09-03,Hypertension,307,R316
2496,1261,2025-08-19,2025-08-25,Pneumonia,322,R389
2497,1262,2025-11-14,2025-11-24,Asthma Attack,302,R428
2498,1262,2025-07-07,2025-07-17,Respiratory Infection,306,R301
2499,1263,2026-02-02,2026-02-04,Hypertension,310,R377
2500,1264,2025-11-10,2025-11-18,Pneumonia,337,R158
2501,1264,2025-09-16,2025-09-24,Respiratory Infection,322,R314
2502,1265,2025-10-26,2025-11-01,Chest Pain,329,R305
2503,1266,2025-05-12,2025-05-15,Chest Pain,313,R252
2504,1267,2025-05-02,2025-05-09,Respiratory Infection,316,R184
2505,1267,2025-06-17,2025-06-22,Pneumonia,337,R354
2506,1268,2025-07-30,2025-08-06,Hypertension,321,R279
2507,1269,2025-09-14,2025-09-21,Diabetes Complication,317,R369
2508,1269,2025-10-20,2025-10-25,Heart Failure,303,R461
2509,1269,2025-07-12,2025-07-18,Heart Failure,320,R115
2510,1270,2026-01-10,2026-01-14,Chest Pain,340,R206
2511,1270,2025-09-19,2025-09-26,Heart Failure,320,R430
2512,1270,2026-02-09,2026-02-11,Heart Failure,309,R128
2513,1271,2025-12-01,2025-12-05,Asthma Attack,302,R450
2514,1271,2025-11-20,2025-11-24,Respiratory Infection,306,R359
2515,1272,2026-01-20,2026-01-30,Hypertension,321,R416
2516,1273,2025-03-19,2025-03-24,Heart Failure,311,R403
2517,1273,2026-01-11,2026-01-18,Chest Pain,324,R365
2518,1273,2025-09-20,2025-09-23,Chest Pain,333,R430
2519,1274,2025-06-07,2025-06-09,Asthma Attack,325,R257
2520,1274,2026-02-16,2026-02-19,Asthma Attack,339,R462
2521,1275,2026-03-02,2026-03-07,Pneumonia,302,R262
2522,1275,2025-07-14,2025-07-24,Pneumonia,322,R122
2523,1276,2025-10-30,2025-11-07,Chest Pain,320,R269
2524,1276,2025-05-29,2025-06-07,Chest Pain,324,R150
2525,1276,2026-02-14,2026-02-23,Chest Pain,313,R409
2526,1277,2026-01-03,2026-01-12,Hypertension,321,R197
2527,1277,2026-01-24,2026-02-01,Chest Pain,329,R357
2528,1278,2025-11-26,2025-11-28,Hypertension,314,R317
2529,1278,2025-08-19,2025-08-21,Hypertension,307,R339
2530,1278,2025-10-19,2025-10-22,Hypertension,314,R108
2531,1279,2025-11-04,2025-11-06,Diabetes Complication,328,R244
2532,1280,2025-07-09,2025-07-11,Hypertension,307,R152
2533,1280,2025-03-12,2025-03-15,Hypertension,310,R363
2534,1280,2025-12-05,2025-12-08,Hypertension,321,R155
2535,1281,2026-01-13,2026-01-22,Heart Failure,329,R217
2536,1281,2025-12-31,2026-01-05,Chest Pain,309,R364
2537,1281,2025-04-25,2025-04-28,Chest Pain,319,R334
2538,1282,2025-12-17,2025-12-23,Hypertension,321,R136
2539,1283,2025-10-06,2025-10-14,Hypertension,310,R389
2540,1284,2025-07-28,2025-08-01,Hypertension,321,R410
2541,1284,2025-09-19,2025-09-25,Hypertension,321,R197
2542,1284,2025-10-27,2025-10-29,Hypertension,307,R248
2543,1285,2025-04-18,2025-04-24,Pneumonia,322,R174
2544,1285,2025-10-14,2025-10-16,Respiratory Infection,306,R211
2545,1286,2025-05-15,2025-05-21,Pneumonia,301,R280
2546,1286,2025-06-24,2025-06-28,Respiratory Infection,316,R137
2547,1286,2025-07-14,2025-07-21,Pneumonia,322,R141
2548,1287,2025-04-24,2025-04-29,Respiratory Infection,306,R316
2549,1288,2025-03-29,2025-04-02,Diabetes Complication,318,R443
2550,1288,2025-12-21,2025-12-24,Diabetes Complication,312,R500
2551,1289,2025-03-23,2025-03-27,Respiratory Infection,306,R140
2552,1290,2025-07-02,2025-07-05,Respiratory Infection,302,R197
2553,1290,2025-11-22,2025-12-02,Pneumonia,337,R201
2554,1290,2025-03-11,2025-03-15,Respiratory Infection,301,R175
2555,1291,2026-02-10,2026-02-20,Pneumonia,339,R458
2556,1292,2025-04-22,2025-04-30,Heart Failure,329,R365
2557,1293,2026-02-11,2026-02-17,Respiratory Infection,316,R162
2558,1293,2026-03-03,2026-03-12,Asthma Attack,322,R270
2559,1294,2025-09-27,2025-10-04,Hypertension,307,R285
2560,1294,2026-02-02,2026-02-11,Chest Pain,311,R336
2561,1295,2025-04-17,2025-04-26,Heart Failure,324,R162
2562,1296,2026-03-05,2026-03-08,Hypertension,321,R215
2563,1297,2025-03-23,2025-03-31,Chest Pain,313,R305
2564,1298,2025-05-07,2025-05-16,Respiratory Infection,322,R404
2565,1298,2025-03-26,2025-03-28,Respiratory Infection,325,R308
2566,1299,2025-07-22,2025-07-31,Hypertension,321,R263
2567,1300,2025-05-06,2025-05-16,Asthma Attack,325,R380
2568,1300,2025-11-02,2025-11-09,Respiratory Infection,337,R100
2569,1301,2025-09-08,2025-09-13,Chest Pain,320,R461
2570,1301,2025-09-19,2025-09-27,Heart Failure,340,R261
2571,1302,2025-12-26,2026-01-03,Hypertension,321,R141
2572,1302,2025-06-17,2025-06-24,Hypertension,310,R134
2573,1303,2025-06-08,2025-06-18,Chest Pain,340,R293
2574,1303,2025-10-11,2025-10-21,Chest Pain,313,R496
2575,1304,2026-01-28,2026-02-04,Respiratory Infection,302,R346
2576,1304,2025-06-28,2025-07-03,Pneumonia,337,R413
2577,1305,2025-10-21,2025-10-31,Heart Failure,332,R316
2578,1305,2025-04-30,2025-05-05,Heart Failure,333,R203
2579,1305,2025-10-06,2025-10-09,Chest Pain,320,R494
2580,1306,2025-09-01,2025-09-10,Pneumonia,337,R370
2581,1306,2025-03-20,2025-03-28,Respiratory Infection,316,R217
2582,1306,2026-01-14,2026-01-19,Pneumonia,301,R358
2583,1307,2025-10-07,2025-10-17,Chest Pain,313,R346
2584,1308,2025-09-23,2025-09-25,Respiratory Infection,316,R473
2585,1309,2025-06-25,2025-06-30,Chest Pain,324,R191
2586,1309,2025-11-04,2025-11-11,Heart Failure,309,R157
2587,1310,2025-09-24,2025-09-26,Hypertension,310,R293
2588,1310,2025-11-21,2025-11-24,Hypertension,310,R223
2589,1310,2025-10-05,2025-10-10,Hypertension,321,R102
2590,1311,2025-06-21,2025-07-01,Respiratory Infection,316,R124
2591,1311,2026-01-24,2026-02-03,Asthma Attack,306,R122
2592,1312,2026-01-17,2026-01-21,Hypertension,314,R365
2593,1313,2026-03-03,2026-03-05,Pneumonia,301,R495
2594,1313,2025-09-01,2025-09-09,Pneumonia,316,R403
2595,1313,2025-07-14,2025-07-23,Respiratory Infection,302,R466
2596,1314,2025-06-22,2025-06-27,Diabetes Complication,318,R108
2597,1315,2025-06-09,2025-06-15,Respiratory Infection,302,R156
2598,1315,2025-06-07,2025-06-11,Respiratory Infection,325,R163
2599,1316,2025-07-09,2025-07-18,Respiratory Infection,306,R265
2600,1317,2026-02-07,2026-02-11,Diabetes Complication,318,R144
2601,1317,2025-03-23,2025-03-31,Diabetes Complication,317,R424
2602,1318,2025-11-07,2025-11-10,Chest Pain,329,R451
2603,1319,2025-09-07,2025-09-16,Chest Pain,333,R424
2604,1319,2025-11-06,2025-11-13,Chest Pain,303,R152
2605,1320,2025-07-04,2025-07-07,Pneumonia,306,R128
2606,1321,2025-12-30,2026-01-07,Respiratory Infection,302,R389
2607,1321,2025-03-19,2025-03-26,Respiratory Infection,306,R491
2608,1322,2025-10-04,2025-10-11,Diabetes Complication,317,R297
2609,1322,2025-12-26,2025-12-28,Heart Failure,332,R424
2610,1322,2025-08-06,2025-08-09,Diabetes Complication,317,R198
2611,1323,2025-10-20,2025-10-26,Pneumonia,306,R349
2612,1323,2025-09-22,2025-09-24,Pneumonia,306,R329
2613,1323,2025-05-17,2025-05-26,Respiratory Infection,325,R195
2614,1324,2025-11-18,2025-11-22,Hypertension,321,R277
2615,1325,2025-05-04,2025-05-08,Chest Pain,332,R386
2616,1325,2026-02-10,2026-02-19,Chest Pain,329,R482
2617,1325,2026-03-11,2026-03-15,Heart Failure,340,R190
2618,1326,2025-09-10,2025-09-12,Asthma Attack,337,R152
2619,1326,2025-10-03,2025-10-05,Asthma Attack,339,R113
2620,1327,2025-09-16,2025-09-26,Chest Pain,329,R418
2621,1327,2026-01-18,2026-01-23,Chest Pain,333,R469
2622,1327,2025-03-28,2025-04-01,Chest Pain,333,R343
2623,1328,2025-07-12,2025-07-22,Respiratory Infection,301,R405
2624,1328,2025-08-17,2025-08-22,Respiratory Infection,306,R470
2625,1328,2025-05-10,2025-05-17,Respiratory Infection,337,R361
2626,1329,2025-10-10,2025-10-12,Hypertension,321,R479
2627,1330,2026-02-07,2026-02-10,Chest Pain,333,R347
2628,1331,2025-06-20,2025-06-29,Diabetes Complication,312,R427
2629,1331,2025-10-01,2025-10-11,Heart Failure,313,R229
2630,1331,2025-04-14,2025-04-23,Heart Failure,309,R256
2631,1332,2026-01-08,2026-01-15,Pneumonia,325,R336
2632,1333,2025-03-17,2025-03-19,Diabetes Complication,317,R267
2633,1334,2026-01-20,2026-01-26,Diabetes Complication,328,R390
2634,1334,2025-04-09,2025-04-12,Heart Failure,340,R337
2635,1334,2026-01-16,2026-01-21,Diabetes Complication,312,R364
2636,1335,2025-04-08,2025-04-12,Diabetes Complication,312,R411
2637,1336,2025-07-31,2025-08-10,Respiratory Infection,301,R302
2638,1336,2025-06-24,2025-07-02,Respiratory Infection,337,R232
2639,1337,2025-03-15,2025-03-19,Pneumonia,301,R452
2640,1337,2025-04-15,2025-04-23,Respiratory Infection,322,R455
2641,1337,2025-05-02,2025-05-10,Respiratory Infection,339,R441
2642,1338,2025-06-02,2025-06-09,Diabetes Complication,315,R414
2643,1338,2026-01-16,2026-01-25,Diabetes Complication,312,R428
2644,1338,2025-06-11,2025-06-20,Heart Failure,311,R375
2645,1339,2026-01-27,2026-01-29,Respiratory Infection,306,R422
2646,1340,2026-01-17,2026-01-24,Heart Failure,333,R487
2647,1341,2025-08-28,2025-08-30,Respiratory Infection,301,R442
2648,1341,2025-07-19,2025-07-21,Pneumonia,302,R452
2649,1341,2025-09-09,2025-09-16,Pneumonia,301,R442
2650,1342,2026-01-31,2026-02-06,Respiratory Infection,316,R197
2651,1343,2025-04-22,2025-04-25,Respiratory Infection,316,R398
2652,1344,2025-08-23,2025-08-27,Respiratory Infection,306,R442
2653,1345,2025-08-19,2025-08-25,Chest Pain,311,R432
2654,1345,2025-09-16,2025-09-26,Chest Pain,319,R191
2655,1346,2026-01-12,2026-01-20,Respiratory Infection,302,R195
2656,1347,2026-02-06,2026-02-14,Asthma Attack,301,R190
2657,1348,2025-08-14,2025-08-18,Asthma Attack,339,R288
2658,1348,2025-09-27,2025-09-30,Respiratory Infection,339,R212
2659,1349,2025-10-07,2025-10-09,Pneumonia,337,R239
2660,1349,2026-02-07,2026-02-11,Pneumonia,339,R302
2661,1350,2025-03-11,2025-03-21,Respiratory Infection,322,R383
2662,1350,2025-11-12,2025-11-19,Pneumonia,322,R217
2663,1350,2025-05-06,2025-05-10,Pneumonia,302,R345
2664,1351,2025-07-04,2025-07-09,Diabetes Complication,317,R303
2665,1351,2025-11-28,2025-12-02,Diabetes Complication,317,R253
2666,1352,2026-01-05,2026-01-10,Chest Pain,320,R452
2667,1352,2025-06-15,2025-06-19,Hypertension,310,R306
2668,1352,2025-07-24,2025-07-30,Chest Pain,309,R320
2669,1353,2025-05-20,2025-05-24,Chest Pain,320,R336
2670,1353,2025-10-10,2025-10-20,Heart Failure,324,R388
2671,1354,2025-03-19,2025-03-22,Respiratory Infection,301,R211
2672,1355,2025-11-18,2025-11-25,Heart Failure,324,R354
2673,1355,2025-08-14,2025-08-18,Diabetes Complication,317,R229
2674,1355,2025-11-22,2025-11-27,Diabetes Complication,328,R151
2675,1356,2025-08-30,2025-09-04,Chest Pain,309,R292
2676,1356,2026-03-02,2026-03-04,Hypertension,307,R313
2677,1356,2025-09-04,2025-09-08,Hypertension,314,R232
2678,1357,2025-07-17,2025-07-21,Hypertension,310,R379
2679,1357,2025-12-24,2026-01-03,Hypertension,310,R406
2680,1358,2025-07-11,2025-07-17,Hypertension,310,R117
2681,1358,2025-05-01,2025-05-05,Hypertension,310,R155
2682,1358,2025-05-24,2025-05-26,Hypertension,310,R463
2683,1359,2025-12-18,2025-12-28,Heart Failure,320,R173
2684,1360,2026-01-06,2026-01-13,Hypertension,310,R160
2685,1361,2025-04-06,2025-04-12,Hypertension,310,R457
2686,1361,2025-08-27,2025-08-29,Hypertension,307,R434
2687,1361,2025-12-06,2025-12-15,Hypertension,310,R209
2688,1362,2025-10-10,2025-10-15,Heart Failure,311,R147
2689,1363,2025-08-17,2025-08-25,Respiratory Infection,306,R255
2690,1363,2025-05-10,2025-05-12,Respiratory Infection,306,R351
2691,1364,2025-09-28,2025-10-02,Hypertension,321,R414
2692,1364,2025-11-06,2025-11-09,Hypertension,307,R190
2693,1365,2025-07-06,2025-07-09,Diabetes Complication,318,R443
2694,1366,2025-09-14,2025-09-20,Heart Failure,329,R401
2695,1366,2025-03-26,2025-03-29,Heart Failure,309,R466
2696,1366,2025-06-05,2025-06-15,Heart Failure,303,R236
2697,1367,2025-07-12,2025-07-15,Heart Failure,319,R273
2698,1367,2025-03-20,2025-03-27,Heart Failure,311,R113
2699,1368,2025-11-10,2025-11-12,Heart Failure,333,R292
2700,1368,2025-08-02,2025-08-07,Heart Failure,333,R194
2701,1368,2025-05-29,2025-06-04,Heart Failure,320,R107
2702,1369,2025-11-12,2025-11-17,Hypertension,321,R153
2703,1370,2025-06-07,2025-06-10,Pneumonia,337,R344
2704,1371,2025-06-08,2025-06-15,Heart Failure,332,R223
2705,1371,2025-06-25,2025-07-03,Heart Failure,320,R449
2706,1371,2025-04-19,2025-04-23,Diabetes Complication,317,R169
2707,1372,2025-09-15,2025-09-22,Respiratory Infection,306,R430
2708,1373,2025-11-07,2025-11-17,Heart Failure,340,R126
2709,1373,2025-05-25,2025-06-03,Chest Pain,324,R190
2710,1373,2025-05-14,2025-05-22,Chest Pain,329,R178
2711,1374,2025-04-13,2025-04-21,Hypertension,307,R217
2712,1375,2026-01-03,2026-01-10,Pneumonia,302,R495
2713,1376,2025-07-26,2025-07-28,Respiratory Infection,301,R371
2714,1376,2026-02-19,2026-02-23,Respiratory Infection,306,R185
2715,1376,2025-11-07,2025-11-14,Respiratory Infection,337,R345
2716,1377,2025-09-11,2025-09-17,Asthma Attack,316,R364
2717,1378,2025-03-15,2025-03-22,Pneumonia,337,R493
2718,1379,2025-09-07,2025-09-09,Hypertension,307,R119
2719,1379,2025-04-22,2025-04-24,Hypertension,310,R110
2720,1379,2025-12-12,2025-12-20,Hypertension,310,R331
2721,1380,2025-11-05,2025-11-15,Hypertension,307,R313
2722,1380,2025-04-16,2025-04-25,Hypertension,307,R258
2723,1380,2026-03-08,2026-03-17,Hypertension,314,R162
2724,1381,2025-04-11,2025-04-14,Respiratory Infection,316,R154
2725,1381,2025-03-20,2025-03-27,Respiratory Infection,337,R308
2726,1381,2025-04-02,2025-04-12,Pneumonia,306,R142
2727,1382,2025-09-10,2025-09-14,Pneumonia,306,R162
2728,1383,2025-09-16,2025-09-26,Respiratory Infection,337,R465
2729,1384,2026-02-27,2026-03-08,Pneumonia,339,R442
2730,1385,2025-03-13,2025-03-23,Asthma Attack,316,R125
2731,1385,2025-03-31,2025-04-06,Respiratory Infection,301,R374
2732,1386,2025-05-08,2025-05-14,Chest Pain,333,R269
2733,1387,2025-11-28,2025-12-05,Pneumonia,316,R477
2734,1387,2026-02-09,2026-02-18,Respiratory Infection,302,R126
2735,1388,2025-05-12,2025-05-17,Chest Pain,340,R307
2736,1389,2025-10-26,2025-11-02,Pneumonia,322,R232
2737,1389,2025-10-27,2025-10-30,Pneumonia,301,R335
2738,1390,2025-10-15,2025-10-20,Respiratory Infection,325,R498
2739,1391,2025-04-26,2025-05-03,Hypertension,314,R356
2740,1391,2025-12-25,2026-01-02,Hypertension,307,R211
2741,1392,2026-01-16,2026-01-22,Diabetes Complication,312,R261
2742,1392,2025-12-14,2025-12-16,Heart Failure,313,R151
2743,1392,2025-11-23,2025-11-26,Heart Failure,324,R217
2744,1393,2025-04-12,2025-04-18,Pneumonia,306,R369
2745,1393,2025-12-01,2025-12-06,Respiratory Infection,301,R172
2746,1394,2025-09-02,2025-09-08,Pneumonia,301,R387
2747,1394,2025-04-03,2025-04-06,Respiratory Infection,337,R217
2748,1395,2025-09-22,2025-09-26,Respiratory Infection,301,R113
2749,1395,2025-09-13,2025-09-21,Pneumonia,301,R370
2750,1396,2025-04-16,2025-04-18,Pneumonia,322,R338
2751,1396,2025-09-12,2025-09-17,Respiratory Infection,322,R436
2752,1396,2026-01-22,2026-01-28,Respiratory Infection,339,R405
2753,1397,2025-05-02,2025-05-12,Hypertension,310,R257
2754,1397,2025-03-31,2025-04-09,Hypertension,321,R462
2755,1398,2025-05-24,2025-05-30,Respiratory Infection,325,R328
2756,1398,2025-05-22,2025-05-24,Pneumonia,325,R446
2757,1398,2026-01-26,2026-01-28,Respiratory Infection,301,R320
2758,1399,2025-07-05,2025-07-08,Respiratory Infection,301,R382
2759,1399,2025-03-18,2025-03-26,Pneumonia,339,R500
2760,1399,2025-12-06,2025-12-13,Pneumonia,316,R227
2761,1400,2025-06-25,2025-06-27,Pneumonia,337,R177
2762,1401,2025-11-12,2025-11-17,Respiratory Infection,301,R322
2763,1401,2025-12-11,2025-12-19,Respiratory Infection,337,R149
2764,1401,2025-04-17,2025-04-23,Respiratory Infection,325,R330
2765,1402,2026-02-23,2026-03-03,Chest Pain,324,R490
2766,1402,2025-08-31,2025-09-06,Heart Failure,309,R378
2767,1403,2025-04-16,2025-04-20,Chest Pain,332,R401
2768,1403,2025-05-20,2025-05-30,Chest Pain,313,R286
2769,1403,2025-09-08,2025-09-14,Chest Pain,332,R328
2770,1404,2025-10-17,2025-10-25,Chest Pain,309,R106
2771,1405,2025-07-16,2025-07-19,Heart Failure,319,R233
2772,1405,2025-11-12,2025-11-17,Heart Failure,324,R243
2773,1405,2025-07-20,2025-07-27,Heart Failure,313,R323
2774,1406,2025-12-15,2025-12-19,Asthma Attack,325,R416
2775,1407,2025-12-04,2025-12-10,Diabetes Complication,318,R304
2776,1407,2025-06-27,2025-07-07,Diabetes Complication,315,R329
2777,1407,2025-10-09,2025-10-19,Heart Failure,329,R234
2778,1408,2025-10-02,2025-10-10,Heart Failure,329,R133
2779,1408,2025-08-30,2025-09-07,Diabetes Complication,318,R199
2780,1408,2025-05-10,2025-05-18,Diabetes Complication,315,R188
2781,1409,2025-03-20,2025-03-29,Chest Pain,311,R348
2782,1409,2025-03-21,2025-03-26,Hypertension,314,R441
2783,1410,2025-12-15,2025-12-24,Hypertension,314,R120
2784,1410,2025-12-02,2025-12-11,Chest Pain,332,R215
2785,1411,2025-11-09,2025-11-13,Chest Pain,303,R371
2786,1412,2025-04-18,2025-04-24,Chest Pain,311,R201
2787,1413,2025-04-01,2025-04-09,Chest Pain,332,R307
2788,1413,2025-10-19,2025-10-26,Chest Pain,340,R359
2789,1414,2025-05-17,2025-05-24,Respiratory Infection,339,R339
2790,1415,2025-11-30,2025-12-05,Heart Failure,303,R208
2791,1416,2025-09-12,2025-09-22,Chest Pain,303,R127
2792,1416,2025-09-04,2025-09-09,Hypertension,310,R296
2793,1416,2025-09-08,2025-09-11,Chest Pain,329,R126
2794,1417,2025-10-03,2025-10-13,Chest Pain,333,R214
2795,1417,2025-09-25,2025-10-03,Chest Pain,319,R399
2796,1417,2025-05-20,2025-05-23,Heart Failure,303,R481
2797,1418,2025-05-18,2025-05-26,Respiratory Infection,316,R178
2798,1418,2025-12-01,2025-12-08,Asthma Attack,325,R159
2799,1418,2025-08-05,2025-08-10,Asthma Attack,302,R202
2800,1419,2025-11-29,2025-12-08,Chest Pain,340,R385
2801,1419,2025-10-28,2025-11-03,Heart Failure,319,R167
2802,1420,2025-04-24,2025-05-02,Hypertension,307,R118
2803,1420,2025-07-24,2025-08-03,Hypertension,321,R340
2804,1421,2025-04-15,2025-04-25,Hypertension,321,R339
2805,1422,2025-12-24,2025-12-29,Hypertension,307,R340
2806,1422,2025-08-31,2025-09-05,Hypertension,314,R307
2807,1423,2025-08-02,2025-08-04,Asthma Attack,306,R162
2808,1423,2025-11-06,2025-11-10,Respiratory Infection,325,R321
2809,1424,2025-09-29,2025-10-08,Chest Pain,329,R496
2810,1424,2025-11-03,2025-11-05,Chest Pain,333,R464
2811,1425,2026-01-02,2026-01-04,Pneumonia,325,R214
2812,1426,2026-01-15,2026-01-18,Chest Pain,313,R272
2813,1427,2025-03-19,2025-03-29,Diabetes Complication,312,R193
2814,1428,2025-07-28,2025-08-05,Heart Failure,320,R119
2815,1428,2026-02-17,2026-02-19,Heart Failure,313,R118
2816,1428,2025-05-12,2025-05-20,Diabetes Complication,318,R446
2817,1429,2025-08-05,2025-08-08,Diabetes Complication,318,R389
2818,1429,2026-03-01,2026-03-06,Diabetes Complication,318,R303
2819,1429,2025-09-04,2025-09-12,Diabetes Complication,312,R264
2820,1430,2025-06-23,2025-07-03,Respiratory Infection,302,R271
2821,1431,2026-02-23,2026-03-01,Chest Pain,309,R395
2822,1432,2025-10-22,2025-10-26,Heart Failure,320,R418
2823,1432,2025-05-10,2025-05-18,Chest Pain,329,R308
2824,1432,2025-11-08,2025-11-10,Chest Pain,309,R462
2825,1433,2026-02-13,2026-02-18,Asthma Attack,306,R480
2826,1433,2025-10-17,2025-10-24,Respiratory Infection,322,R169
2827,1434,2025-07-23,2025-07-27,Chest Pain,333,R104
2828,1434,2026-01-09,2026-01-19,Hypertension,314,R201
2829,1434,2026-02-27,2026-03-02,Hypertension,310,R217
2830,1435,2025-12-01,2025-12-11,Hypertension,310,R480
2831,1435,2025-06-17,2025-06-24,Hypertension,310,R298
2832,1436,2026-02-11,2026-02-21,Asthma Attack,322,R377
2833,1436,2025-07-09,2025-07-18,Respiratory Infection,337,R160
2834,1437,2025-09-03,2025-09-13,Hypertension,310,R309
2835,1437,2025-12-22,2025-12-31,Hypertension,314,R149
2836,1437,2025-10-09,2025-10-14,Hypertension,321,R444
2837,1438,2025-10-28,2025-11-03,Diabetes Complication,328,R445
2838,1438,2025-04-15,2025-04-24,Heart Failure,340,R291
2839,1438,2025-03-15,2025-03-20,Diabetes Complication,317,R451
2840,1439,2025-09-09,2025-09-11,Hypertension,307,R351
2841,1439,2026-01-03,2026-01-13,Hypertension,307,R315
2842,1439,2025-04-11,2025-04-15,Hypertension,310,R471
2843,1440,2025-03-23,2025-03-26,Hypertension,321,R423
2844,1440,2025-06-10,2025-06-13,Hypertension,310,R325
2845,1440,2025-05-16,2025-05-26,Chest Pain,311,R140
2846,1441,2026-02-24,2026-02-28,Respiratory Infection,316,R331
2847,1442,2025-05-21,2025-05-31,Pneumonia,322,R243
2848,1443,2025-06-02,2025-06-08,Hypertension,310,R110
2849,1443,2025-07-07,2025-07-10,Chest Pain,319,R472
2850,1444,2025-07-26,2025-08-03,Chest Pain,333,R360
2851,1444,2025-11-08,2025-11-12,Heart Failure,311,R208
2852,1445,2025-07-06,2025-07-15,Respiratory Infection,302,R344
2853,1445,2026-02-28,2026-03-05,Respiratory Infection,325,R131
2854,1445,2025-10-18,2025-10-22,Asthma Attack,337,R246
2855,1446,2025-08-12,2025-08-21,Hypertension,314,R189
2856,1446,2025-12-22,2025-12-26,Hypertension,321,R241
2857,1446,2025-06-18,2025-06-20,Hypertension,310,R346
2858,1447,2025-11-09,2025-11-17,Pneumonia,337,R285
2859,1447,2025-11-24,2025-12-03,Respiratory Infection,316,R203
2860,1447,2026-03-05,2026-03-10,Pneumonia,337,R474
2861,1448,2026-01-09,2026-01-19,Pneumonia,325,R150
2862,1448,2025-12-23,2025-12-27,Respiratory Infection,339,R431
2863,1449,2025-08-27,2025-09-03,Chest Pain,340,R374
2864,1449,2026-01-29,2026-02-04,Heart Failure,303,R303
2865,1450,2025-12-07,2025-12-12,Hypertension,321,R458
2866,1451,2025-11-27,2025-12-01,Respiratory Infection,322,R440
2867,1451,2026-01-10,2026-01-18,Respiratory Infection,337,R221
2868,1452,2025-12-24,2025-12-29,Diabetes Complication,328,R121
2869,1452,2025-05-08,2025-05-13,Diabetes Complication,318,R343
2870,1453,2026-02-17,2026-02-26,Heart Failure,324,R434
2871,1454,2026-01-03,2026-01-05,Hypertension,321,R102
2872,1455,2025-12-20,2025-12-23,Hypertension,310,R277
2873,1455,2025-10-05,2025-10-07,Hypertension,321,R348
2874,1455,2025-04-10,2025-04-12,Hypertension,321,R398
2875,1456,2025-05-07,2025-05-17,Heart Failure,309,R486
2876,1457,2025-07-22,2025-07-31,Pneumonia,325,R376
2877,1458,2025-08-22,2025-08-30,Diabetes Complication,318,R260
2878,1458,2025-07-18,2025-07-22,Diabetes Complication,317,R396
2879,1459,2025-03-17,2025-03-22,Asthma Attack,306,R414
2880,1460,2026-02-24,2026-03-05,Heart Failure,320,R291
2881,1460,2026-02-15,2026-02-19,Heart Failure,340,R399
2882,1461,2025-10-29,2025-11-03,Pneumonia,322,R403
2883,1461,2026-02-14,2026-02-19,Respiratory Infection,306,R478
2884,1461,2025-05-11,2025-05-17,Pneumonia,302,R433
2885,1462,2025-07-12,2025-07-21,Hypertension,314,R418
2886,1463,2026-02-21,2026-03-01,Diabetes Complication,318,R118
2887,1464,2025-12-27,2026-01-05,Respiratory Infection,302,R480
2888,1464,2025-12-04,2025-12-08,Asthma Attack,306,R352
2889,1465,2026-02-13,2026-02-17,Heart Failure,319,R487
2890,1466,2026-03-11,2026-03-14,Hypertension,321,R461
2891,1467,2025-11-12,2025-11-14,Chest Pain,320,R434
2892,1467,2026-02-28,2026-03-06,Chest Pain,309,R117
2893,1468,2025-06-16,2025-06-23,Pneumonia,301,R252
2894,1469,2025-06-29,2025-07-08,Hypertension,310,R167
2895,1469,2025-03-14,2025-03-23,Hypertension,314,R179
2896,1469,2025-08-11,2025-08-18,Hypertension,310,R473
2897,1470,2025-10-21,2025-10-25,Hypertension,307,R188
2898,1470,2025-09-07,2025-09-12,Hypertension,310,R151
2899,1471,2025-09-05,2025-09-11,Hypertension,307,R106
2900,1471,2025-10-15,2025-10-25,Chest Pain,319,R200
2901,1471,2025-12-11,2025-12-13,Hypertension,321,R324
2902,1472,2025-10-03,2025-10-07,Respiratory Infection,302,R265
2903,1473,2025-10-07,2025-10-15,Respiratory Infection,325,R311
2904,1473,2025-05-14,2025-05-23,Asthma Attack,339,R239
2905,1473,2025-06-16,2025-06-20,Asthma Attack,306,R327
2906,1474,2025-07-18,2025-07-24,Hypertension,314,R204
2907,1475,2025-11-10,2025-11-19,Chest Pain,309,R153
2908,1475,2025-03-29,2025-04-06,Hypertension,307,R135
2909,1476,2025-05-18,2025-05-25,Hypertension,321,R296
2910,1477,2025-07-22,2025-07-27,Hypertension,321,R410
2911,1477,2026-01-27,2026-01-31,Chest Pain,329,R175
2912,1478,2025-03-20,2025-03-29,Hypertension,310,R460
2913,1479,2025-07-25,2025-07-31,Hypertension,314,R220
2914,1479,2025-06-02,2025-06-06,Hypertension,321,R335
2915,1479,2025-04-25,2025-04-28,Hypertension,321,R361
2916,1480,2025-07-25,2025-08-02,Respiratory Infection,339,R138
2917,1480,2025-10-03,2025-10-06,Asthma Attack,306,R163
2918,1481,2025-03-12,2025-03-20,Heart Failure,333,R149
2919,1481,2025-05-31,2025-06-06,Chest Pain,303,R191
2920,1481,2025-04-10,2025-04-19,Chest Pain,324,R100
2921,1482,2025-11-21,2025-11-26,Pneumonia,339,R442
2922,1483,2025-11-26,2025-11-29,Chest Pain,333,R234
2923,1484,2025-10-04,2025-10-07,Respiratory Infection,337,R288
2924,1484,2025-07-12,2025-07-17,Asthma Attack,339,R194
2925,1484,2025-11-02,2025-11-12,Asthma Attack,302,R452
2926,1485,2025-04-18,2025-04-22,Respiratory Infection,322,R235
2927,1486,2025-06-30,2025-07-02,Asthma Attack,325,R309
2928,1487,2026-02-16,2026-02-19,Respiratory Infection,301,R213
2929,1487,2025-07-01,2025-07-08,Asthma Attack,301,R357
2930,1487,2025-03-31,2025-04-05,Asthma Attack,339,R328
2931,1488,2025-10-09,2025-10-12,Hypertension,321,R449
2932,1489,2025-07-20,2025-07-23,Chest Pain,320,R301
2933,1490,2025-10-06,2025-10-16,Pneumonia,325,R360
2934,1491,2026-03-01,2026-03-10,Pneumonia,306,R236
2935,1492,2025-07-12,2025-07-22,Respiratory Infection,322,R205
2936,1493,2025-05-05,2025-05-08,Hypertension,307,R184
2937,1494,2025-11-23,2025-12-03,Diabetes Complication,328,R158
2938,1494,2025-06-11,2025-06-15,Heart Failure,340,R251
2939,1495,2025-10-13,2025-10-15,Asthma Attack,306,R108
2940,1496,2025-09-09,2025-09-19,Diabetes Complication,317,R171
2941,1496,2025-04-21,2025-04-30,Heart Failure,329,R183
2942,1496,2025-04-12,2025-04-14,Diabetes Complication,328,R165
2943,1497,2025-04-18,2025-04-26,Respiratory Infection,339,R117
2944,1498,2025-07-05,2025-07-14,Hypertension,314,R218
2945,1498,2025-10-18,2025-10-28,Hypertension,310,R133
2946,1499,2025-08-29,2025-09-08,Hypertension,314,R170
2947,1500,2025-10-12,2025-10-19,Heart Failure,332,R306
2948,1500,2026-02-18,2026-02-20,Heart Failure,333,R292
2949,1501,2025-05-07,2025-05-09,Hypertension,307,R419
2950,1501,2025-07-25,2025-07-28,Hypertension,321,R367
2951,1501,2025-09-13,2025-09-22,Hypertension,310,R320
2952,1502,2025-09-02,2025-09-12,Asthma Attack,301,R274
2953,1502,2025-10-19,2025-10-28,Respiratory Infection,302,R324
2954,1502,2025-11-28,2025-12-06,Respiratory Infection,322,R488
2955,1503,2025-10-11,2025-10-19,Respiratory Infection,325,R139
2956,1503,2025-11-11,2025-11-19,Asthma Attack,325,R269
2957,1503,2025-04-14,2025-04-24,Respiratory Infection,301,R246
2958,1504,2025-10-04,2025-10-12,Hypertension,321,R161
2959,1504,2025-09-04,2025-09-10,Hypertension,307,R452
2960,1505,2025-05-04,2025-05-13,Respiratory Infection,337,R213
2961,1505,2025-07-01,2025-07-05,Respiratory Infection,302,R101
2962,1506,2025-12-28,2026-01-03,Respiratory Infection,339,R203
2963,1506,2025-07-19,2025-07-27,Respiratory Infection,306,R101
2964,1507,2025-05-24,2025-05-30,Hypertension,310,R230
2965,1507,2025-09-26,2025-10-01,Chest Pain,311,R311
2966,1507,2025-05-17,2025-05-24,Chest Pain,340,R108
2967,1508,2025-08-27,2025-08-30,Respiratory Infection,325,R154
2968,1508,2025-05-23,2025-05-27,Pneumonia,322,R366
2969,1509,2025-04-10,2025-04-15,Respiratory Infection,301,R172
2970,1510,2025-11-06,2025-11-15,Chest Pain,311,R334
2971,1511,2025-10-21,2025-10-24,Respiratory Infection,325,R101
2972,1512,2025-06-07,2025-06-09,Hypertension,310,R358
2973,1513,2025-09-08,2025-09-18,Pneumonia,325,R131
2974,1513,2025-07-03,2025-07-05,Respiratory Infection,339,R261
2975,1514,2025-06-07,2025-06-16,Respiratory Infection,337,R271
2976,1514,2026-02-17,2026-02-20,Pneumonia,337,R189
2977,1514,2025-07-13,2025-07-22,Pneumonia,301,R189
2978,1515,2025-09-26,2025-10-01,Pneumonia,337,R404
2979,1515,2025-09-22,2025-10-02,Pneumonia,325,R130
2980,1516,2025-04-06,2025-04-10,Chest Pain,313,R135
2981,1517,2025-08-12,2025-08-15,Respiratory Infection,302,R426
2982,1518,2025-04-15,2025-04-20,Pneumonia,325,R245
2983,1518,2025-05-09,2025-05-12,Pneumonia,302,R346
2984,1519,2026-02-09,2026-02-17,Asthma Attack,302,R123
2985,1519,2025-04-19,2025-04-23,Respiratory Infection,325,R472
2986,1519,2025-10-07,2025-10-16,Respiratory Infection,302,R139
2987,1520,2025-05-17,2025-05-24,Hypertension,321,R191
2988,1520,2025-07-13,2025-07-23,Hypertension,314,R150
2989,1521,2025-10-29,2025-10-31,Respiratory Infection,302,R262
2990,1521,2025-10-24,2025-10-27,Respiratory Infection,337,R251
2991,1522,2025-06-01,2025-06-08,Respiratory Infection,325,R364
2992,1522,2026-02-07,2026-02-15,Respiratory Infection,339,R385
2993,1522,2025-06-26,2025-06-29,Pneumonia,322,R153
2994,1523,2025-04-19,2025-04-24,Asthma Attack,302,R130
2995,1523,2025-11-29,2025-12-02,Asthma Attack,339,R328
2996,1524,2025-12-06,2025-12-08,Asthma Attack,316,R244
2997,1524,2025-07-28,2025-08-01,Respiratory Infection,306,R291
2998,1524,2026-02-17,2026-02-20,Asthma Attack,306,R437
2999,1525,2025-11-30,2025-12-06,Diabetes Complication,315,R116
3000,1525,2025-03-29,2025-04-03,Heart Failure,340,R187
3001,1525,2025-06-29,2025-07-07,Heart Failure,309,R276
3002,1526,2025-07-16,2025-07-21,Hypertension,307,R146
3003,1526,2025-10-07,2025-10-13,Chest Pain,320,R112
3004,1527,2025-10-21,2025-10-24,Diabetes Complication,317,R234
3005,1528,2025-09-20,2025-09-28,Heart Failure,333,R113
3006,1528,2025-10-10,2025-10-19,Heart Failure,320,R279
3007,1529,2025-06-15,2025-06-21,Heart Failure,324,R145
3008,1530,2026-02-19,2026-02-28,Chest Pain,309,R179
3009,1530,2025-03-23,2025-04-01,Chest Pain,309,R123
3010,1531,2025-06-28,2025-07-01,Heart Failure,332,R410
3011,1531,2025-12-21,2025-12-23,Diabetes Complication,315,R304
3012,1531,2025-07-20,2025-07-23,Diabetes Complication,315,R278
3013,1532,2025-05-07,2025-05-14,Hypertension,321,R448
3014,1533,2025-06-29,2025-07-07,Heart Failure,313,R394
3015,1534,2025-07-11,2025-07-16,Chest Pain,329,R164
3016,1534,2025-10-30,2025-11-08,Chest Pain,320,R209
3017,1534,2025-09-18,2025-09-28,Chest Pain,329,R412
3018,1535,2025-06-05,2025-06-13,Hypertension,321,R374
3019,1535,2025-11-17,2025-11-20,Hypertension,310,R244
3020,1535,2025-06-07,2025-06-11,Hypertension,307,R325
3021,1536,2025-08-23,2025-09-01,Diabetes Complication,315,R209
3022,1536,2025-03-30,2025-04-08,Heart Failure,329,R251
3023,1536,2025-03-18,2025-03-23,Diabetes Complication,312,R482
3024,1537,2025-09-17,2025-09-26,Pneumonia,325,R160
3025,1537,2025-10-08,2025-10-11,Respiratory Infection,325,R347
3026,1537,2026-02-15,2026-02-23,Pneumonia,337,R210
3027,1538,2025-11-19,2025-11-29,Hypertension,321,R231
3028,1538,2025-08-27,2025-09-05,Hypertension,307,R127
3029,1539,2025-10-14,2025-10-17,Respiratory Infection,302,R261
3030,1539,2025-11-28,2025-12-07,Respiratory Infection,322,R497
3031,1540,2025-11-09,2025-11-13,Respiratory Infection,302,R476
3032,1540,2025-09-30,2025-10-09,Respiratory Infection,337,R288
3033,1541,2025-08-27,2025-08-30,Chest Pain,332,R217
3034,1541,2025-11-10,2025-11-17,Heart Failure,329,R345
3035,1541,2025-08-02,2025-08-10,Chest Pain,320,R181
3036,1542,2025-03-29,2025-04-01,Heart Failure,319,R169
3037,1542,2025-09-12,2025-09-18,Heart Failure,320,R295
3038,1543,2025-12-01,2025-12-11,Heart Failure,313,R364
3039,1543,2025-09-12,2025-09-18,Heart Failure,324,R431
3040,1543,2026-02-16,2026-02-21,Heart Failure,319,R456
3041,1544,2025-06-30,2025-07-06,Heart Failure,333,R342
3042,1545,2025-11-10,2025-11-12,Hypertension,314,R456
3043,1545,2025-09-30,2025-10-03,Hypertension,307,R388
3044,1546,2025-12-05,2025-12-13,Chest Pain,303,R136
3045,1546,2025-09-24,2025-09-26,Chest Pain,311,R371
3046,1546,2025-10-10,2025-10-18,Chest Pain,303,R226
3047,1547,2025-10-20,2025-10-26,Chest Pain,324,R156
3048,1547,2026-03-06,2026-03-13,Chest Pain,329,R309
3049,1547,2025-08-30,2025-09-08,Hypertension,321,R231
3050,1548,2025-04-07,2025-04-12,Diabetes Complication,315,R477
3051,1548,2026-03-10,2026-03-18,Diabetes Complication,317,R179
3052,1548,2025-05-05,2025-05-08,Diabetes Complication,328,R244
3053,1549,2025-08-01,2025-08-10,Heart Failure,320,R126
3054,1550,2025-11-21,2025-12-01,Chest Pain,319,R174
3055,1551,2025-03-30,2025-04-03,Pneumonia,306,R133
3056,1551,2026-02-18,2026-02-21,Pneumonia,302,R186
3057,1551,2025-06-03,2025-06-05,Pneumonia,301,R223
3058,1552,2026-01-15,2026-01-20,Asthma Attack,325,R114
3059,1552,2025-07-31,2025-08-03,Asthma Attack,339,R499
3060,1553,2025-07-12,2025-07-20,Pneumonia,325,R222
3061,1553,2025-12-30,2026-01-09,Pneumonia,316,R341
3062,1553,2025-11-13,2025-11-17,Pneumonia,339,R459
3063,1554,2025-04-13,2025-04-15,Heart Failure,311,R434
3064,1554,2025-08-21,2025-08-27,Chest Pain,329,R307
3065,1554,2025-04-02,2025-04-09,Chest Pain,319,R291
3066,1555,2026-01-08,2026-01-18,Hypertension,310,R279
3067,1556,2025-06-07,2025-06-10,Pneumonia,325,R127
3068,1556,2025-10-17,2025-10-23,Pneumonia,337,R335
3069,1557,2025-07-06,2025-07-13,Respiratory Infection,316,R130
3070,1557,2025-12-04,2025-12-12,Pneumonia,316,R305
3071,1557,2025-04-12,2025-04-19,Respiratory Infection,322,R194
3072,1558,2025-10-10,2025-10-16,Chest Pain,311,R452
3073,1559,2025-06-12,2025-06-19,Hypertension,321,R432
3074,1559,2025-09-10,2025-09-13,Chest Pain,333,R329
3075,1559,2025-09-11,2025-09-20,Chest Pain,324,R463
3076,1560,2026-02-06,2026-02-08,Heart Failure,324,R424
3077,1560,2025-05-03,2025-05-10,Heart Failure,332,R160
3078,1560,2025-12-04,2025-12-07,Heart Failure,309,R423
3079,1561,2026-02-20,2026-02-26,Heart Failure,333,R246
3080,1561,2025-04-03,2025-04-05,Heart Failure,319,R348
3081,1562,2026-03-03,2026-03-09,Heart Failure,311,R446
3082,1563,2025-03-16,2025-03-26,Heart Failure,303,R202
3083,1563,2025-06-16,2025-06-26,Chest Pain,313,R442
3084,1564,2025-11-30,2025-12-06,Hypertension,314,R368
3085,1564,2026-02-26,2026-03-01,Hypertension,321,R312
3086,1565,2025-11-23,2025-11-30,Hypertension,321,R471
3087,1565,2026-03-02,2026-03-12,Hypertension,310,R233
3088,1565,2025-11-15,2025-11-25,Hypertension,307,R103
3089,1566,2025-12-06,2025-12-14,Respiratory Infection,337,R424
3090,1566,2025-09-30,2025-10-07,Pneumonia,337,R299
3091,1566,2026-01-16,2026-01-22,Respiratory Infection,301,R153
3092,1567,2025-12-08,2025-12-12,Respiratory Infection,316,R435
3093,1568,2025-08-03,2025-08-13,Pneumonia,322,R363
3094,1569,2025-09-22,2025-09-27,Respiratory Infection,337,R424
3095,1570,2025-03-22,2025-03-31,Diabetes Complication,318,R234
3096,1571,2025-12-05,2025-12-12,Hypertension,307,R443
3097,1571,2025-11-11,2025-11-21,Hypertension,321,R454
3098,1572,2025-07-25,2025-08-02,Asthma Attack,301,R189
3099,1572,2025-09-08,2025-09-11,Respiratory Infection,301,R433
3100,1573,2025-10-14,2025-10-19,Asthma Attack,301,R393
3101,1573,2025-08-06,2025-08-15,Asthma Attack,339,R408
3102,1574,2025-11-05,2025-11-15,Hypertension,314,R348
3103,1574,2025-12-29,2026-01-04,Hypertension,314,R274
3104,1574,2026-02-01,2026-02-10,Hypertension,314,R224
3105,1575,2025-09-20,2025-09-25,Heart Failure,329,R169
3106,1576,2026-01-13,2026-01-15,Diabetes Complication,328,R255
3107,1577,2025-03-31,2025-04-04,Chest Pain,324,R153
3108,1577,2025-05-12,2025-05-14,Chest Pain,303,R335
3109,1578,2025-04-09,2025-04-18,Pneumonia,316,R311
3110,1578,2026-02-01,2026-02-04,Respiratory Infection,322,R364
3111,1578,2025-11-11,2025-11-14,Pneumonia,316,R364
3112,1579,2026-02-24,2026-03-03,Chest Pain,313,R124
3113,1579,2025-12-08,2025-12-11,Chest Pain,311,R438
3114,1579,2026-02-06,2026-02-16,Chest Pain,320,R122
3115,1580,2025-09-29,2025-10-06,Diabetes Complication,317,R330
3116,1580,2025-12-19,2025-12-22,Heart Failure,303,R268
3117,1580,2025-03-31,2025-04-07,Diabetes Complication,312,R400
3118,1581,2025-12-31,2026-01-02,Hypertension,310,R180
3119,1582,2025-12-26,2026-01-03,Respiratory Infection,325,R132
3120,1582,2025-09-23,2025-09-27,Respiratory Infection,339,R262
3121,1583,2026-02-06,2026-02-10,Asthma Attack,301,R411
3122,1584,2026-01-27,2026-01-30,Hypertension,310,R497
3123,1584,2025-05-04,2025-05-11,Chest Pain,329,R345
3124,1585,2025-09-11,2025-09-16,Hypertension,310,R183
3125,1586,2025-11-16,2025-11-18,Heart Failure,309,R408
3126,1586,2025-08-21,2025-08-25,Heart Failure,332,R116
3127,1587,2025-10-15,2025-10-22,Pneumonia,316,R437
3128,1587,2025-06-17,2025-06-21,Pneumonia,302,R452
3129,1588,2025-12-19,2025-12-23,Pneumonia,306,R361
3130,1588,2025-05-17,2025-05-19,Respiratory Infection,337,R363
3131,1589,2025-05-15,2025-05-17,Respiratory Infection,306,R256
3132,1589,2026-02-07,2026-02-11,Asthma Attack,306,R283
3133,1590,2026-02-27,2026-03-06,Pneumonia,316,R372
3134,1591,2026-01-21,2026-01-26,Hypertension,314,R401
3135,1591,2026-03-07,2026-03-17,Hypertension,307,R161
3136,1592,2025-05-12,2025-05-19,Asthma Attack,316,R320
3137,1592,2025-05-09,2025-05-16,Respiratory Infection,301,R300
3138,1592,2025-11-21,2025-11-24,Asthma Attack,302,R237
3139,1593,2025-04-09,2025-04-18,Chest Pain,303,R287
3140,1594,2026-03-11,2026-03-18,Hypertension,314,R212
3141,1594,2025-08-29,2025-09-07,Hypertension,314,R173
3142,1594,2025-10-21,2025-10-27,Hypertension,310,R191
3143,1595,2025-03-28,2025-04-04,Chest Pain,309,R254
3144,1596,2026-02-27,2026-03-02,Chest Pain,309,R438
3145,1596,2026-01-13,2026-01-23,Chest Pain,324,R444
3146,1596,2025-10-22,2025-10-30,Hypertension,307,R209
3147,1597,2025-10-04,2025-10-07,Chest Pain,313,R347
3148,1598,2025-08-05,2025-08-09,Diabetes Complication,312,R473
3149,1599,2025-09-21,2025-09-27,Respiratory Infection,302,R390
3150,1600,2025-05-02,2025-05-08,Pneumonia,316,R399
3151,1601,2025-10-24,2025-10-29,Hypertension,321,R455
3152,1602,2025-05-11,2025-05-13,Respiratory Infection,306,R333
3153,1603,2025-11-17,2025-11-26,Diabetes Complication,315,R112
3154,1603,2025-04-09,2025-04-15,Heart Failure,309,R499
3155,1604,2025-03-11,2025-03-20,Hypertension,310,R274
3156,1605,2025-09-14,2025-09-19,Hypertension,310,R167
3157,1606,2025-07-20,2025-07-22,Respiratory Infection,339,R480
3158,1607,2025-05-31,2025-06-04,Respiratory Infection,302,R316
3159,1608,2025-05-12,2025-05-16,Respiratory Infection,322,R235
3160,1608,2026-02-26,2026-02-28,Asthma Attack,322,R419
3161,1608,2025-07-21,2025-07-24,Respiratory Infection,337,R387
3162,1609,2025-11-16,2025-11-23,Chest Pain,324,R284
3163,1610,2025-09-03,2025-09-08,Respiratory Infection,339,R174
3164,1610,2025-10-18,2025-10-23,Respiratory Infection,337,R140
3165,1611,2026-01-10,2026-01-17,Asthma Attack,302,R170
3166,1612,2025-07-23,2025-07-26,Heart Failure,303,R118
3167,1613,2025-06-22,2025-07-01,Hypertension,310,R107
3168,1613,2025-08-29,2025-09-07,Hypertension,310,R252
3169,1614,2026-03-10,2026-03-17,Heart Failure,333,R241
3170,1615,2025-09-08,2025-09-12,Chest Pain,324,R442
3171,1615,2025-11-21,2025-11-25,Heart Failure,309,R123
3172,1615,2025-09-02,2025-09-07,Chest Pain,319,R453
3173,1616,2025-08-04,2025-08-06,Pneumonia,339,R228
3174,1616,2025-07-23,2025-07-25,Pneumonia,339,R298
3175,1617,2026-02-28,2026-03-03,Asthma Attack,325,R108
3176,1617,2026-01-18,2026-01-20,Asthma Attack,302,R472
3177,1617,2025-12-09,2025-12-19,Asthma Attack,337,R238
3178,1618,2026-03-02,2026-03-05,Chest Pain,333,R477
3179,1618,2025-08-28,2025-09-03,Hypertension,314,R485
3180,1618,2026-01-02,2026-01-07,Hypertension,307,R111
3181,1619,2025-07-20,2025-07-30,Respiratory Infection,306,R370
3182,1620,2025-08-24,2025-09-03,Respiratory Infection,302,R310
3183,1620,2025-10-07,2025-10-14,Asthma Attack,325,R225
3184,1621,2025-10-05,2025-10-12,Chest Pain,329,R404
3185,1621,2025-08-05,2025-08-10,Chest Pain,332,R126
3186,1621,2026-02-19,2026-02-27,Heart Failure,303,R342
3187,1622,2025-06-27,2025-07-01,Heart Failure,340,R389
3188,1623,2025-10-21,2025-10-30,Hypertension,310,R467
3189,1623,2025-11-21,2025-11-30,Hypertension,321,R478
3190,1623,2025-08-24,2025-08-28,Hypertension,307,R464
3191,1624,2025-06-29,2025-07-04,Diabetes Complication,318,R448
3192,1624,2025-12-11,2025-12-16,Heart Failure,309,R190
3193,1624,2026-01-22,2026-01-31,Diabetes Complication,312,R364
3194,1625,2025-11-25,2025-12-02,Pneumonia,337,R220
3195,1626,2025-04-10,2025-04-14,Chest Pain,329,R162
3196,1626,2025-07-06,2025-07-15,Chest Pain,319,R336
3197,1627,2025-06-30,2025-07-10,Hypertension,321,R128
3198,1627,2025-10-29,2025-11-07,Hypertension,307,R376
3199,1627,2025-07-10,2025-07-17,Hypertension,314,R283
3200,1628,2025-08-26,2025-09-01,Pneumonia,301,R126
3201,1628,2025-07-11,2025-07-16,Pneumonia,339,R412
3202,1628,2026-01-07,2026-01-15,Pneumonia,302,R320
3203,1629,2026-02-04,2026-02-12,Hypertension,314,R123
3204,1630,2025-11-23,2025-11-26,Heart Failure,332,R255
3205,1631,2025-08-15,2025-08-18,Respiratory Infection,339,R419
3206,1631,2025-05-03,2025-05-11,Respiratory Infection,302,R225
3207,1631,2025-03-12,2025-03-14,Asthma Attack,301,R345
3208,1632,2025-09-17,2025-09-21,Pneumonia,306,R450
3209,1633,2026-01-18,2026-01-21,Hypertension,314,R426
3210,1633,2025-10-07,2025-10-15,Hypertension,307,R247
3211,1634,2026-03-03,2026-03-08,Asthma Attack,339,R412
3212,1634,2026-01-06,2026-01-12,Asthma Attack,301,R398
3213,1634,2025-08-02,2025-08-07,Asthma Attack,301,R204
3214,1635,2025-06-09,2025-06-19,Asthma Attack,322,R463
3215,1635,2025-07-14,2025-07-22,Respiratory Infection,301,R266
3216,1635,2025-06-11,2025-06-15,Asthma Attack,337,R411
3217,1636,2025-12-17,2025-12-23,Chest Pain,324,R377
3218,1637,2025-03-19,2025-03-27,Respiratory Infection,306,R229
3219,1637,2025-10-02,2025-10-06,Respiratory Infection,337,R154
3220,1637,2025-09-17,2025-09-25,Respiratory Infection,302,R490
3221,1638,2026-03-01,2026-03-03,Hypertension,307,R221
3222,1638,2026-03-08,2026-03-17,Hypertension,310,R445
3223,1638,2025-05-27,2025-06-03,Hypertension,314,R448
3224,1639,2026-03-01,2026-03-03,Chest Pain,311,R296
3225,1639,2026-01-29,2026-02-04,Chest Pain,309,R364
3226,1640,2025-06-20,2025-06-27,Respiratory Infection,337,R156
3227,1641,2025-07-12,2025-07-15,Pneumonia,322,R407
3228,1642,2025-03-31,2025-04-02,Diabetes Complication,315,R163
3229,1643,2026-02-03,2026-02-12,Chest Pain,309,R404
3230,1644,2025-10-10,2025-10-18,Pneumonia,322,R422
3231,1644,2026-01-27,2026-02-06,Pneumonia,339,R317
3232,1645,2025-04-21,2025-04-27,Respiratory Infection,301,R371
3233,1646,2026-01-31,2026-02-07,Respiratory Infection,322,R272
3234,1646,2025-08-10,2025-08-14,Respiratory Infection,337,R203
3235,1646,2025-11-16,2025-11-26,Respiratory Infection,339,R201
3236,1647,2025-07-08,2025-07-18,Hypertension,310,R427
3237,1647,2025-08-26,2025-08-31,Hypertension,307,R336
3238,1647,2025-09-06,2025-09-11,Hypertension,307,R456
3239,1648,2025-08-02,2025-08-05,Respiratory Infection,302,R204
3240,1648,2026-01-05,2026-01-07,Pneumonia,325,R361
3241,1648,2025-07-17,2025-07-27,Respiratory Infection,316,R241
3242,1649,2025-10-26,2025-10-29,Diabetes Complication,317,R112
3243,1649,2025-10-25,2025-10-28,Diabetes Complication,312,R276
3244,1650,2025-05-25,2025-05-29,Heart Failure,320,R124
3245,1650,2025-04-26,2025-05-02,Heart Failure,340,R287
3246,1651,2025-05-23,2025-06-01,Respiratory Infection,302,R382
3247,1651,2025-11-04,2025-11-09,Pneumonia,339,R382
3248,1651,2025-08-23,2025-08-27,Pneumonia,306,R215
3249,1652,2025-06-27,2025-06-29,Heart Failure,329,R236
3250,1653,2025-08-02,2025-08-06,Hypertension,314,R196
3251,1654,2025-10-19,2025-10-21,Chest Pain,329,R294
3252,1655,2025-09-07,2025-09-10,Chest Pain,324,R362
3253,1655,2025-04-04,2025-04-07,Heart Failure,332,R206
3254,1656,2025-03-24,2025-03-31,Chest Pain,309,R162
3255,1656,2025-04-26,2025-05-04,Hypertension,310,R205
3256,1656,2026-02-04,2026-02-07,Chest Pain,333,R452
3257,1657,2026-01-27,2026-02-01,Chest Pain,332,R406
3258,1657,2026-02-13,2026-02-16,Heart Failure,313,R263
3259,1658,2025-11-27,2025-12-07,Heart Failure,313,R458
3260,1658,2025-03-15,2025-03-19,Heart Failure,311,R267
3261,1659,2025-10-01,2025-10-10,Heart Failure,319,R325
3262,1659,2025-09-01,2025-09-07,Chest Pain,324,R390
3263,1660,2026-03-01,2026-03-11,Pneumonia,339,R174
3264,1660,2025-10-25,2025-10-30,Respiratory Infection,306,R186
3265,1660,2025-10-07,2025-10-14,Pneumonia,316,R476
3266,1661,2026-01-28,2026-02-07,Pneumonia,301,R139
3267,1661,2026-01-15,2026-01-23,Pneumonia,316,R189
3268,1662,2025-08-23,2025-09-01,Heart Failure,329,R179
3269,1663,2026-01-27,2026-02-03,Heart Failure,332,R407
3270,1663,2026-02-05,2026-02-07,Heart Failure,320,R335
3271,1663,2025-05-28,2025-06-01,Heart Failure,319,R255
3272,1664,2025-09-12,2025-09-21,Chest Pain,303,R210
3273,1664,2025-10-13,2025-10-21,Chest Pain,340,R376
3274,1665,2026-01-24,2026-01-28,Heart Failure,320,R268
3275,1666,2025-04-04,2025-04-14,Heart Failure,340,R165
3276,1666,2025-06-10,2025-06-17,Chest Pain,340,R356
3277,1666,2026-01-07,2026-01-12,Heart Failure,329,R472
3278,1667,2025-08-24,2025-09-02,Respiratory Infection,302,R480
3279,1668,2025-07-03,2025-07-13,Heart Failure,340,R213
3280,1669,2026-01-03,2026-01-08,Hypertension,307,R375
3281,1670,2025-10-04,2025-10-13,Hypertension,307,R425
3282,1670,2026-02-12,2026-02-21,Hypertension,314,R380
3283,1670,2025-03-24,2025-04-02,Hypertension,321,R440
3284,1671,2026-02-03,2026-02-11,Chest Pain,332,R137
3285,1672,2025-10-12,2025-10-18,Respiratory Infection,302,R177
3286,1672,2025-05-29,2025-06-03,Pneumonia,339,R215
3287,1673,2025-04-03,2025-04-12,Hypertension,314,R358
3288,1673,2025-10-03,2025-10-12,Hypertension,321,R471
3289,1674,2025-04-11,2025-04-15,Heart Failure,303,R482
3290,1674,2025-08-15,2025-08-23,Diabetes Complication,328,R223
3291,1674,2025-04-11,2025-04-17,Heart Failure,309,R312
3292,1675,2025-08-31,2025-09-06,Chest Pain,311,R437
3293,1675,2026-02-16,2026-02-26,Chest Pain,313,R196
3294,1676,2025-06-22,2025-06-28,Pneumonia,306,R258
3295,1676,2025-04-07,2025-04-11,Respiratory Infection,337,R379
3296,1676,2025-09-25,2025-10-03,Pneumonia,306,R396
3297,1677,2025-08-08,2025-08-11,Chest Pain,313,R457
3298,1677,2025-09-04,2025-09-07,Chest Pain,332,R227
3299,1678,2025-09-02,2025-09-06,Chest Pain,303,R113
3300,1678,2025-11-03,2025-11-10,Hypertension,314,R326
3301,1678,2025-07-28,2025-08-07,Hypertension,310,R433
3302,1679,2025-05-20,2025-05-24,Respiratory Infection,301,R407
3303,1679,2025-07-24,2025-08-02,Asthma Attack,337,R458
3304,1680,2025-09-28,2025-10-05,Diabetes Complication,328,R461
3305,1681,2025-04-09,2025-04-11,Heart Failure,320,R190
3306,1682,2025-03-22,2025-03-24,Pneumonia,325,R345
3307,1682,2025-04-18,2025-04-22,Pneumonia,301,R256
3308,1682,2025-04-21,2025-04-23,Respiratory Infection,339,R466
3309,1683,2025-11-15,2025-11-23,Respiratory Infection,325,R468
3310,1684,2026-02-18,2026-02-26,Heart Failure,311,R341
3311,1684,2026-02-05,2026-02-14,Diabetes Complication,315,R183
3312,1684,2025-03-15,2025-03-22,Diabetes Complication,312,R310
3313,1685,2025-06-04,2025-06-07,Heart Failure,332,R426
3314,1685,2025-07-06,2025-07-10,Diabetes Complication,318,R149
3315,1686,2025-07-24,2025-08-01,Hypertension,310,R299
3316,1686,2025-06-03,2025-06-06,Hypertension,310,R321
3317,1687,2025-09-13,2025-09-19,Asthma Attack,337,R167
3318,1688,2026-03-01,2026-03-07,Chest Pain,311,R466
3319,1688,2025-06-28,2025-06-30,Chest Pain,340,R116
3320,1688,2025-06-08,2025-06-11,Chest Pain,329,R149
3321,1689,2026-02-20,2026-02-24,Respiratory Infection,306,R398
3322,1689,2026-01-17,2026-01-26,Respiratory Infection,301,R368
3323,1689,2025-10-14,2025-10-18,Pneumonia,306,R223
3324,1690,2025-09-18,2025-09-20,Pneumonia,322,R325
3325,1691,2025-08-16,2025-08-23,Chest Pain,311,R151
3326,1692,2025-04-30,2025-05-06,Asthma Attack,302,R470
3327,1692,2025-03-22,2025-03-31,Respiratory Infection,339,R287
3328,1693,2025-10-12,2025-10-19,Respiratory Infection,301,R418
3329,1693,2025-11-05,2025-11-13,Respiratory Infection,316,R321
3330,1693,2025-05-15,2025-05-18,Pneumonia,337,R345
3331,1694,2025-08-26,2025-08-30,Pneumonia,316,R177
3332,1694,2025-06-26,2025-07-03,Pneumonia,306,R419
3333,1694,2025-12-18,2025-12-25,Respiratory Infection,301,R105
3334,1695,2026-03-09,2026-03-13,Diabetes Complication,315,R357
3335,1695,2026-02-13,2026-02-22,Diabetes Complication,315,R193
3336,1696,2025-07-04,2025-07-07,Heart Failure,309,R188
3337,1697,2025-07-30,2025-08-05,Heart Failure,320,R134
3338,1697,2025-12-28,2026-01-02,Diabetes Complication,318,R234
3339,1698,2026-01-18,2026-01-21,Hypertension,321,R389
3340,1699,2025-07-23,2025-07-29,Respiratory Infection,339,R254
3341,1699,2025-08-24,2025-08-27,Respiratory Infection,306,R252
3342,1700,2025-03-15,2025-03-21,Respiratory Infection,301,R444
3343,1701,2025-10-04,2025-10-12,Respiratory Infection,325,R361
3344,1702,2026-03-10,2026-03-17,Hypertension,321,R394
3345,1703,2026-03-10,2026-03-17,Hypertension,310,R472
3346,1703,2025-06-13,2025-06-20,Hypertension,310,R455
3347,1703,2025-09-04,2025-09-08,Chest Pain,320,R195
3348,1704,2025-09-16,2025-09-20,Pneumonia,325,R233
3349,1704,2025-09-24,2025-09-28,Pneumonia,322,R144
3350,1704,2025-05-25,2025-05-28,Respiratory Infection,302,R429
3351,1705,2025-03-22,2025-03-27,Pneumonia,339,R484
3352,1705,2025-05-23,2025-05-25,Respiratory Infection,302,R340
3353,1706,2025-07-11,2025-07-21,Heart Failure,340,R418
3354,1706,2025-05-13,2025-05-15,Chest Pain,332,R275
3355,1707,2026-02-27,2026-03-04,Pneumonia,339,R481
3356,1708,2025-07-14,2025-07-23,Heart Failure,333,R477
3357,1708,2025-11-04,2025-11-06,Heart Failure,329,R307
3358,1709,2025-07-30,2025-08-01,Respiratory Infection,322,R362
3359,1709,2025-12-15,2025-12-20,Pneumonia,325,R245
3360,1709,2025-09-26,2025-10-06,Pneumonia,316,R208
3361,1710,2025-05-29,2025-06-05,Respiratory Infection,325,R288
3362,1710,2025-10-28,2025-10-30,Pneumonia,302,R165
3363,1710,2026-01-04,2026-01-10,Respiratory Infection,337,R406
3364,1711,2026-02-11,2026-02-17,Diabetes Complication,315,R199
3365,1711,2025-04-10,2025-04-12,Heart Failure,319,R132
3366,1712,2025-05-04,2025-05-07,Heart Failure,303,R309
3367,1712,2025-09-28,2025-10-07,Diabetes Complication,315,R387
3368,1713,2025-12-16,2025-12-18,Pneumonia,301,R135
3369,1714,2026-02-20,2026-02-26,Hypertension,321,R168
3370,1714,2026-02-09,2026-02-16,Chest Pain,324,R229
3371,1715,2026-02-20,2026-02-26,Diabetes Complication,315,R334
3372,1716,2025-05-24,2025-05-27,Chest Pain,311,R292
3373,1716,2025-12-06,2025-12-11,Chest Pain,320,R237
3374,1716,2025-12-10,2025-12-14,Heart Failure,309,R493
3375,1717,2025-12-05,2025-12-14,Hypertension,314,R176
3376,1717,2025-04-22,2025-04-25,Hypertension,321,R304
3377,1717,2025-11-11,2025-11-14,Chest Pain,324,R147
3378,1718,2025-10-06,2025-10-15,Chest Pain,340,R481
3379,1718,2025-03-23,2025-03-28,Heart Failure,333,R303
3380,1719,2025-12-20,2025-12-30,Hypertension,307,R129
3381,1720,2025-12-20,2025-12-22,Heart Failure,303,R153
3382,1721,2025-10-29,2025-11-04,Respiratory Infection,316,R270
3383,1721,2025-06-11,2025-06-21,Respiratory Infection,306,R176
3384,1721,2025-11-20,2025-11-23,Respiratory Infection,325,R485
3385,1722,2025-03-11,2025-03-19,Asthma Attack,302,R226
3386,1722,2025-03-25,2025-03-31,Respiratory Infection,322,R401
3387,1722,2025-08-04,2025-08-09,Asthma Attack,339,R139
3388,1723,2025-08-19,2025-08-25,Hypertension,307,R232
3389,1724,2025-04-14,2025-04-23,Hypertension,307,R432
3390,1724,2025-05-02,2025-05-11,Hypertension,307,R189
3391,1724,2025-12-01,2025-12-05,Hypertension,314,R474
3392,1725,2026-03-07,2026-03-11,Pneumonia,306,R173
3393,1726,2025-06-09,2025-06-18,Chest Pain,313,R141
3394,1726,2025-11-06,2025-11-14,Hypertension,307,R249
3395,1726,2025-04-09,2025-04-13,Hypertension,307,R437
3396,1727,2025-08-20,2025-08-25,Heart Failure,320,R388
3397,1727,2026-02-17,2026-02-22,Heart Failure,309,R145
3398,1728,2025-07-06,2025-07-09,Heart Failure,311,R500
3399,1729,2025-05-08,2025-05-11,Hypertension,310,R391
3400,1729,2025-04-08,2025-04-18,Hypertension,310,R454
3401,1729,2025-03-27,2025-04-05,Hypertension,314,R475
3402,1730,2026-01-29,2026-02-03,Diabetes Complication,315,R434
3403,1730,2025-07-13,2025-07-23,Heart Failure,320,R247
3404,1730,2025-09-27,2025-10-03,Diabetes Complication,317,R400
3405,1731,2026-01-20,2026-01-27,Pneumonia,306,R147
3406,1731,2025-09-03,2025-09-09,Respiratory Infection,339,R499
3407,1731,2026-02-02,2026-02-11,Pneumonia,325,R306
3408,1732,2025-12-29,2025-12-31,Heart Failure,303,R285
3409,1733,2026-03-02,2026-03-12,Respiratory Infection,306,R274
3410,1734,2025-08-07,2025-08-15,Respiratory Infection,306,R195
3411,1735,2026-03-06,2026-03-14,Pneumonia,325,R299
3412,1735,2025-11-04,2025-11-10,Pneumonia,337,R103
3413,1736,2025-08-21,2025-08-23,Pneumonia,301,R493
3414,1737,2025-05-26,2025-06-01,Respiratory Infection,302,R295
3415,1737,2025-11-23,2025-11-27,Respiratory Infection,302,R366
3416,1738,2026-01-18,2026-01-22,Diabetes Complication,328,R489
3417,1739,2025-07-24,2025-07-31,Respiratory Infection,339,R348
3418,1740,2025-07-14,2025-07-22,Hypertension,321,R246
3419,1741,2025-12-17,2025-12-23,Hypertension,314,R136
3420,1742,2025-07-22,2025-07-30,Chest Pain,319,R349
3421,1743,2026-01-27,2026-01-31,Diabetes Complication,317,R154
3422,1744,2026-01-16,2026-01-20,Hypertension,307,R490
3423,1744,2026-03-03,2026-03-08,Hypertension,310,R108
3424,1745,2025-05-04,2025-05-13,Heart Failure,319,R329
3425,1745,2025-12-01,2025-12-06,Chest Pain,333,R313
3426,1745,2025-08-04,2025-08-10,Chest Pain,332,R458
3427,1746,2025-11-10,2025-11-13,Heart Failure,340,R105
3428,1746,2025-04-04,2025-04-12,Heart Failure,313,R418
3429,1746,2025-11-11,2025-11-16,Chest Pain,324,R495
3430,1747,2025-07-25,2025-07-28,Asthma Attack,301,R465
3431,1747,2025-11-16,2025-11-24,Respiratory Infection,306,R113
3432,1748,2026-02-13,2026-02-20,Hypertension,314,R208
3433,1748,2025-10-14,2025-10-20,Hypertension,314,R212
3434,1749,2025-11-10,2025-11-16,Heart Failure,319,R458
3435,1749,2026-02-02,2026-02-07,Heart Failure,320,R154
3436,1750,2025-07-11,2025-07-17,Heart Failure,311,R114
3437,1750,2025-08-20,2025-08-28,Heart Failure,319,R442
3438,1750,2025-09-14,2025-09-23,Chest Pain,320,R206
3439,1751,2025-11-07,2025-11-13,Chest Pain,311,R451
3440,1752,2025-05-08,2025-05-18,Respiratory Infection,306,R135
3441,1753,2026-01-26,2026-02-03,Heart Failure,324,R380
3442,1753,2025-04-15,2025-04-20,Chest Pain,340,R300
3443,1753,2025-03-31,2025-04-07,Chest Pain,333,R238
3444,1754,2025-08-24,2025-08-29,Respiratory Infection,337,R361
3445,1754,2026-02-18,2026-02-23,Respiratory Infection,322,R240
3446,1755,2025-03-17,2025-03-23,Respiratory Infection,301,R279
3447,1756,2025-08-14,2025-08-18,Hypertension,314,R342
3448,1756,2025-07-21,2025-07-26,Chest Pain,324,R332
3449,1757,2025-07-18,2025-07-24,Asthma Attack,302,R289
3450,1758,2025-04-14,2025-04-23,Chest Pain,313,R107
3451,1759,2025-03-30,2025-04-08,Respiratory Infection,302,R179
3452,1760,2025-03-28,2025-04-01,Respiratory Infection,339,R326
3453,1760,2025-03-22,2025-04-01,Respiratory Infection,325,R335
3454,1760,2025-10-10,2025-10-12,Pneumonia,316,R389
3455,1761,2025-07-19,2025-07-25,Chest Pain,303,R422
3456,1761,2025-07-23,2025-08-01,Hypertension,321,R154
3457,1761,2026-01-27,2026-01-30,Hypertension,307,R494
3458,1762,2025-11-02,2025-11-06,Respiratory Infection,322,R101
3459,1762,2025-12-09,2025-12-11,Asthma Attack,339,R271
3460,1763,2025-08-28,2025-09-03,Hypertension,307,R470
3461,1763,2025-08-22,2025-08-24,Hypertension,321,R232
3462,1764,2025-05-02,2025-05-04,Respiratory Infection,325,R444
3463,1764,2025-03-24,2025-04-03,Respiratory Infection,339,R333
3464,1765,2025-11-05,2025-11-15,Hypertension,307,R355
3465,1766,2025-08-24,2025-08-28,Chest Pain,311,R359
3466,1766,2025-08-19,2025-08-28,Hypertension,321,R494
3467,1767,2025-05-13,2025-05-21,Hypertension,310,R173
3468,1767,2025-08-27,2025-09-03,Hypertension,307,R419
3469,1767,2025-06-05,2025-06-07,Hypertension,321,R390
3470,1768,2025-07-23,2025-07-30,Respiratory Infection,316,R160
3471,1769,2025-06-10,2025-06-12,Hypertension,310,R196
3472,1769,2025-04-19,2025-04-28,Hypertension,310,R388
3473,1770,2025-04-09,2025-04-17,Heart Failure,340,R120
3474,1770,2025-10-02,2025-10-05,Heart Failure,332,R107
3475,1771,2025-11-29,2025-12-01,Pneumonia,306,R143
3476,1772,2025-07-28,2025-07-30,Hypertension,307,R464
3477,1772,2025-07-04,2025-07-13,Chest Pain,319,R183
3478,1773,2026-03-05,2026-03-12,Respiratory Infection,302,R140
3479,1774,2026-01-31,2026-02-02,Asthma Attack,325,R216
3480,1774,2025-11-13,2025-11-18,Asthma Attack,306,R405
3481,1774,2025-03-20,2025-03-23,Respiratory Infection,322,R196
3482,1775,2025-09-28,2025-10-03,Heart Failure,333,R329
3483,1776,2025-04-16,2025-04-23,Pneumonia,339,R240
3484,1776,2026-03-09,2026-03-17,Pneumonia,306,R224
3485,1776,2025-05-19,2025-05-23,Pneumonia,302,R167
3486,1777,2025-11-12,2025-11-14,Pneumonia,316,R102
3487,1777,2026-03-10,2026-03-12,Respiratory Infection,337,R160
3488,1778,2026-02-22,2026-02-27,Diabetes Complication,317,R171
3489,1778,2025-06-04,2025-06-10,Heart Failure,340,R460
3490,1778,2025-08-12,2025-08-19,Diabetes Complication,328,R483
3491,1779,2025-07-13,2025-07-20,Pneumonia,337,R164
3492,1779,2025-06-10,2025-06-13,Respiratory Infection,316,R326
3493,1779,2025-09-30,2025-10-05,Respiratory Infection,339,R241
3494,1780,2025-12-25,2025-12-29,Respiratory Infection,325,R193
3495,1780,2025-12-25,2025-12-29,Respiratory Infection,339,R134
3496,1781,2025-12-30,2026-01-04,Hypertension,310,R141
3497,1781,2025-09-30,2025-10-04,Chest Pain,320,R485
3498,1781,2025-08-09,2025-08-18,Hypertension,321,R331
3499,1782,2025-09-13,2025-09-16,Respiratory Infection,339,R205
3500,1782,2025-10-13,2025-10-17,Respiratory Infection,339,R495
3501,1783,2025-08-20,2025-08-29,Hypertension,310,R409
3502,1783,2026-01-07,2026-01-14,Hypertension,314,R484
3503,1783,2025-07-29,2025-08-05,Hypertension,321,R220
3504,1784,2025-10-11,2025-10-18,Pneumonia,301,R382
3505,1785,2026-02-25,2026-03-07,Pneumonia,301,R461
3506,1785,2026-01-26,2026-01-30,Pneumonia,316,R147
3507,1785,2025-05-26,2025-06-03,Pneumonia,316,R330
3508,1786,2026-02-28,2026-03-03,Pneumonia,316,R371
3509,1786,2025-09-06,2025-09-14,Pneumonia,316,R437
3510,1786,2025-06-30,2025-07-04,Pneumonia,325,R248
3511,1787,2025-05-03,2025-05-09,Respiratory Infection,316,R187
3512,1787,2025-09-20,2025-09-26,Respiratory Infection,325,R101
3513,1787,2025-08-31,2025-09-07,Pneumonia,301,R138
3514,1788,2025-05-07,2025-05-13,Respiratory Infection,339,R145
3515,1789,2025-04-29,2025-05-04,Pneumonia,339,R122
3516,1790,2025-05-02,2025-05-12,Chest Pain,333,R415
3517,1790,2025-09-14,2025-09-19,Chest Pain,324,R379
3518,1791,2025-05-06,2025-05-11,Hypertension,321,R175
3519,1792,2025-05-24,2025-06-03,Pneumonia,316,R393
3520,1792,2025-10-27,2025-11-01,Respiratory Infection,316,R178
3521,1793,2025-08-15,2025-08-24,Respiratory Infection,306,R455
3522,1794,2025-11-22,2025-11-24,Heart Failure,313,R382
3523,1795,2026-01-06,2026-01-14,Hypertension,310,R357
3524,1795,2025-11-16,2025-11-25,Hypertension,314,R491
3525,1796,2025-03-24,2025-03-26,Heart Failure,320,R374
3526,1797,2026-01-21,2026-01-25,Diabetes Complication,315,R143
3527,1798,2025-08-11,2025-08-13,Heart Failure,340,R441
3528,1799,2025-11-28,2025-12-04,Chest Pain,324,R185
3529,1800,2025-05-01,2025-05-09,Hypertension,307,R320
3530,1800,2025-05-03,2025-05-09,Hypertension,310,R245
3531,1801,2025-12-09,2025-12-17,Heart Failure,313,R431
3532,1802,2025-07-20,2025-07-28,Diabetes Complication,328,R103
3533,1802,2026-01-04,2026-01-14,Diabetes Complication,312,R343
3534,1803,2025-05-17,2025-05-20,Diabetes Complication,315,R170
3535,1803,2026-03-11,2026-03-19,Heart Failure,311,R246
3536,1804,2025-10-16,2025-10-23,Pneumonia,339,R319
3537,1805,2025-05-11,2025-05-17,Diabetes Complication,318,R276
3538,1805,2026-03-05,2026-03-11,Diabetes Complication,317,R196
3539,1805,2025-04-16,2025-04-19,Diabetes Complication,328,R440
3540,1806,2025-05-11,2025-05-18,Hypertension,314,R241
3541,1806,2025-07-19,2025-07-23,Hypertension,307,R223
3542,1806,2026-03-10,2026-03-12,Hypertension,307,R399
3543,1807,2025-12-05,2025-12-09,Chest Pain,332,R123
3544,1808,2025-09-29,2025-10-05,Hypertension,314,R485
3545,1808,2026-03-07,2026-03-11,Hypertension,310,R170
3546,1809,2025-06-01,2025-06-11,Respiratory Infection,337,R298
3547,1809,2025-07-14,2025-07-20,Pneumonia,337,R246
3548,1809,2025-09-15,2025-09-18,Respiratory Infection,301,R445
3549,1810,2026-02-16,2026-02-25,Respiratory Infection,302,R398
3550,1810,2025-12-15,2025-12-24,Respiratory Infection,337,R124
3551,1811,2025-12-25,2026-01-01,Respiratory Infection,306,R116
3552,1811,2025-05-07,2025-05-16,Pneumonia,316,R252
3553,1812,2025-10-13,2025-10-16,Respiratory Infection,325,R327
3554,1812,2025-11-26,2025-11-29,Respiratory Infection,322,R371
3555,1813,2025-08-20,2025-08-25,Respiratory Infection,337,R458
3556,1813,2025-06-01,2025-06-08,Respiratory Infection,322,R473
3557,1814,2025-04-19,2025-04-23,Heart Failure,332,R261
3558,1814,2026-01-21,2026-01-30,Heart Failure,311,R144
3559,1815,2025-08-18,2025-08-22,Respiratory Infection,316,R201
3560,1816,2025-08-25,2025-09-03,Hypertension,310,R374
3561,1816,2026-02-22,2026-03-04,Hypertension,307,R387
3562,1817,2025-07-05,2025-07-07,Hypertension,321,R276
3563,1818,2025-04-05,2025-04-08,Pneumonia,302,R350
3564,1819,2025-11-07,2025-11-16,Respiratory Infection,339,R103
3565,1820,2025-10-18,2025-10-20,Respiratory Infection,302,R374
3566,1820,2025-12-22,2025-12-30,Respiratory Infection,325,R163
3567,1820,2025-07-01,2025-07-07,Pneumonia,316,R464
3568,1821,2025-07-20,2025-07-27,Hypertension,307,R444
3569,1822,2025-11-12,2025-11-19,Respiratory Infection,339,R199
3570,1822,2025-10-29,2025-10-31,Asthma Attack,316,R224
3571,1823,2025-06-20,2025-06-28,Pneumonia,306,R336
3572,1823,2026-02-17,2026-02-22,Respiratory Infection,306,R303
3573,1824,2026-02-01,2026-02-05,Heart Failure,319,R473
3574,1824,2025-07-05,2025-07-09,Heart Failure,332,R434
3575,1824,2026-01-17,2026-01-20,Chest Pain,320,R411
3576,1825,2026-02-01,2026-02-09,Heart Failure,309,R298
3577,1826,2026-03-06,2026-03-12,Hypertension,310,R265
3578,1827,2025-08-01,2025-08-10,Respiratory Infection,306,R115
3579,1827,2025-11-24,2025-12-01,Respiratory Infection,302,R468
3580,1828,2025-06-01,2025-06-06,Heart Failure,320,R210
3581,1828,2025-12-09,2025-12-15,Heart Failure,313,R437
3582,1828,2025-10-20,2025-10-25,Heart Failure,303,R399
3583,1829,2025-10-30,2025-11-04,Heart Failure,309,R104
3584,1829,2025-09-29,2025-10-04,Diabetes Complication,328,R491
3585,1829,2025-09-22,2025-10-02,Heart Failure,333,R387
3586,1830,2025-10-13,2025-10-18,Hypertension,314,R448
3587,1830,2026-02-15,2026-02-20,Hypertension,314,R305
3588,1831,2025-08-21,2025-08-31,Chest Pain,303,R147
3589,1832,2025-09-01,2025-09-09,Pneumonia,337,R492
3590,1833,2025-03-22,2025-03-26,Respiratory Infection,301,R133
3591,1833,2025-06-26,2025-07-04,Respiratory Infection,316,R459
3592,1833,2025-10-11,2025-10-17,Pneumonia,302,R468
3593,1834,2025-03-13,2025-03-19,Heart Failure,303,R262
3594,1834,2025-05-17,2025-05-25,Heart Failure,313,R454
3595,1835,2026-01-31,2026-02-07,Chest Pain,319,R151
3596,1835,2025-11-15,2025-11-18,Heart Failure,320,R425
3597,1835,2025-03-11,2025-03-13,Heart Failure,311,R184
3598,1836,2025-12-25,2025-12-28,Pneumonia,339,R464
3599,1837,2026-03-08,2026-03-14,Respiratory Infection,337,R330
3600,1838,2025-07-24,2025-07-30,Respiratory Infection,339,R415
3601,1839,2025-12-16,2025-12-18,Pneumonia,337,R333
3602,1839,2026-02-17,2026-02-24,Pneumonia,337,R180
3603,1840,2026-02-28,2026-03-03,Hypertension,310,R350
3604,1840,2025-09-07,2025-09-10,Hypertension,321,R295
3605,1840,2025-08-08,2025-08-16,Hypertension,307,R244
3606,1841,2025-07-27,2025-07-31,Pneumonia,337,R134
3607,1841,2026-02-19,2026-02-25,Pneumonia,306,R461
3608,1841,2025-07-17,2025-07-24,Pneumonia,316,R202
3609,1842,2025-04-07,2025-04-17,Respiratory Infection,316,R120
3610,1842,2026-01-07,2026-01-11,Asthma Attack,339,R147
3611,1842,2025-12-17,2025-12-27,Asthma Attack,322,R407
3612,1843,2025-06-26,2025-07-05,Pneumonia,339,R238
3613,1843,2025-05-21,2025-05-30,Respiratory Infection,301,R214
3614,1844,2025-12-01,2025-12-06,Respiratory Infection,301,R303
3615,1844,2025-10-18,2025-10-26,Pneumonia,322,R113
3616,1844,2025-08-15,2025-08-17,Pneumonia,337,R416
3617,1845,2026-02-12,2026-02-22,Hypertension,310,R299
3618,1845,2025-10-30,2025-11-02,Hypertension,321,R333
3619,1846,2025-07-02,2025-07-12,Hypertension,310,R204
3620,1846,2026-02-20,2026-02-25,Hypertension,321,R204
3621,1846,2025-11-06,2025-11-12,Hypertension,307,R164
3622,1847,2025-07-19,2025-07-25,Diabetes Complication,317,R477
3623,1848,2025-11-30,2025-12-07,Chest Pain,309,R180
3624,1848,2025-09-30,2025-10-07,Chest Pain,313,R238
3625,1849,2025-04-27,2025-05-05,Heart Failure,320,R247
3626,1849,2025-12-26,2026-01-03,Heart Failure,319,R490
3627,1849,2025-12-15,2025-12-17,Chest Pain,340,R159
3628,1850,2026-01-18,2026-01-20,Heart Failure,320,R223
3629,1850,2025-07-29,2025-08-04,Heart Failure,332,R116
3630,1850,2025-05-31,2025-06-04,Diabetes Complication,312,R258
3631,1851,2025-05-18,2025-05-26,Pneumonia,316,R444
3632,1851,2025-08-24,2025-08-29,Respiratory Infection,322,R436
3633,1852,2026-03-07,2026-03-12,Chest Pain,320,R296
3634,1852,2025-05-04,2025-05-08,Hypertension,321,R337
3635,1852,2026-02-19,2026-02-23,Chest Pain,313,R205
3636,1853,2025-08-31,2025-09-07,Diabetes Complication,318,R158
3637,1854,2025-08-27,2025-09-01,Chest Pain,303,R108
3638,1855,2025-09-24,2025-10-01,Hypertension,321,R324
3639,1856,2025-10-28,2025-11-04,Respiratory Infection,325,R252
3640,1856,2026-01-06,2026-01-12,Respiratory Infection,301,R386
3641,1857,2026-02-25,2026-03-04,Respiratory Infection,302,R440
3642,1857,2025-12-26,2026-01-03,Pneumonia,302,R329
3643,1857,2026-02-19,2026-02-25,Pneumonia,301,R429
3644,1858,2025-07-24,2025-08-01,Asthma Attack,301,R451
3645,1859,2025-08-08,2025-08-18,Pneumonia,316,R390
3646,1859,2025-12-06,2025-12-08,Respiratory Infection,339,R349
3647,1860,2025-05-29,2025-06-01,Chest Pain,333,R347
3648,1860,2025-06-25,2025-07-04,Heart Failure,311,R218
3649,1861,2025-12-28,2026-01-05,Hypertension,321,R217
3650,1861,2025-10-10,2025-10-20,Hypertension,310,R296
3651,1862,2025-06-27,2025-07-02,Heart Failure,309,R380
3652,1862,2025-08-12,2025-08-19,Diabetes Complication,312,R131
3653,1863,2025-04-07,2025-04-14,Respiratory Infection,339,R168
3654,1864,2025-03-16,2025-03-18,Chest Pain,333,R217
3655,1864,2025-05-05,2025-05-07,Heart Failure,333,R192
3656,1864,2025-11-19,2025-11-29,Heart Failure,309,R187
3657,1865,2025-09-06,2025-09-08,Chest Pain,313,R451
3658,1866,2025-11-05,2025-11-13,Heart Failure,324,R170
3659,1866,2025-04-19,2025-04-26,Diabetes Complication,317,R459
3660,1866,2025-05-11,2025-05-21,Heart Failure,332,R227
3661,1867,2025-08-28,2025-09-03,Pneumonia,325,R214
3662,1867,2025-03-14,2025-03-18,Respiratory Infection,301,R302
3663,1867,2025-06-20,2025-06-27,Respiratory Infection,306,R472
3664,1868,2025-03-18,2025-03-22,Chest Pain,320,R418
3665,1869,2026-02-24,2026-03-01,Hypertension,310,R196
3666,1869,2025-12-16,2025-12-26,Chest Pain,332,R338
3667,1869,2025-09-07,2025-09-14,Chest Pain,329,R216
3668,1870,2026-01-27,2026-02-05,Hypertension,310,R135
3669,1871,2025-10-21,2025-10-29,Respiratory Infection,337,R276
3670,1871,2025-05-29,2025-06-05,Respiratory Infection,339,R410
3671,1871,2025-12-06,2025-12-11,Respiratory Infection,301,R424
3672,1872,2026-01-11,2026-01-13,Asthma Attack,339,R326
3673,1873,2025-05-12,2025-05-14,Respiratory Infection,302,R498
3674,1873,2025-07-17,2025-07-20,Respiratory Infection,322,R282
3675,1874,2025-05-18,2025-05-25,Hypertension,321,R410
3676,1875,2025-09-20,2025-09-22,Respiratory Infection,325,R175
3677,1875,2026-02-20,2026-02-22,Asthma Attack,302,R363
3678,1876,2025-04-15,2025-04-17,Heart Failure,303,R373
3679,1877,2025-03-14,2025-03-23,Heart Failure,324,R449
3680,1878,2025-09-05,2025-09-08,Respiratory Infection,302,R202
3681,1878,2025-08-03,2025-08-07,Pneumonia,302,R434
3682,1878,2025-06-07,2025-06-12,Pneumonia,316,R343
3683,1879,2025-06-14,2025-06-16,Respiratory Infection,322,R246
3684,1880,2026-01-08,2026-01-18,Pneumonia,337,R129
3685,1880,2026-02-14,2026-02-22,Respiratory Infection,325,R466
3686,1881,2026-01-08,2026-01-16,Pneumonia,322,R466
3687,1882,2025-04-30,2025-05-10,Hypertension,310,R321
3688,1882,2025-05-17,2025-05-23,Hypertension,310,R202
3689,1882,2026-02-19,2026-02-22,Hypertension,310,R330
3690,1883,2025-08-27,2025-08-31,Chest Pain,320,R302
3691,1883,2025-11-29,2025-12-08,Chest Pain,311,R281
3692,1883,2026-01-26,2026-01-31,Chest Pain,340,R353
3693,1884,2025-05-27,2025-05-31,Hypertension,307,R117
3694,1884,2026-02-22,2026-03-04,Hypertension,321,R193
3695,1885,2025-11-29,2025-12-07,Heart Failure,340,R264
3696,1885,2026-03-10,2026-03-17,Chest Pain,303,R310
3697,1886,2025-04-14,2025-04-16,Respiratory Infection,339,R369
3698,1886,2025-09-02,2025-09-10,Asthma Attack,306,R133
3699,1887,2025-08-20,2025-08-27,Hypertension,314,R328
3700,1888,2025-05-03,2025-05-06,Hypertension,310,R260
3701,1889,2025-10-18,2025-10-22,Hypertension,321,R194
3702,1890,2025-06-15,2025-06-18,Hypertension,307,R429
3703,1891,2025-07-04,2025-07-06,Heart Failure,333,R463
3704,1892,2026-01-20,2026-01-23,Respiratory Infection,306,R379
3705,1892,2025-06-18,2025-06-28,Pneumonia,301,R327
3706,1892,2025-07-01,2025-07-10,Respiratory Infection,306,R304
3707,1893,2025-06-02,2025-06-05,Hypertension,314,R338
3708,1893,2025-07-02,2025-07-06,Hypertension,307,R400
3709,1893,2025-10-13,2025-10-19,Hypertension,310,R193
3710,1894,2026-01-31,2026-02-08,Hypertension,307,R380
3711,1894,2025-05-28,2025-06-04,Hypertension,321,R177
3712,1894,2026-02-04,2026-02-09,Hypertension,310,R264
3713,1895,2025-10-31,2025-11-09,Asthma Attack,301,R102
3714,1896,2025-05-18,2025-05-20,Pneumonia,322,R323
3715,1896,2026-01-16,2026-01-20,Pneumonia,301,R350
3716,1897,2025-09-19,2025-09-26,Hypertension,314,R474
3717,1897,2025-08-31,2025-09-06,Hypertension,310,R135
3718,1897,2025-03-23,2025-03-29,Hypertension,321,R146
3719,1898,2025-04-30,2025-05-10,Hypertension,321,R287
3720,1899,2025-03-31,2025-04-03,Chest Pain,329,R226
3721,1899,2025-11-25,2025-11-28,Heart Failure,340,R106
3722,1899,2025-04-18,2025-04-21,Heart Failure,303,R478
3723,1900,2025-08-03,2025-08-11,Asthma Attack,322,R322
3724,1901,2025-11-20,2025-11-24,Heart Failure,311,R426
3725,1901,2025-08-28,2025-09-07,Heart Failure,311,R229
3726,1902,2025-12-31,2026-01-04,Chest Pain,340,R120
3727,1902,2026-02-01,2026-02-09,Hypertension,321,R122
3728,1903,2025-11-29,2025-12-04,Pneumonia,337,R124
3729,1904,2025-11-10,2025-11-14,Chest Pain,329,R387
3730,1905,2025-04-29,2025-05-05,Hypertension,314,R204
3731,1906,2025-04-15,2025-04-19,Hypertension,314,R430
3732,1906,2025-06-05,2025-06-10,Hypertension,307,R458
3733,1906,2025-09-05,2025-09-08,Hypertension,314,R203
3734,1907,2025-08-02,2025-08-07,Pneumonia,302,R108
3735,1908,2025-05-28,2025-05-30,Respiratory Infection,306,R421
3736,1909,2025-04-23,2025-05-02,Respiratory Infection,339,R382
3737,1910,2026-02-01,2026-02-07,Chest Pain,340,R323
3738,1911,2025-10-02,2025-10-04,Asthma Attack,337,R100
3739,1912,2025-09-15,2025-09-22,Hypertension,307,R413
3740,1912,2026-01-06,2026-01-10,Chest Pain,309,R495
3741,1912,2026-03-11,2026-03-16,Chest Pain,303,R285
3742,1913,2025-07-19,2025-07-29,Respiratory Infection,325,R177
3743,1913,2025-04-12,2025-04-20,Respiratory Infection,301,R202
3744,1913,2025-08-09,2025-08-14,Respiratory Infection,306,R109
3745,1914,2025-08-01,2025-08-10,Hypertension,307,R107
3746,1915,2025-06-27,2025-07-04,Chest Pain,303,R111
3747,1915,2025-05-28,2025-06-05,Hypertension,310,R259
3748,1916,2025-04-13,2025-04-16,Pneumonia,322,R186
3749,1916,2025-05-05,2025-05-13,Pneumonia,325,R386
3750,1917,2026-03-10,2026-03-19,Hypertension,310,R224
3751,1917,2025-10-16,2025-10-23,Hypertension,321,R297
3752,1917,2025-04-10,2025-04-14,Hypertension,314,R474
3753,1918,2026-01-18,2026-01-28,Pneumonia,302,R174
3754,1918,2025-11-01,2025-11-07,Pneumonia,339,R337
3755,1919,2025-07-12,2025-07-15,Hypertension,307,R187
3756,1920,2025-11-23,2025-11-30,Respiratory Infection,339,R119
3757,1920,2025-05-09,2025-05-14,Respiratory Infection,322,R178
3758,1920,2025-12-28,2026-01-07,Pneumonia,302,R306
3759,1921,2025-05-21,2025-05-28,Respiratory Infection,302,R218
3760,1921,2025-12-06,2025-12-08,Respiratory Infection,339,R483
3761,1922,2025-04-28,2025-04-30,Respiratory Infection,301,R164
3762,1922,2026-02-06,2026-02-12,Respiratory Infection,339,R461
3763,1922,2026-03-08,2026-03-16,Respiratory Infection,322,R461
3764,1923,2025-07-30,2025-08-06,Hypertension,321,R492
3765,1923,2025-05-12,2025-05-17,Hypertension,321,R313
3766,1923,2025-12-22,2025-12-26,Hypertension,314,R344
3767,1924,2025-10-08,2025-10-12,Heart Failure,313,R181
3768,1924,2025-10-12,2025-10-14,Diabetes Complication,318,R180
3769,1924,2025-11-08,2025-11-14,Diabetes Complication,315,R250
3770,1925,2025-06-21,2025-06-23,Pneumonia,302,R452
3771,1925,2025-06-02,2025-06-11,Respiratory Infection,301,R231
3772,1926,2026-03-09,2026-03-13,Heart Failure,340,R177
3773,1927,2025-04-25,2025-05-04,Hypertension,310,R308
3774,1928,2025-08-23,2025-08-29,Asthma Attack,302,R183
3775,1928,2025-10-07,2025-10-16,Asthma Attack,325,R465
3776,1928,2025-07-10,2025-07-15,Asthma Attack,316,R256
3777,1929,2026-02-16,2026-02-25,Chest Pain,309,R199
3778,1930,2025-04-14,2025-04-17,Hypertension,310,R143
3779,1931,2025-07-14,2025-07-22,Asthma Attack,316,R176
3780,1931,2025-08-08,2025-08-17,Respiratory Infection,325,R327
3781,1932,2025-07-09,2025-07-15,Respiratory Infection,306,R283
3782,1932,2025-12-14,2025-12-21,Respiratory Infection,302,R178
3783,1932,2025-04-23,2025-04-25,Respiratory Infection,339,R281
3784,1933,2025-11-26,2025-12-06,Chest Pain,320,R237
3785,1933,2025-06-30,2025-07-08,Hypertension,307,R307
3786,1933,2025-04-11,2025-04-20,Chest Pain,309,R382
3787,1934,2025-10-29,2025-10-31,Pneumonia,302,R288
3788,1934,2025-10-16,2025-10-18,Pneumonia,302,R319
3789,1935,2025-06-06,2025-06-10,Asthma Attack,301,R296
3790,1935,2025-06-27,2025-07-06,Respiratory Infection,302,R340
3791,1935,2025-05-30,2025-06-07,Respiratory Infection,322,R175
3792,1936,2025-07-24,2025-07-26,Asthma Attack,322,R123
3793,1936,2026-01-02,2026-01-04,Asthma Attack,306,R276
3794,1936,2025-05-21,2025-05-23,Asthma Attack,301,R267
3795,1937,2025-06-18,2025-06-22,Heart Failure,319,R332
3796,1937,2026-01-02,2026-01-07,Heart Failure,333,R285
3797,1937,2025-05-21,2025-05-29,Heart Failure,333,R296
3798,1938,2025-07-07,2025-07-13,Chest Pain,329,R330
3799,1939,2025-05-06,2025-05-08,Pneumonia,322,R280
3800,1939,2025-10-23,2025-11-02,Pneumonia,301,R265
3801,1940,2025-12-18,2025-12-22,Chest Pain,333,R403
3802,1941,2026-02-20,2026-02-24,Chest Pain,333,R485
3803,1942,2025-12-08,2025-12-13,Asthma Attack,337,R180
3804,1942,2025-08-18,2025-08-20,Asthma Attack,339,R450
3805,1943,2025-11-29,2025-12-03,Chest Pain,340,R445
3806,1943,2025-11-19,2025-11-25,Chest Pain,311,R156
3807,1944,2026-01-15,2026-01-22,Respiratory Infection,339,R358
3808,1944,2025-03-27,2025-04-01,Respiratory Infection,325,R314
3809,1944,2025-05-28,2025-06-05,Respiratory Infection,322,R452
3810,1945,2026-01-09,2026-01-15,Asthma Attack,301,R400
3811,1946,2025-10-10,2025-10-19,Respiratory Infection,306,R383
3812,1946,2025-07-28,2025-08-03,Pneumonia,322,R267
3813,1946,2026-01-10,2026-01-19,Respiratory Infection,337,R267
3814,1947,2026-02-25,2026-03-04,Asthma Attack,325,R421
3815,1947,2025-12-03,2025-12-09,Respiratory Infection,325,R169
3816,1947,2025-05-12,2025-05-21,Respiratory Infection,337,R280
3817,1948,2025-04-04,2025-04-06,Diabetes Complication,318,R225
3818,1949,2026-03-03,2026-03-08,Pneumonia,322,R234
3819,1949,2025-11-03,2025-11-06,Respiratory Infection,302,R500
3820,1950,2025-05-06,2025-05-14,Pneumonia,302,R441
3821,1951,2025-04-13,2025-04-21,Respiratory Infection,322,R282
3822,1952,2025-10-31,2025-11-05,Chest Pain,320,R476
3823,1953,2025-05-04,2025-05-06,Chest Pain,333,R231
3824,1954,2025-07-29,2025-08-08,Hypertension,307,R105
3825,1954,2026-01-04,2026-01-06,Hypertension,321,R135
3826,1954,2025-03-18,2025-03-21,Hypertension,314,R308
3827,1955,2025-11-28,2025-12-05,Respiratory Infection,339,R287
3828,1956,2025-05-26,2025-06-02,Diabetes Complication,318,R332
3829,1956,2025-08-17,2025-08-21,Heart Failure,313,R277
3830,1957,2026-01-18,2026-01-28,Pneumonia,302,R304
3831,1957,2025-06-30,2025-07-06,Pneumonia,306,R439
3832,1958,2025-04-22,2025-04-29,Heart Failure,319,R296
3833,1958,2025-08-04,2025-08-12,Chest Pain,311,R270
3834,1958,2025-05-22,2025-05-25,Chest Pain,311,R267
3835,1959,2025-06-07,2025-06-12,Respiratory Infection,325,R355
3836,1960,2025-06-09,2025-06-19,Pneumonia,322,R468
3837,1960,2025-07-28,2025-08-03,Respiratory Infection,301,R182
3838,1961,2025-04-11,2025-04-14,Pneumonia,325,R204
3839,1961,2026-02-17,2026-02-24,Respiratory Infection,302,R335
3840,1962,2025-09-24,2025-09-29,Hypertension,310,R270
3841,1963,2026-02-15,2026-02-24,Heart Failure,313,R322
3842,1964,2026-02-01,2026-02-10,Pneumonia,339,R465
3843,1964,2025-09-11,2025-09-14,Pneumonia,301,R484
3844,1965,2026-03-03,2026-03-06,Hypertension,314,R234
3845,1965,2025-05-17,2025-05-26,Hypertension,314,R239
3846,1965,2025-06-22,2025-07-01,Hypertension,321,R272
3847,1966,2026-01-28,2026-02-05,Chest Pain,309,R225
3848,1966,2025-05-06,2025-05-11,Hypertension,310,R213
3849,1966,2025-04-01,2025-04-10,Chest Pain,319,R126
3850,1967,2025-07-16,2025-07-25,Heart Failure,309,R483
3851,1968,2025-03-19,2025-03-23,Respiratory Infection,302,R237
3852,1968,2025-08-29,2025-08-31,Pneumonia,302,R407
3853,1968,2025-10-11,2025-10-14,Respiratory Infection,316,R322
3854,1969,2025-10-02,2025-10-04,Respiratory Infection,339,R313
3855,1969,2025-12-05,2025-12-09,Respiratory Infection,306,R233
3856,1970,2025-10-13,2025-10-16,Respiratory Infection,325,R182
3857,1970,2025-04-27,2025-05-01,Respiratory Infection,306,R212
3858,1970,2026-01-19,2026-01-23,Respiratory Infection,325,R163
3859,1971,2025-06-16,2025-06-20,Pneumonia,337,R307
3860,1971,2025-03-21,2025-03-31,Respiratory Infection,301,R181
3861,1972,2025-07-23,2025-07-28,Respiratory Infection,339,R151
3862,1972,2026-02-04,2026-02-10,Pneumonia,322,R220
3863,1972,2025-09-28,2025-10-02,Respiratory Infection,322,R170
3864,1973,2025-12-17,2025-12-22,Asthma Attack,322,R495
3865,1974,2025-04-21,2025-04-26,Chest Pain,320,R266
3866,1975,2025-10-25,2025-11-04,Hypertension,314,R333
3867,1975,2025-10-28,2025-10-31,Hypertension,307,R253
3868,1975,2026-01-09,2026-01-18,Hypertension,310,R127
3869,1976,2025-12-19,2025-12-29,Chest Pain,333,R148
3870,1976,2025-11-17,2025-11-20,Hypertension,310,R478
3871,1977,2026-02-22,2026-02-25,Hypertension,310,R337
3872,1977,2026-03-10,2026-03-12,Hypertension,321,R209
3873,1978,2025-12-13,2025-12-20,Respiratory Infection,337,R200
3874,1979,2025-09-07,2025-09-17,Hypertension,310,R408
3875,1980,2025-08-06,2025-08-11,Respiratory Infection,337,R100
3876,1980,2026-01-17,2026-01-27,Respiratory Infection,339,R151
3877,1981,2025-03-24,2025-04-03,Heart Failure,332,R474
3878,1982,2025-08-15,2025-08-22,Heart Failure,332,R130
3879,1983,2025-09-23,2025-10-02,Hypertension,310,R106
3880,1983,2025-10-17,2025-10-25,Hypertension,321,R179
3881,1984,2025-04-29,2025-05-08,Hypertension,307,R224
3882,1985,2025-11-25,2025-12-04,Hypertension,307,R185
3883,1985,2025-04-02,2025-04-08,Hypertension,314,R299
3884,1985,2026-02-27,2026-03-07,Hypertension,310,R348
3885,1986,2025-06-15,2025-06-22,Diabetes Complication,312,R403
3886,1986,2025-10-30,2025-11-08,Heart Failure,311,R247
3887,1986,2025-08-14,2025-08-19,Heart Failure,333,R296
3888,1987,2025-03-26,2025-04-04,Respiratory Infection,301,R295
3889,1987,2025-12-27,2026-01-04,Respiratory Infection,302,R186
3890,1987,2026-03-03,2026-03-09,Respiratory Infection,325,R115
3891,1988,2025-06-01,2025-06-11,Hypertension,310,R316
3892,1989,2025-06-17,2025-06-19,Pneumonia,302,R208
3893,1989,2025-09-06,2025-09-16,Respiratory Infection,316,R182
3894,1989,2025-12-01,2025-12-10,Respiratory Infection,337,R486
3895,1990,2025-05-02,2025-05-06,Respiratory Infection,337,R219
3896,1991,2025-12-02,2025-12-04,Hypertension,310,R257
3897,1992,2025-12-01,2025-12-11,Hypertension,321,R341
3898,1992,2025-07-23,2025-07-28,Hypertension,321,R192
3899,1993,2025-04-03,2025-04-11,Hypertension,321,R466
3900,1993,2025-06-05,2025-06-15,Hypertension,310,R124
3901,1993,2025-09-16,2025-09-20,Hypertension,310,R329
3902,1994,2025-05-27,2025-06-05,Diabetes Complication,315,R357
3903,1995,2025-07-16,2025-07-24,Hypertension,314,R210
3904,1995,2026-02-09,2026-02-19,Hypertension,310,R160
3905,1996,2025-05-29,2025-06-04,Respiratory Infection,306,R153
3906,1997,2026-03-06,2026-03-14,Hypertension,321,R454
3907,1998,2025-12-21,2025-12-31,Hypertension,321,R112
3908,1998,2025-03-23,2025-03-25,Hypertension,321,R160
3909,1999,2026-01-18,2026-01-20,Asthma Attack,301,R160
3910,1999,2025-12-06,2025-12-08,Asthma Attack,337,R446
3911,1999,2025-08-01,2025-08-04,Respiratory Infection,325,R253
3912,2000,2025-06-09,2025-06-17,Respiratory Infection,302,R422
3913,2000,2026-03-06,2026-03-12,Asthma Attack,322,R462
3914,2000,2026-03-07,2026-03-16,Asthma Attack,337,R106
3915,2001,2025-10-02,2025-10-05,Hypertension,321,R346
3916,2001,2026-01-02,2026-01-04,Chest Pain,324,R443
3917,2002,2025-05-31,2025-06-08,Chest Pain,309,R149
3918,2002,2025-05-10,2025-05-19,Heart Failure,320,R384
3919,2002,2025-10-15,2025-10-19,Chest Pain,340,R386
3920,2003,2026-01-23,2026-02-02,Pneumonia,302,R269
3921,2003,2025-09-18,2025-09-21,Pneumonia,339,R198
3922,2004,2025-12-01,2025-12-10,Pneumonia,302,R256
3923,2005,2025-04-14,2025-04-21,Pneumonia,302,R287
3924,2005,2025-04-29,2025-05-06,Pneumonia,306,R336
3925,2006,2026-01-29,2026-02-07,Respiratory Infection,301,R168
3926,2006,2025-09-17,2025-09-20,Pneumonia,325,R428
3927,2006,2025-06-12,2025-06-18,Respiratory Infection,306,R181
3928,2007,2025-09-26,2025-10-01,Pneumonia,306,R241
3929,2007,2025-08-23,2025-09-02,Pneumonia,302,R439
3930,2008,2025-09-03,2025-09-10,Respiratory Infection,325,R137
3931,2008,2025-04-16,2025-04-25,Asthma Attack,337,R382
3932,2009,2025-07-10,2025-07-15,Heart Failure,332,R444
3933,2009,2025-10-10,2025-10-14,Heart Failure,303,R424
3934,2010,2025-07-13,2025-07-16,Respiratory Infection,301,R237
3935,2010,2025-05-08,2025-05-18,Respiratory Infection,339,R497
3936,2011,2025-06-11,2025-06-20,Asthma Attack,325,R416
3937,2011,2025-09-16,2025-09-20,Asthma Attack,302,R192
3938,2011,2025-06-20,2025-06-25,Asthma Attack,301,R422
3939,2012,2025-07-12,2025-07-14,Chest Pain,333,R491
3940,2012,2025-06-06,2025-06-12,Chest Pain,324,R256
3941,2012,2025-05-01,2025-05-07,Chest Pain,313,R482
3942,2013,2025-09-28,2025-10-01,Diabetes Complication,317,R184
3943,2014,2025-03-13,2025-03-18,Respiratory Infection,306,R124
3944,2014,2026-01-14,2026-01-20,Respiratory Infection,322,R229
3945,2014,2025-11-13,2025-11-16,Asthma Attack,339,R264
3946,2015,2026-02-09,2026-02-17,Respiratory Infection,322,R261
3947,2016,2025-12-19,2025-12-25,Hypertension,314,R450
3948,2017,2026-01-06,2026-01-10,Diabetes Complication,315,R172
3949,2017,2025-10-22,2025-10-28,Heart Failure,340,R310
3950,2018,2025-07-14,2025-07-22,Heart Failure,340,R286
3951,2018,2025-12-23,2025-12-29,Chest Pain,309,R152
3952,2018,2025-10-13,2025-10-20,Chest Pain,309,R154
3953,2019,2025-09-01,2025-09-06,Asthma Attack,339,R293
3954,2019,2026-01-16,2026-01-23,Asthma Attack,337,R270
3955,2019,2026-01-20,2026-01-22,Asthma Attack,302,R301
3956,2020,2025-10-09,2025-10-12,Heart Failure,309,R331
3957,2021,2025-08-11,2025-08-21,Heart Failure,313,R178
3958,2021,2026-01-14,2026-01-18,Heart Failure,333,R273
3959,2022,2025-05-29,2025-06-03,Asthma Attack,325,R468
3960,2022,2025-10-06,2025-10-09,Respiratory Infection,316,R243
3961,2023,2025-05-03,2025-05-11,Chest Pain,340,R123
3962,2023,2026-01-05,2026-01-07,Chest Pain,309,R415
3963,2023,2025-08-11,2025-08-18,Heart Failure,313,R137
3964,2024,2026-01-19,2026-01-24,Pneumonia,301,R105
3965,2024,2026-01-05,2026-01-13,Pneumonia,339,R115
3966,2025,2026-03-06,2026-03-10,Chest Pain,303,R361
3967,2026,2025-11-11,2025-11-17,Hypertension,314,R492
3968,2026,2025-05-06,2025-05-16,Hypertension,310,R109
3969,2027,2025-10-16,2025-10-22,Hypertension,307,R377
3970,2027,2025-12-25,2025-12-28,Hypertension,307,R135
3971,2028,2026-03-07,2026-03-16,Hypertension,321,R197
3972,2029,2026-03-06,2026-03-16,Hypertension,314,R487
3973,2030,2025-07-26,2025-08-01,Pneumonia,302,R352
3974,2030,2025-11-22,2025-11-27,Respiratory Infection,322,R137
3975,2030,2025-10-04,2025-10-08,Respiratory Infection,325,R158
3976,2031,2025-08-02,2025-08-08,Respiratory Infection,316,R361
3977,2032,2025-12-25,2026-01-01,Asthma Attack,301,R404
3978,2032,2025-04-08,2025-04-11,Asthma Attack,339,R358
3979,2033,2025-12-06,2025-12-12,Hypertension,314,R272
3980,2033,2025-12-26,2026-01-02,Hypertension,321,R315
3981,2033,2025-10-25,2025-10-29,Hypertension,307,R208
3982,2034,2025-11-12,2025-11-14,Asthma Attack,301,R317
3983,2034,2026-02-22,2026-03-01,Asthma Attack,339,R300
3984,2035,2025-07-06,2025-07-13,Pneumonia,322,R253
3985,2035,2025-03-13,2025-03-23,Pneumonia,322,R437
3986,2035,2025-04-15,2025-04-19,Respiratory Infection,325,R488
3987,2036,2025-06-28,2025-06-30,Respiratory Infection,316,R479
3988,2036,2025-04-12,2025-04-16,Asthma Attack,302,R475
3989,2036,2025-06-04,2025-06-07,Asthma Attack,301,R141
3990,2037,2025-11-11,2025-11-20,Hypertension,310,R201
3991,2037,2025-10-09,2025-10-14,Hypertension,321,R179
3992,2038,2025-07-16,2025-07-24,Heart Failure,313,R157
3993,2038,2025-08-17,2025-08-27,Diabetes Complication,317,R464
3994,2038,2025-06-02,2025-06-06,Heart Failure,303,R348
3995,2039,2026-03-02,2026-03-11,Respiratory Infection,302,R211
3996,2039,2026-01-26,2026-02-01,Asthma Attack,339,R185
3997,2039,2025-04-25,2025-04-28,Respiratory Infection,339,R284
3998,2040,2025-03-21,2025-03-27,Respiratory Infection,322,R314
3999,2040,2025-05-20,2025-05-30,Respiratory Infection,301,R409
4000,2041,2025-05-26,2025-06-05,Hypertension,314,R383
4001,2041,2025-07-28,2025-08-03,Hypertension,321,R168
4002,2042,2025-08-07,2025-08-14,Hypertension,321,R246
4003,2042,2026-02-24,2026-02-26,Hypertension,314,R378
4004,2042,2026-02-16,2026-02-21,Hypertension,314,R256
4005,2043,2025-05-21,2025-05-23,Pneumonia,306,R174
4006,2043,2025-12-12,2025-12-18,Pneumonia,337,R477
4007,2044,2025-07-17,2025-07-24,Pneumonia,302,R198
4008,2045,2025-09-24,2025-09-28,Pneumonia,339,R154
4009,2046,2025-08-14,2025-08-20,Respiratory Infection,322,R157
4010,2047,2025-08-16,2025-08-25,Hypertension,310,R112
4011,2047,2025-06-16,2025-06-21,Hypertension,314,R436
4012,2048,2025-04-04,2025-04-13,Heart Failure,340,R207
4013,2048,2025-04-06,2025-04-15,Chest Pain,333,R269
4014,2048,2025-04-03,2025-04-07,Chest Pain,309,R378
4015,2049,2025-07-07,2025-07-10,Heart Failure,340,R430
4016,2049,2026-01-02,2026-01-06,Heart Failure,333,R380
4017,2049,2025-09-06,2025-09-09,Chest Pain,309,R108
4018,2050,2025-06-22,2025-07-02,Respiratory Infection,301,R225
4019,2050,2025-12-30,2026-01-03,Asthma Attack,306,R252
4020,2051,2025-10-21,2025-10-24,Pneumonia,302,R245
4021,2051,2025-12-24,2025-12-26,Pneumonia,302,R350
4022,2051,2025-05-14,2025-05-23,Respiratory Infection,322,R211
4023,2052,2026-03-10,2026-03-18,Respiratory Infection,325,R301
4024,2052,2025-11-28,2025-12-04,Respiratory Infection,316,R239
4025,2053,2026-03-03,2026-03-09,Heart Failure,309,R288
4026,2053,2025-12-18,2025-12-26,Heart Failure,309,R276
4027,2053,2026-02-02,2026-02-08,Heart Failure,319,R343
4028,2054,2025-11-17,2025-11-19,Chest Pain,332,R166
4029,2055,2025-11-20,2025-11-22,Asthma Attack,337,R229
4030,2055,2025-11-27,2025-12-05,Asthma Attack,302,R333
4031,2055,2025-07-25,2025-08-02,Asthma Attack,337,R103
4032,2056,2025-05-31,2025-06-03,Diabetes Complication,317,R201
4033,2057,2026-03-10,2026-03-13,Chest Pain,303,R488
4034,2057,2025-10-24,2025-10-31,Chest Pain,340,R295
4035,2058,2026-03-06,2026-03-08,Respiratory Infection,325,R128
4036,2058,2025-04-17,2025-04-23,Respiratory Infection,322,R285
4037,2059,2025-09-04,2025-09-11,Asthma Attack,301,R365
4038,2060,2025-12-04,2025-12-13,Heart Failure,324,R416
4039,2060,2025-08-11,2025-08-13,Heart Failure,303,R158
4040,2061,2025-08-12,2025-08-22,Diabetes Complication,312,R105
4041,2061,2025-06-24,2025-07-01,Heart Failure,332,R490
4042,2061,2026-02-20,2026-02-22,Diabetes Complication,315,R191
4043,2062,2026-03-05,2026-03-07,Pneumonia,339,R306
4044,2062,2025-05-09,2025-05-14,Pneumonia,316,R206
4045,2063,2025-05-07,2025-05-16,Chest Pain,333,R451
4046,2063,2025-09-03,2025-09-10,Hypertension,321,R350
4047,2063,2026-01-26,2026-01-30,Hypertension,307,R382
4048,2064,2025-08-09,2025-08-18,Hypertension,321,R327
4049,2064,2026-02-28,2026-03-03,Hypertension,314,R158
4050,2065,2025-08-14,2025-08-23,Hypertension,307,R375
4051,2065,2025-05-13,2025-05-19,Hypertension,307,R140
4052,2066,2025-07-19,2025-07-27,Asthma Attack,325,R384
4053,2066,2025-10-02,2025-10-12,Respiratory Infection,337,R272
4054,2066,2025-12-06,2025-12-08,Respiratory Infection,325,R147
4055,2067,2025-11-16,2025-11-24,Heart Failure,313,R162
4056,2067,2025-09-16,2025-09-26,Diabetes Complication,318,R405
4057,2068,2025-04-07,2025-04-13,Diabetes Complication,312,R121
4058,2069,2026-01-06,2026-01-12,Chest Pain,340,R280
4059,2069,2025-06-14,2025-06-22,Chest Pain,340,R461
4060,2069,2025-04-06,2025-04-08,Chest Pain,320,R382
4061,2070,2025-05-29,2025-06-07,Chest Pain,332,R331
4062,2070,2025-04-07,2025-04-09,Hypertension,310,R104
4063,2071,2025-09-25,2025-10-03,Asthma Attack,306,R147
4064,2072,2025-05-18,2025-05-28,Respiratory Infection,337,R172
4065,2073,2026-02-15,2026-02-23,Chest Pain,332,R141
4066,2074,2025-06-04,2025-06-08,Hypertension,314,R202
4067,2074,2025-09-20,2025-09-27,Hypertension,314,R326
4068,2075,2025-08-18,2025-08-26,Respiratory Infection,325,R200
4069,2075,2025-05-24,2025-06-01,Respiratory Infection,302,R334
4070,2076,2025-11-02,2025-11-05,Diabetes Complication,328,R436
4071,2076,2025-04-09,2025-04-19,Heart Failure,329,R344
4072,2076,2025-04-08,2025-04-18,Heart Failure,313,R183
4073,2077,2025-08-24,2025-08-28,Pneumonia,322,R154
4074,2077,2025-03-16,2025-03-22,Pneumonia,306,R144
4075,2078,2026-02-11,2026-02-21,Diabetes Complication,315,R109
4076,2078,2025-08-13,2025-08-21,Heart Failure,332,R395
4077,2078,2025-07-10,2025-07-14,Heart Failure,309,R272
4078,2079,2025-12-28,2026-01-02,Respiratory Infection,302,R288
4079,2080,2025-07-01,2025-07-08,Hypertension,307,R301
4080,2080,2025-10-19,2025-10-25,Hypertension,321,R101
4081,2081,2025-05-12,2025-05-19,Asthma Attack,302,R335
4082,2081,2025-07-19,2025-07-29,Asthma Attack,339,R432
4083,2082,2025-04-06,2025-04-14,Chest Pain,333,R496
4084,2083,2025-08-21,2025-08-24,Respiratory Infection,316,R226
4085,2083,2025-08-27,2025-08-29,Pneumonia,316,R486
4086,2083,2025-08-09,2025-08-17,Pneumonia,337,R424
4087,2084,2026-03-09,2026-03-17,Asthma Attack,325,R261
4088,2084,2025-05-11,2025-05-17,Respiratory Infection,337,R408
4089,2084,2025-04-30,2025-05-08,Asthma Attack,322,R100
4090,2085,2026-01-16,2026-01-21,Chest Pain,313,R114
4091,2085,2025-10-14,2025-10-18,Chest Pain,313,R369
4092,2085,2026-03-08,2026-03-10,Chest Pain,311,R189
4093,2086,2025-12-06,2025-12-16,Chest Pain,313,R206
4094,2086,2025-09-22,2025-09-26,Hypertension,321,R100
4095,2086,2025-09-04,2025-09-14,Chest Pain,320,R137
4096,2087,2025-09-21,2025-09-27,Heart Failure,303,R462
4097,2087,2025-09-27,2025-10-01,Chest Pain,324,R171
4098,2088,2025-04-25,2025-04-30,Hypertension,307,R106
4099,2089,2025-12-02,2025-12-07,Heart Failure,333,R274
4100,2089,2025-07-11,2025-07-13,Heart Failure,313,R316
4101,2089,2025-08-25,2025-08-30,Diabetes Complication,315,R394
4102,2090,2025-04-17,2025-04-20,Hypertension,310,R417
4103,2090,2025-06-12,2025-06-19,Chest Pain,313,R478
4104,2090,2026-02-09,2026-02-17,Hypertension,307,R176
4105,2091,2025-09-06,2025-09-13,Asthma Attack,325,R135
4106,2091,2025-12-20,2025-12-25,Respiratory Infection,337,R457
4107,2091,2026-02-08,2026-02-14,Respiratory Infection,302,R421
4108,2092,2025-09-08,2025-09-11,Heart Failure,332,R444
4109,2092,2025-08-12,2025-08-15,Heart Failure,313,R158
4110,2092,2025-12-21,2025-12-25,Heart Failure,319,R410
4111,2093,2025-04-08,2025-04-17,Heart Failure,303,R334
4112,2094,2026-03-05,2026-03-11,Hypertension,321,R215
4113,2095,2025-12-31,2026-01-02,Hypertension,314,R461
4114,2095,2025-04-07,2025-04-11,Hypertension,307,R442
4115,2095,2025-08-24,2025-08-28,Hypertension,307,R335
4116,2096,2026-01-01,2026-01-08,Chest Pain,303,R252
4117,2096,2025-05-29,2025-06-08,Hypertension,321,R123
4118,2097,2025-09-14,2025-09-18,Heart Failure,329,R211
4119,2098,2025-12-28,2026-01-07,Pneumonia,316,R351
4120,2098,2025-12-02,2025-12-11,Pneumonia,322,R197
4121,2099,2025-07-16,2025-07-18,Hypertension,307,R430
4122,2099,2025-11-19,2025-11-29,Hypertension,307,R416
4123,2099,2025-08-22,2025-08-25,Hypertension,321,R219
4124,2100,2025-08-01,2025-08-06,Hypertension,314,R189
4125,2100,2025-11-30,2025-12-08,Hypertension,314,R173
4126,2101,2025-10-19,2025-10-29,Pneumonia,339,R295
4127,2101,2025-04-29,2025-05-04,Respiratory Infection,302,R310
4128,2102,2025-03-27,2025-04-01,Diabetes Complication,328,R249
4129,2103,2025-12-14,2025-12-23,Hypertension,307,R229
4130,2103,2025-10-10,2025-10-13,Hypertension,321,R157
4131,2103,2026-02-17,2026-02-22,Hypertension,314,R363
4132,2104,2025-11-06,2025-11-13,Asthma Attack,339,R201
4133,2105,2026-02-05,2026-02-08,Hypertension,310,R408
4134,2105,2026-03-01,2026-03-07,Hypertension,307,R464
4135,2106,2025-04-24,2025-05-01,Respiratory Infection,337,R203
4136,2106,2026-02-05,2026-02-14,Pneumonia,339,R393
4137,2106,2025-09-17,2025-09-21,Respiratory Infection,325,R426
4138,2107,2025-08-26,2025-08-29,Heart Failure,319,R349
4139,2107,2025-11-02,2025-11-09,Heart Failure,303,R293
4140,2108,2025-04-22,2025-04-26,Chest Pain,340,R466
4141,2108,2025-11-05,2025-11-15,Chest Pain,303,R473
4142,2109,2025-12-13,2025-12-23,Pneumonia,302,R112
4143,2109,2025-06-28,2025-07-01,Respiratory Infection,322,R450
4144,2110,2025-07-09,2025-07-14,Respiratory Infection,306,R267
4145,2111,2025-10-10,2025-10-16,Respiratory Infection,302,R203
4146,2111,2026-02-09,2026-02-13,Respiratory Infection,301,R263
4147,2112,2026-02-23,2026-03-02,Respiratory Infection,339,R436
4148,2113,2026-02-07,2026-02-12,Heart Failure,320,R324
4149,2113,2025-04-10,2025-04-13,Heart Failure,333,R246
4150,2114,2025-09-07,2025-09-12,Diabetes Complication,328,R328
4151,2114,2025-11-14,2025-11-21,Diabetes Complication,315,R350
4152,2115,2025-09-27,2025-10-06,Respiratory Infection,302,R176
4153,2115,2025-10-12,2025-10-18,Asthma Attack,306,R404
4154,2116,2025-09-25,2025-10-03,Respiratory Infection,301,R141
4155,2117,2025-05-13,2025-05-18,Hypertension,310,R417
4156,2118,2025-11-21,2025-11-29,Hypertension,310,R152
4157,2118,2025-12-20,2025-12-26,Hypertension,314,R120
4158,2118,2025-11-30,2025-12-07,Hypertension,314,R367
4159,2119,2025-06-07,2025-06-17,Chest Pain,309,R435
4160,2120,2025-11-17,2025-11-23,Heart Failure,329,R457
4161,2120,2025-06-26,2025-06-30,Heart Failure,324,R166
4162,2120,2025-07-13,2025-07-19,Chest Pain,324,R415
4163,2121,2025-05-20,2025-05-26,Diabetes Complication,315,R424
4164,2121,2025-06-08,2025-06-17,Heart Failure,320,R144
4165,2122,2025-09-08,2025-09-11,Chest Pain,319,R445
4166,2122,2026-03-06,2026-03-10,Chest Pain,329,R221
4167,2123,2025-09-10,2025-09-14,Diabetes Complication,317,R398
4168,2124,2026-03-06,2026-03-15,Hypertension,314,R253
4169,2124,2025-08-10,2025-08-18,Hypertension,321,R256
4170,2124,2025-11-05,2025-11-09,Hypertension,321,R326
4171,2125,2025-10-27,2025-10-31,Hypertension,310,R307
4172,2125,2025-05-28,2025-06-03,Hypertension,321,R226
4173,2126,2026-02-15,2026-02-20,Hypertension,307,R265
4174,2126,2025-03-28,2025-04-06,Hypertension,307,R119
4175,2127,2025-08-08,2025-08-17,Respiratory Infection,302,R490
4176,2127,2026-02-22,2026-03-03,Respiratory Infection,316,R319
4177,2128,2025-08-16,2025-08-24,Respiratory Infection,302,R487
4178,2128,2025-04-20,2025-04-25,Respiratory Infection,316,R288
4179,2129,2026-02-06,2026-02-11,Diabetes Complication,328,R447
4180,2130,2025-12-26,2026-01-01,Respiratory Infection,302,R482
4181,2131,2025-05-06,2025-05-15,Pneumonia,322,R178
4182,2131,2025-06-22,2025-06-25,Respiratory Infection,337,R430
4183,2132,2025-09-15,2025-09-24,Asthma Attack,301,R415
4184,2132,2025-04-26,2025-05-01,Respiratory Infection,337,R489
4185,2133,2025-05-31,2025-06-08,Hypertension,307,R349
4186,2134,2025-04-15,2025-04-19,Heart Failure,329,R313
4187,2134,2025-10-11,2025-10-17,Heart Failure,329,R365
4188,2134,2026-03-10,2026-03-13,Chest Pain,320,R185
4189,2135,2025-06-15,2025-06-22,Respiratory Infection,322,R378
4190,2135,2025-11-18,2025-11-20,Respiratory Infection,301,R359
4191,2136,2025-07-06,2025-07-16,Respiratory Infection,316,R380
4192,2137,2026-01-03,2026-01-09,Hypertension,307,R470
4193,2137,2025-04-03,2025-04-13,Chest Pain,319,R188
4194,2137,2025-08-26,2025-09-01,Hypertension,314,R380
4195,2138,2025-06-25,2025-06-28,Hypertension,307,R338
4196,2138,2025-06-29,2025-07-01,Hypertension,321,R373
4197,2138,2025-12-21,2025-12-26,Hypertension,307,R438
4198,2139,2025-12-31,2026-01-06,Asthma Attack,316,R143
4199,2140,2026-01-12,2026-01-22,Chest Pain,309,R475
4200,2140,2026-01-24,2026-01-31,Chest Pain,313,R294
4201,2141,2025-06-01,2025-06-07,Heart Failure,320,R122
4202,2141,2025-07-10,2025-07-13,Chest Pain,340,R219
4203,2142,2025-05-14,2025-05-23,Heart Failure,324,R264
4204,2142,2025-11-16,2025-11-24,Heart Failure,311,R347
4205,2142,2025-06-09,2025-06-18,Diabetes Complication,312,R423
4206,2143,2025-08-28,2025-09-01,Respiratory Infection,316,R419
4207,2143,2025-11-12,2025-11-21,Pneumonia,301,R214
4208,2144,2026-01-08,2026-01-11,Pneumonia,339,R476
4209,2145,2025-06-04,2025-06-08,Hypertension,310,R192
4210,2145,2025-04-14,2025-04-22,Chest Pain,324,R388
4211,2146,2025-06-18,2025-06-20,Diabetes Complication,315,R342
4212,2146,2025-05-23,2025-05-30,Heart Failure,329,R116
4213,2147,2026-02-23,2026-02-28,Pneumonia,306,R154
4214,2147,2025-08-27,2025-09-04,Respiratory Infection,325,R127
4215,2147,2025-10-24,2025-10-28,Respiratory Infection,337,R134
4216,2148,2025-10-04,2025-10-14,Heart Failure,340,R155
4217,2148,2025-12-23,2025-12-28,Heart Failure,324,R237
4218,2149,2025-09-03,2025-09-12,Chest Pain,320,R404
4219,2149,2025-11-13,2025-11-20,Hypertension,314,R472
4220,2150,2025-11-23,2025-11-27,Pneumonia,325,R228
4221,2150,2025-09-14,2025-09-22,Pneumonia,302,R324
4222,2151,2025-08-10,2025-08-18,Pneumonia,325,R281
4223,2152,2025-07-19,2025-07-27,Diabetes Complication,328,R410
4224,2153,2025-04-18,2025-04-28,Respiratory Infection,337,R308
4225,2154,2026-01-18,2026-01-23,Heart Failure,303,R179
4226,2154,2025-09-21,2025-09-25,Chest Pain,332,R162
4227,2155,2025-10-16,2025-10-22,Respiratory Infection,301,R116
4228,2155,2025-04-12,2025-04-16,Asthma Attack,301,R393
4229,2155,2025-11-23,2025-12-02,Asthma Attack,339,R207
4230,2156,2025-10-24,2025-10-30,Hypertension,321,R298
4231,2156,2025-09-08,2025-09-11,Hypertension,307,R131
4232,2157,2025-07-18,2025-07-26,Respiratory Infection,316,R354
4233,2157,2025-10-02,2025-10-05,Pneumonia,325,R333
4234,2158,2026-02-14,2026-02-20,Respiratory Infection,302,R385
4235,2159,2026-02-12,2026-02-14,Respiratory Infection,325,R213
4236,2160,2025-04-20,2025-04-23,Pneumonia,325,R402
4237,2160,2026-02-24,2026-02-26,Pneumonia,322,R373
4238,2160,2025-09-27,2025-10-02,Respiratory Infection,337,R146
4239,2161,2025-04-19,2025-04-29,Diabetes Complication,328,R334
4240,2162,2025-07-15,2025-07-25,Diabetes Complication,318,R197
4241,2163,2025-05-18,2025-05-28,Respiratory Infection,339,R201
4242,2163,2025-06-19,2025-06-27,Pneumonia,337,R134
4243,2163,2026-03-11,2026-03-16,Respiratory Infection,322,R235
4244,2164,2025-05-25,2025-05-31,Pneumonia,339,R115
4245,2164,2025-06-29,2025-07-03,Pneumonia,339,R445
4246,2165,2026-01-06,2026-01-13,Heart Failure,324,R156
4247,2165,2025-03-24,2025-03-27,Chest Pain,309,R281
4248,2166,2025-04-23,2025-04-28,Hypertension,321,R191
4249,2167,2025-03-31,2025-04-02,Respiratory Infection,301,R103
4250,2167,2025-08-14,2025-08-17,Pneumonia,337,R333
4251,2167,2025-05-16,2025-05-25,Pneumonia,316,R170
4252,2168,2026-02-14,2026-02-21,Hypertension,314,R157
4253,2168,2025-05-20,2025-05-28,Hypertension,307,R250
4254,2168,2025-04-15,2025-04-21,Hypertension,321,R464
4255,2169,2025-11-14,2025-11-21,Respiratory Infection,302,R310
4256,2170,2026-01-14,2026-01-19,Heart Failure,309,R237
4257,2170,2025-08-06,2025-08-16,Heart Failure,320,R398
4258,2170,2025-09-22,2025-09-28,Heart Failure,333,R431
4259,2171,2025-04-04,2025-04-08,Heart Failure,340,R167
4260,2171,2025-11-08,2025-11-10,Diabetes Complication,328,R493
4261,2172,2025-07-07,2025-07-10,Pneumonia,316,R231
4262,2173,2026-02-09,2026-02-14,Heart Failure,324,R166
4263,2173,2025-06-07,2025-06-13,Heart Failure,319,R253
4264,2173,2025-12-14,2025-12-18,Heart Failure,303,R147
4265,2174,2025-09-26,2025-10-04,Heart Failure,333,R359
4266,2175,2025-11-20,2025-11-24,Pneumonia,337,R212
4267,2176,2025-07-29,2025-08-07,Respiratory Infection,316,R478
4268,2176,2025-09-22,2025-09-26,Pneumonia,325,R244
4269,2177,2026-03-06,2026-03-13,Hypertension,307,R176
4270,2178,2025-04-09,2025-04-14,Diabetes Complication,312,R287
4271,2178,2025-12-07,2025-12-17,Heart Failure,313,R327
4272,2179,2025-05-06,2025-05-08,Respiratory Infection,302,R145
4273,2179,2025-06-13,2025-06-19,Respiratory Infection,301,R356
4274,2180,2026-02-06,2026-02-09,Chest Pain,329,R195
4275,2180,2025-08-05,2025-08-15,Heart Failure,340,R341
4276,2180,2025-07-11,2025-07-13,Heart Failure,324,R168
4277,2181,2025-07-18,2025-07-20,Chest Pain,319,R364
4278,2181,2026-02-23,2026-02-25,Hypertension,310,R466
4279,2181,2025-08-18,2025-08-26,Chest Pain,311,R455
4280,2182,2025-03-26,2025-04-02,Hypertension,314,R245
4281,2182,2025-10-08,2025-10-14,Hypertension,310,R127
4282,2183,2025-05-27,2025-05-29,Asthma Attack,322,R370
4283,2183,2025-12-12,2025-12-15,Asthma Attack,322,R317
4284,2184,2025-11-04,2025-11-12,Chest Pain,333,R331
4285,2184,2025-10-11,2025-10-14,Hypertension,314,R472
4286,2184,2025-11-24,2025-11-27,Chest Pain,340,R262
4287,2185,2026-01-10,2026-01-15,Heart Failure,303,R280
4288,2186,2025-07-03,2025-07-08,Hypertension,307,R325
4289,2186,2025-03-17,2025-03-20,Hypertension,310,R243
4290,2187,2025-06-07,2025-06-14,Pneumonia,339,R353
4291,2187,2025-05-21,2025-05-30,Pneumonia,339,R495
4292,2188,2026-01-18,2026-01-24,Respiratory Infection,325,R498
4293,2189,2025-09-25,2025-10-02,Respiratory Infection,302,R456
4294,2189,2026-02-02,2026-02-05,Asthma Attack,302,R477
4295,2190,2025-05-11,2025-05-21,Chest Pain,313,R272
4296,2190,2025-09-26,2025-09-30,Chest Pain,340,R407
4297,2190,2025-08-02,2025-08-12,Heart Failure,309,R201
4298,2191,2026-03-06,2026-03-09,Chest Pain,303,R163
4299,2192,2025-04-24,2025-04-28,Hypertension,310,R213
4300,2192,2025-05-30,2025-06-07,Hypertension,310,R422
4301,2193,2025-07-02,2025-07-12,Heart Failure,329,R252
4302,2193,2025-04-25,2025-05-01,Heart Failure,329,R328
4303,2194,2026-01-29,2026-02-07,Asthma Attack,301,R164
4304,2194,2025-09-11,2025-09-17,Respiratory Infection,339,R107
4305,2195,2025-10-22,2025-10-25,Asthma Attack,316,R207
4306,2195,2026-03-06,2026-03-15,Respiratory Infection,306,R434
4307,2196,2025-04-08,2025-04-11,Heart Failure,313,R294
4308,2196,2025-09-24,2025-09-30,Diabetes Complication,328,R366
4309,2197,2026-03-07,2026-03-12,Chest Pain,313,R333
4310,2197,2026-02-26,2026-03-05,Hypertension,321,R390
4311,2197,2025-10-09,2025-10-16,Chest Pain,333,R314
4312,2198,2025-05-15,2025-05-24,Heart Failure,320,R426
4313,2198,2025-11-17,2025-11-21,Heart Failure,332,R239
4314,2198,2025-12-11,2025-12-15,Heart Failure,313,R480
4315,2199,2025-09-06,2025-09-14,Chest Pain,329,R495
4316,2200,2026-03-01,2026-03-04,Asthma Attack,306,R174
4317,2200,2025-06-09,2025-06-18,Respiratory Infection,339,R341
4318,2200,2025-09-11,2025-09-15,Respiratory Infection,322,R229
4319,2201,2025-05-01,2025-05-08,Diabetes Complication,317,R382
4320,2201,2026-03-05,2026-03-15,Heart Failure,332,R188
4321,2201,2026-02-07,2026-02-17,Diabetes Complication,315,R134
4322,2202,2025-07-17,2025-07-24,Respiratory Infection,316,R166
4323,2203,2025-11-21,2025-11-29,Chest Pain,324,R257
4324,2203,2025-06-04,2025-06-09,Chest Pain,333,R281
4325,2204,2025-03-11,2025-03-17,Hypertension,310,R416
4326,2204,2026-02-20,2026-02-22,Hypertension,321,R167
4327,2205,2025-10-18,2025-10-24,Hypertension,321,R277
4328,2206,2026-03-05,2026-03-13,Hypertension,321,R446
4329,2206,2025-12-28,2026-01-04,Hypertension,314,R116
4330,2206,2026-01-17,2026-01-27,Hypertension,321,R334
4331,2207,2025-08-14,2025-08-21,Respiratory Infection,325,R274
4332,2207,2026-01-27,2026-01-29,Asthma Attack,316,R393
4333,2207,2025-05-11,2025-05-16,Asthma Attack,325,R420
4334,2208,2025-12-13,2025-12-18,Heart Failure,333,R197
4335,2208,2025-06-22,2025-06-25,Diabetes Complication,318,R468
4336,2209,2025-08-19,2025-08-22,Heart Failure,311,R318
4337,2209,2025-07-13,2025-07-22,Diabetes Complication,317,R408
4338,2209,2026-03-03,2026-03-07,Heart Failure,332,R351
4339,2210,2025-11-06,2025-11-13,Pneumonia,301,R223
4340,2210,2025-06-09,2025-06-13,Pneumonia,302,R386
4341,2211,2025-10-19,2025-10-21,Hypertension,307,R234
4342,2211,2025-07-20,2025-07-26,Hypertension,307,R386
4343,2211,2025-05-09,2025-05-12,Hypertension,321,R190
4344,2212,2025-08-26,2025-08-30,Pneumonia,337,R207
4345,2213,2025-08-15,2025-08-18,Respiratory Infection,301,R213
4346,2213,2026-01-20,2026-01-29,Respiratory Infection,316,R440
4347,2213,2026-02-20,2026-03-01,Pneumonia,301,R482
4348,2214,2025-06-18,2025-06-20,Asthma Attack,316,R224
4349,2214,2025-08-06,2025-08-08,Asthma Attack,302,R403
4350,2215,2025-04-02,2025-04-06,Chest Pain,303,R216
4351,2216,2025-10-30,2025-11-08,Chest Pain,320,R383
4352,2216,2026-02-18,2026-02-28,Heart Failure,311,R425
4353,2216,2025-10-29,2025-11-08,Chest Pain,324,R286
4354,2217,2026-02-07,2026-02-15,Diabetes Complication,312,R399
4355,2217,2025-03-27,2025-04-01,Heart Failure,303,R145
4356,2217,2025-12-06,2025-12-14,Diabetes Complication,328,R268
4357,2218,2025-09-17,2025-09-23,Chest Pain,303,R127
4358,2219,2025-06-12,2025-06-18,Heart Failure,333,R199
4359,2219,2026-01-31,2026-02-02,Heart Failure,329,R361
4360,2219,2025-07-28,2025-08-03,Heart Failure,340,R289
4361,2220,2025-09-19,2025-09-22,Chest Pain,332,R397
4362,2220,2026-01-06,2026-01-15,Chest Pain,340,R234
4363,2221,2026-01-02,2026-01-06,Asthma Attack,325,R345
4364,2221,2025-04-11,2025-04-19,Asthma Attack,339,R423
4365,2221,2025-04-15,2025-04-17,Respiratory Infection,322,R212
4366,2222,2025-12-04,2025-12-11,Respiratory Infection,339,R150
4367,2223,2026-02-14,2026-02-21,Hypertension,310,R478
4368,2223,2025-08-12,2025-08-18,Hypertension,307,R244
4369,2224,2025-03-18,2025-03-20,Respiratory Infection,301,R241
4370,2225,2025-07-31,2025-08-06,Chest Pain,303,R228
4371,2226,2026-02-15,2026-02-23,Asthma Attack,302,R269
4372,2226,2026-01-09,2026-01-11,Asthma Attack,322,R256
4373,2226,2025-10-23,2025-10-28,Respiratory Infection,325,R279
4374,2227,2025-11-20,2025-11-27,Heart Failure,319,R422
4375,2227,2026-01-16,2026-01-22,Chest Pain,313,R494
4376,2228,2025-10-13,2025-10-16,Chest Pain,332,R449
4377,2228,2026-01-01,2026-01-04,Chest Pain,311,R330
4378,2228,2025-11-19,2025-11-27,Hypertension,321,R326
4379,2229,2025-04-11,2025-04-18,Heart Failure,324,R372
4380,2229,2025-12-06,2025-12-13,Chest Pain,329,R180
4381,2230,2025-08-05,2025-08-13,Asthma Attack,337,R143
4382,2230,2025-09-02,2025-09-11,Asthma Attack,337,R470
4383,2230,2025-11-28,2025-12-05,Respiratory Infection,306,R338
4384,2231,2026-03-08,2026-03-12,Hypertension,310,R192
4385,2231,2025-08-11,2025-08-16,Hypertension,307,R177
4386,2232,2025-09-03,2025-09-12,Hypertension,310,R281
4387,2232,2025-12-28,2025-12-30,Hypertension,307,R285
4388,2233,2025-08-28,2025-08-31,Asthma Attack,322,R382
4389,2234,2025-12-06,2025-12-12,Diabetes Complication,318,R460
4390,2234,2025-09-13,2025-09-15,Diabetes Complication,312,R381
4391,2235,2025-09-15,2025-09-20,Diabetes Complication,312,R375
4392,2235,2025-06-06,2025-06-13,Heart Failure,313,R497
4393,2236,2025-08-13,2025-08-19,Hypertension,314,R139
4394,2236,2025-07-24,2025-08-01,Chest Pain,329,R191
4395,2237,2025-10-05,2025-10-08,Chest Pain,333,R314
4396,2237,2026-01-24,2026-01-27,Heart Failure,313,R175
4397,2238,2025-05-02,2025-05-10,Hypertension,314,R119
4398,2238,2025-11-27,2025-12-01,Hypertension,310,R486
4399,2239,2025-04-24,2025-04-26,Respiratory Infection,337,R317
4400,2240,2025-11-20,2025-11-30,Pneumonia,306,R140
4401,2241,2026-03-03,2026-03-12,Heart Failure,309,R270
4402,2241,2025-07-07,2025-07-17,Heart Failure,319,R450
4403,2242,2025-09-13,2025-09-17,Hypertension,321,R423
4404,2242,2025-07-22,2025-07-30,Hypertension,321,R297
4405,2243,2026-01-04,2026-01-08,Diabetes Complication,328,R124
4406,2243,2025-11-26,2025-11-29,Diabetes Complication,312,R104
4407,2244,2026-01-14,2026-01-22,Hypertension,314,R278
4408,2244,2025-08-23,2025-08-28,Hypertension,307,R432
4409,2245,2025-07-24,2025-07-26,Hypertension,307,R456
4410,2245,2025-11-07,2025-11-10,Hypertension,314,R161
4411,2246,2025-07-09,2025-07-15,Chest Pain,340,R421
4412,2246,2025-04-23,2025-04-27,Heart Failure,332,R391
4413,2246,2025-04-18,2025-04-24,Heart Failure,333,R247
4414,2247,2025-11-01,2025-11-10,Asthma Attack,322,R227
4415,2248,2026-02-04,2026-02-12,Hypertension,307,R447
4416,2249,2025-03-12,2025-03-19,Hypertension,314,R443
4417,2249,2025-11-16,2025-11-19,Hypertension,314,R431
4418,2249,2026-02-24,2026-03-02,Chest Pain,319,R300
4419,2250,2025-08-26,2025-09-01,Asthma Attack,306,R364
4420,2250,2026-01-27,2026-02-05,Asthma Attack,302,R392
4421,2251,2025-12-22,2025-12-26,Asthma Attack,316,R264
4422,2252,2025-12-02,2025-12-07,Chest Pain,303,R497
4423,2253,2026-02-02,2026-02-11,Hypertension,321,R325
4424,2253,2026-02-10,2026-02-17,Chest Pain,340,R421
4425,2253,2026-01-04,2026-01-14,Chest Pain,313,R299
4426,2254,2025-03-11,2025-03-19,Heart Failure,332,R367
4427,2254,2025-04-12,2025-04-15,Diabetes Complication,312,R220
4428,2254,2026-01-08,2026-01-18,Diabetes Complication,315,R135
4429,2255,2026-02-09,2026-02-18,Diabetes Complication,315,R261
4430,2255,2025-12-16,2025-12-26,Heart Failure,324,R493
4431,2255,2025-11-11,2025-11-14,Heart Failure,311,R149
4432,2256,2026-03-07,2026-03-17,Respiratory Infection,306,R285
4433,2256,2025-06-05,2025-06-15,Respiratory Infection,316,R442
4434,2256,2025-10-01,2025-10-10,Pneumonia,316,R426
4435,2257,2025-09-04,2025-09-11,Respiratory Infection,301,R310
4436,2258,2025-11-17,2025-11-25,Asthma Attack,337,R469
4437,2258,2025-09-18,2025-09-20,Respiratory Infection,301,R403
4438,2259,2025-11-29,2025-12-01,Heart Failure,309,R276
4439,2260,2026-01-17,2026-01-19,Pneumonia,301,R282
4440,2261,2025-05-21,2025-05-26,Respiratory Infection,316,R188
4441,2261,2025-07-30,2025-08-08,Pneumonia,337,R284
4442,2262,2026-01-17,2026-01-21,Pneumonia,322,R245
4443,2263,2025-07-15,2025-07-22,Pneumonia,322,R173
4444,2263,2025-09-09,2025-09-17,Respiratory Infection,339,R136
4445,2264,2025-12-12,2025-12-17,Respiratory Infection,301,R130
4446,2264,2025-07-16,2025-07-21,Respiratory Infection,301,R144
4447,2265,2025-10-11,2025-10-16,Hypertension,314,R491
4448,2265,2025-08-26,2025-08-31,Hypertension,310,R298
4449,2265,2025-10-14,2025-10-16,Hypertension,310,R326
4450,2266,2026-01-19,2026-01-27,Respiratory Infection,306,R493
4451,2266,2025-05-04,2025-05-08,Pneumonia,337,R324
4452,2267,2025-03-12,2025-03-22,Respiratory Infection,322,R198
4453,2267,2026-02-17,2026-02-25,Pneumonia,302,R294
4454,2268,2025-10-16,2025-10-19,Chest Pain,313,R327
4455,2268,2026-01-14,2026-01-24,Heart Failure,324,R420
4456,2269,2025-12-29,2026-01-03,Hypertension,310,R408
4457,2270,2025-07-17,2025-07-25,Heart Failure,340,R167
4458,2271,2026-01-13,2026-01-19,Respiratory Infection,301,R179
4459,2271,2025-12-16,2025-12-26,Respiratory Infection,337,R403
4460,2271,2025-08-15,2025-08-24,Asthma Attack,337,R472
4461,2272,2025-11-18,2025-11-23,Pneumonia,301,R406
4462,2273,2025-06-28,2025-07-06,Hypertension,310,R431
4463,2273,2025-08-30,2025-09-02,Chest Pain,320,R220
4464,2274,2026-02-18,2026-02-26,Pneumonia,301,R369
4465,2274,2025-11-30,2025-12-07,Respiratory Infection,316,R121
4466,2274,2026-01-17,2026-01-24,Respiratory Infection,339,R316
4467,2275,2025-04-29,2025-05-06,Respiratory Infection,302,R292
4468,2275,2026-02-11,2026-02-18,Pneumonia,301,R415
4469,2275,2026-02-25,2026-03-07,Respiratory Infection,301,R268
4470,2276,2026-01-10,2026-01-18,Respiratory Infection,302,R284
4471,2276,2025-06-22,2025-06-27,Pneumonia,306,R328
4472,2277,2026-03-07,2026-03-15,Pneumonia,337,R281
4473,2277,2025-08-19,2025-08-21,Respiratory Infection,325,R396
4474,2277,2025-11-23,2025-11-29,Respiratory Infection,339,R316
4475,2278,2026-02-27,2026-03-07,Hypertension,310,R330
4476,2278,2026-02-04,2026-02-06,Hypertension,310,R441
4477,2278,2025-06-01,2025-06-03,Hypertension,310,R410
4478,2279,2025-07-16,2025-07-23,Respiratory Infection,301,R324
4479,2279,2025-06-09,2025-06-12,Pneumonia,339,R455
4480,2280,2025-12-15,2025-12-21,Hypertension,321,R307
4481,2281,2025-10-01,2025-10-03,Heart Failure,320,R229
4482,2282,2026-02-05,2026-02-07,Heart Failure,319,R216
4483,2282,2025-12-11,2025-12-16,Diabetes Complication,315,R342
4484,2282,2025-12-03,2025-12-11,Diabetes Complication,318,R190
4485,2283,2025-11-17,2025-11-27,Pneumonia,322,R334
4486,2283,2025-08-09,2025-08-13,Pneumonia,302,R177
4487,2284,2025-06-07,2025-06-09,Chest Pain,303,R386
4488,2284,2025-08-19,2025-08-21,Heart Failure,313,R107
4489,2284,2025-07-28,2025-08-05,Heart Failure,324,R465
4490,2285,2025-11-14,2025-11-16,Heart Failure,319,R143
4491,2285,2025-11-27,2025-11-29,Heart Failure,332,R333
4492,2285,2025-11-06,2025-11-09,Diabetes Complication,312,R225
4493,2286,2026-02-16,2026-02-26,Chest Pain,329,R366
4494,2286,2025-05-19,2025-05-24,Chest Pain,309,R187
4495,2286,2026-01-03,2026-01-10,Hypertension,314,R264
4496,2287,2026-02-09,2026-02-17,Hypertension,321,R107
4497,2288,2025-06-18,2025-06-23,Hypertension,307,R397
4498,2289,2026-01-11,2026-01-20,Hypertension,307,R426
4499,2289,2025-10-05,2025-10-15,Hypertension,307,R428
4500,2289,2025-12-31,2026-01-03,Hypertension,310,R187
4501,2290,2025-09-18,2025-09-21,Chest Pain,324,R318
4502,2290,2025-07-10,2025-07-20,Chest Pain,303,R272
4503,2291,2026-03-01,2026-03-06,Heart Failure,303,R111
4504,2291,2025-06-03,2025-06-06,Chest Pain,309,R219
4505,2292,2025-10-22,2025-10-29,Respiratory Infection,302,R305
4506,2293,2025-06-28,2025-07-01,Heart Failure,320,R340
4507,2294,2025-10-02,2025-10-07,Pneumonia,337,R474
4508,2294,2025-09-21,2025-09-25,Pneumonia,339,R333
4509,2295,2025-05-15,2025-05-25,Hypertension,307,R451
4510,2295,2025-03-23,2025-03-31,Hypertension,321,R280
4511,2295,2025-08-15,2025-08-21,Hypertension,307,R334
4512,2296,2025-03-31,2025-04-02,Hypertension,310,R154
4513,2296,2025-12-30,2026-01-04,Hypertension,321,R182
4514,2296,2026-03-08,2026-03-11,Hypertension,321,R314
4515,2297,2025-12-15,2025-12-22,Hypertension,310,R161
4516,2297,2025-09-28,2025-10-03,Hypertension,310,R214
4517,2298,2026-01-06,2026-01-09,Chest Pain,329,R327
4518,2298,2025-09-23,2025-10-02,Chest Pain,340,R385
4519,2298,2025-05-24,2025-05-30,Hypertension,307,R387
4520,2299,2025-10-10,2025-10-16,Chest Pain,320,R204
4521,2300,2026-01-04,2026-01-08,Hypertension,314,R426
4522,2301,2025-12-08,2025-12-15,Pneumonia,337,R442
4523,2301,2025-08-03,2025-08-11,Pneumonia,325,R445
4524,2302,2025-09-15,2025-09-18,Heart Failure,340,R475
4525,2302,2025-06-19,2025-06-26,Chest Pain,309,R366
4526,2303,2025-05-07,2025-05-10,Pneumonia,316,R162
4527,2303,2025-04-15,2025-04-24,Pneumonia,316,R220
4528,2304,2025-11-09,2025-11-19,Chest Pain,324,R422
4529,2304,2025-08-28,2025-08-30,Chest Pain,309,R207
4530,2304,2025-11-27,2025-12-06,Heart Failure,333,R177
4531,2305,2025-08-18,2025-08-21,Respiratory Infection,301,R280
4532,2306,2025-03-17,2025-03-27,Chest Pain,311,R119
4533,2306,2025-05-11,2025-05-17,Heart Failure,340,R389
4534,2306,2025-05-21,2025-05-23,Heart Failure,324,R484
4535,2307,2025-03-25,2025-03-29,Respiratory Infection,322,R379
4536,2307,2025-06-01,2025-06-10,Asthma Attack,316,R235
4537,2308,2025-05-08,2025-05-15,Hypertension,307,R267
4538,2308,2025-10-16,2025-10-22,Hypertension,310,R294
4539,2308,2025-12-16,2025-12-19,Hypertension,310,R420
4540,2309,2025-03-21,2025-03-30,Pneumonia,301,R311
4541,2309,2025-11-21,2025-11-24,Pneumonia,302,R233
4542,2310,2025-06-25,2025-06-28,Hypertension,310,R260
4543,2311,2026-01-25,2026-02-04,Chest Pain,332,R229
4544,2311,2025-04-04,2025-04-14,Chest Pain,333,R199
4545,2312,2025-12-25,2025-12-31,Respiratory Infection,316,R263
4546,2313,2026-01-10,2026-01-18,Pneumonia,325,R337
4547,2313,2026-02-19,2026-02-28,Pneumonia,325,R482
4548,2313,2025-05-28,2025-06-04,Pneumonia,339,R333
4549,2314,2026-02-03,2026-02-10,Chest Pain,311,R406
4550,2314,2025-07-15,2025-07-22,Chest Pain,303,R175
4551,2315,2025-12-31,2026-01-02,Diabetes Complication,312,R161
4552,2315,2025-11-22,2025-11-30,Diabetes Complication,318,R282
4553,2315,2026-03-05,2026-03-13,Heart Failure,313,R351
4554,2316,2025-09-20,2025-09-29,Asthma Attack,337,R419
4555,2316,2025-11-15,2025-11-20,Asthma Attack,325,R198
4556,2316,2025-08-11,2025-08-21,Asthma Attack,301,R306
4557,2317,2025-09-01,2025-09-07,Chest Pain,303,R415
4558,2317,2025-08-11,2025-08-19,Hypertension,321,R131
4559,2317,2025-06-28,2025-07-05,Chest Pain,324,R373
4560,2318,2025-08-21,2025-08-29,Hypertension,310,R433
4561,2318,2025-12-12,2025-12-15,Hypertension,321,R404
4562,2318,2025-08-24,2025-09-02,Hypertension,310,R366
4563,2319,2026-01-17,2026-01-19,Respiratory Infection,322,R146
4564,2319,2025-03-17,2025-03-27,Respiratory Infection,302,R212
4565,2319,2026-02-24,2026-03-03,Asthma Attack,306,R326
4566,2320,2025-10-18,2025-10-20,Hypertension,307,R316
4567,2321,2025-03-19,2025-03-24,Pneumonia,301,R107
4568,2321,2025-04-02,2025-04-04,Pneumonia,325,R321
4569,2321,2026-02-14,2026-02-19,Respiratory Infection,302,R101
4570,2322,2025-03-21,2025-03-24,Hypertension,314,R119
4571,2322,2025-09-15,2025-09-20,Chest Pain,311,R391
4572,2323,2025-10-21,2025-10-25,Heart Failure,340,R387
4573,2323,2025-03-22,2025-03-28,Diabetes Complication,328,R223
4574,2323,2025-09-29,2025-10-03,Diabetes Complication,318,R340
4575,2324,2025-05-14,2025-05-20,Heart Failure,319,R319
4576,2324,2025-03-15,2025-03-24,Heart Failure,333,R147
4577,2325,2026-02-13,2026-02-17,Hypertension,321,R474
4578,2325,2026-01-09,2026-01-18,Hypertension,307,R201
4579,2326,2025-07-04,2025-07-09,Hypertension,310,R234
4580,2326,2025-09-18,2025-09-21,Chest Pain,329,R284
4581,2327,2025-10-28,2025-11-06,Heart Failure,311,R159
4582,2327,2025-10-17,2025-10-26,Chest Pain,320,R493
4583,2327,2025-12-02,2025-12-07,Heart Failure,319,R464
4584,2328,2025-10-26,2025-11-02,Hypertension,310,R443
4585,2328,2025-06-07,2025-06-14,Hypertension,310,R484
4586,2328,2025-04-25,2025-05-05,Chest Pain,313,R456
4587,2329,2025-07-08,2025-07-13,Pneumonia,322,R471
4588,2330,2025-03-25,2025-04-03,Pneumonia,339,R391
4589,2330,2025-07-18,2025-07-25,Respiratory Infection,339,R441
4590,2331,2025-12-31,2026-01-08,Respiratory Infection,322,R341
4591,2331,2025-07-12,2025-07-22,Pneumonia,325,R337
4592,2331,2025-04-02,2025-04-04,Pneumonia,306,R216
4593,2332,2025-12-16,2025-12-18,Heart Failure,333,R433
4594,2332,2026-01-26,2026-01-28,Heart Failure,340,R149
4595,2332,2025-08-27,2025-09-01,Heart Failure,329,R234
4596,2333,2025-10-17,2025-10-19,Hypertension,314,R344
4597,2333,2026-03-10,2026-03-12,Hypertension,321,R231
4598,2334,2025-10-21,2025-10-25,Heart Failure,303,R267
4599,2335,2025-07-13,2025-07-23,Respiratory Infection,316,R340
4600,2336,2025-08-15,2025-08-22,Chest Pain,313,R394
4601,2336,2025-04-26,2025-05-06,Hypertension,314,R401
4602,2337,2025-10-30,2025-11-09,Chest Pain,329,R167
4603,2337,2025-11-22,2025-11-26,Chest Pain,311,R112
4604,2338,2025-05-20,2025-05-24,Asthma Attack,339,R119
4605,2338,2025-11-18,2025-11-24,Respiratory Infection,322,R305
4606,2338,2025-06-08,2025-06-12,Asthma Attack,339,R446
4607,2339,2025-12-12,2025-12-18,Respiratory Infection,301,R445
4608,2339,2025-06-11,2025-06-17,Respiratory Infection,322,R196
4609,2340,2025-11-14,2025-11-24,Heart Failure,340,R448
4610,2340,2025-08-22,2025-08-30,Heart Failure,329,R339
4611,2340,2026-02-03,2026-02-05,Diabetes Complication,312,R266
4612,2341,2025-04-28,2025-05-08,Hypertension,310,R288
4613,2341,2026-01-22,2026-01-27,Hypertension,307,R315
4614,2342,2025-11-03,2025-11-05,Respiratory Infection,306,R299
4615,2342,2025-05-25,2025-06-02,Respiratory Infection,302,R240
4616,2342,2026-01-13,2026-01-16,Respiratory Infection,316,R237
4617,2343,2026-02-17,2026-02-27,Hypertension,314,R496
4618,2343,2025-05-19,2025-05-28,Hypertension,307,R452
4619,2343,2026-01-01,2026-01-04,Hypertension,307,R126
4620,2344,2025-07-04,2025-07-06,Chest Pain,333,R318
4621,2344,2025-08-06,2025-08-14,Chest Pain,320,R118
4622,2345,2025-11-06,2025-11-15,Chest Pain,340,R210
4623,2345,2026-03-02,2026-03-04,Hypertension,314,R338
4624,2345,2025-11-18,2025-11-24,Hypertension,321,R128
4625,2346,2025-10-22,2025-10-26,Pneumonia,301,R188
4626,2346,2026-01-15,2026-01-21,Respiratory Infection,339,R462
4627,2347,2025-12-05,2025-12-13,Diabetes Complication,317,R477
4628,2347,2025-09-14,2025-09-20,Heart Failure,303,R389
4629,2347,2026-03-04,2026-03-13,Diabetes Complication,315,R235
4630,2348,2026-01-15,2026-01-20,Hypertension,321,R382
4631,2348,2025-06-26,2025-06-29,Hypertension,321,R294
4632,2348,2025-12-03,2025-12-12,Hypertension,321,R249
4633,2349,2025-10-28,2025-10-30,Asthma Attack,301,R167
4634,2349,2025-09-13,2025-09-21,Respiratory Infection,339,R268
4635,2350,2025-11-05,2025-11-12,Heart Failure,332,R353
4636,2350,2025-04-19,2025-04-24,Chest Pain,319,R123
4637,2350,2026-01-08,2026-01-14,Heart Failure,332,R423
4638,2351,2025-09-20,2025-09-22,Diabetes Complication,312,R120
4639,2352,2026-01-29,2026-01-31,Heart Failure,319,R470
4640,2352,2026-03-02,2026-03-10,Heart Failure,309,R371
4641,2352,2025-07-11,2025-07-20,Heart Failure,329,R197
4642,2353,2025-06-23,2025-06-26,Chest Pain,333,R206
4643,2354,2025-08-26,2025-09-02,Chest Pain,329,R497
4644,2354,2025-08-06,2025-08-15,Heart Failure,313,R342
4645,2354,2025-11-06,2025-11-11,Chest Pain,313,R374
4646,2355,2025-12-25,2026-01-02,Heart Failure,324,R324
4647,2356,2025-10-12,2025-10-19,Respiratory Infection,322,R343
4648,2356,2026-02-14,2026-02-18,Pneumonia,301,R250
4649,2357,2025-06-14,2025-06-21,Respiratory Infection,339,R286
4650,2357,2025-05-21,2025-05-30,Respiratory Infection,302,R320
4651,2357,2025-06-27,2025-07-04,Pneumonia,301,R249
4652,2358,2025-08-21,2025-08-27,Asthma Attack,302,R379
4653,2358,2025-11-29,2025-12-04,Asthma Attack,306,R133
4654,2358,2025-05-11,2025-05-14,Respiratory Infection,302,R377
4655,2359,2025-04-11,2025-04-15,Respiratory Infection,316,R245
4656,2359,2025-03-24,2025-03-28,Respiratory Infection,306,R184
4657,2360,2026-03-05,2026-03-11,Hypertension,310,R320
4658,2361,2025-08-21,2025-08-29,Asthma Attack,337,R348
4659,2361,2025-09-03,2025-09-07,Asthma Attack,337,R176
4660,2362,2025-06-26,2025-07-02,Hypertension,307,R373
4661,2362,2025-07-06,2025-07-12,Chest Pain,309,R173
4662,2362,2025-12-29,2026-01-02,Hypertension,307,R154
4663,2363,2025-11-16,2025-11-18,Hypertension,321,R381
4664,2363,2025-03-30,2025-04-04,Hypertension,310,R236
4665,2364,2025-09-11,2025-09-21,Pneumonia,339,R136
4666,2365,2025-09-24,2025-10-03,Respiratory Infection,339,R286
4667,2365,2025-09-13,2025-09-16,Respiratory Infection,339,R180
4668,2365,2025-12-26,2025-12-30,Pneumonia,301,R139
4669,2366,2026-01-15,2026-01-17,Hypertension,307,R374
4670,2366,2025-08-22,2025-08-26,Hypertension,321,R375
4671,2367,2025-07-20,2025-07-28,Chest Pain,309,R273
4672,2367,2026-03-06,2026-03-15,Chest Pain,329,R395
4673,2367,2026-03-03,2026-03-10,Chest Pain,329,R371
4674,2368,2025-10-26,2025-11-04,Hypertension,321,R118
4675,2368,2025-11-16,2025-11-22,Chest Pain,324,R265
4676,2369,2025-11-13,2025-11-23,Chest Pain,309,R358
4677,2369,2025-10-20,2025-10-24,Chest Pain,320,R414
4678,2369,2025-04-08,2025-04-10,Heart Failure,333,R331
4679,2370,2025-07-23,2025-07-30,Pneumonia,306,R365
4680,2370,2025-06-23,2025-06-29,Respiratory Infection,316,R327
4681,2370,2025-04-13,2025-04-15,Respiratory Infection,322,R396
4682,2371,2025-11-07,2025-11-17,Heart Failure,340,R225
4683,2371,2026-03-01,2026-03-06,Heart Failure,320,R289
4684,2372,2025-08-28,2025-09-03,Pneumonia,339,R368
4685,2373,2026-02-24,2026-03-03,Heart Failure,324,R158
4686,2374,2025-06-12,2025-06-16,Chest Pain,311,R216
4687,2375,2025-12-27,2026-01-06,Chest Pain,320,R409
4688,2376,2025-08-10,2025-08-18,Chest Pain,324,R355
4689,2376,2025-05-10,2025-05-17,Chest Pain,324,R445
4690,2376,2025-04-21,2025-04-29,Chest Pain,332,R198
4691,2377,2025-09-02,2025-09-07,Asthma Attack,337,R413
4692,2377,2025-08-01,2025-08-09,Asthma Attack,301,R347
4693,2378,2025-04-17,2025-04-27,Respiratory Infection,325,R207
4694,2378,2025-11-27,2025-12-03,Asthma Attack,302,R478
4695,2378,2025-10-29,2025-11-08,Respiratory Infection,337,R130
4696,2379,2026-01-05,2026-01-07,Hypertension,321,R381
4697,2379,2025-08-26,2025-08-30,Hypertension,314,R431
4698,2380,2026-02-25,2026-03-07,Hypertension,314,R247
4699,2381,2025-06-02,2025-06-04,Pneumonia,322,R106
4700,2382,2025-04-26,2025-04-29,Respiratory Infection,337,R174
4701,2383,2025-04-12,2025-04-17,Respiratory Infection,322,R138
4702,2383,2025-06-12,2025-06-14,Respiratory Infection,325,R252
4703,2383,2025-07-25,2025-08-04,Respiratory Infection,337,R493
4704,2384,2025-10-11,2025-10-17,Pneumonia,325,R182
4705,2384,2025-06-03,2025-06-10,Respiratory Infection,322,R313
4706,2385,2025-06-29,2025-07-09,Respiratory Infection,301,R161
4707,2386,2026-02-19,2026-02-24,Hypertension,310,R222
4708,2386,2025-06-26,2025-07-01,Hypertension,307,R105
4709,2387,2025-10-29,2025-11-08,Respiratory Infection,322,R380
4710,2387,2025-10-01,2025-10-07,Respiratory Infection,339,R491
4711,2387,2025-04-28,2025-05-04,Pneumonia,301,R284
4712,2388,2025-03-17,2025-03-25,Asthma Attack,302,R394
4713,2388,2026-01-08,2026-01-11,Asthma Attack,339,R424
4714,2388,2025-10-30,2025-11-04,Respiratory Infection,306,R256
4715,2389,2025-11-30,2025-12-08,Respiratory Infection,339,R444
4716,2389,2025-09-27,2025-10-02,Pneumonia,322,R480
4717,2389,2025-11-20,2025-11-26,Respiratory Infection,325,R415
4718,2390,2025-05-08,2025-05-13,Heart Failure,309,R167
4719,2390,2025-08-16,2025-08-22,Heart Failure,324,R283
4720,2391,2025-09-19,2025-09-21,Heart Failure,329,R209
4721,2392,2025-05-15,2025-05-24,Heart Failure,333,R471
4722,2393,2026-02-07,2026-02-14,Diabetes Complication,315,R461
4723,2394,2025-06-01,2025-06-06,Hypertension,314,R438
4724,2394,2025-12-14,2025-12-18,Hypertension,310,R265
4725,2395,2026-01-11,2026-01-18,Chest Pain,324,R118
4726,2396,2025-07-20,2025-07-29,Heart Failure,320,R447
4727,2396,2025-07-07,2025-07-13,Heart Failure,313,R305
4728,2396,2025-10-02,2025-10-07,Heart Failure,309,R499
4729,2397,2025-05-26,2025-06-05,Hypertension,310,R487
4730,2397,2025-06-06,2025-06-10,Hypertension,310,R152
4731,2397,2025-08-23,2025-08-26,Hypertension,314,R383
4732,2398,2026-01-23,2026-01-31,Hypertension,314,R308
4733,2399,2025-07-04,2025-07-14,Heart Failure,311,R105
4734,2399,2025-07-27,2025-08-06,Chest Pain,313,R284
4735,2400,2026-02-12,2026-02-21,Heart Failure,311,R114
4736,2400,2025-08-03,2025-08-11,Heart Failure,332,R273
4737,2400,2025-08-21,2025-08-31,Heart Failure,333,R389
4738,2401,2025-06-25,2025-06-27,Hypertension,321,R362
4739,2401,2025-06-06,2025-06-11,Hypertension,307,R300
4740,2401,2025-09-08,2025-09-13,Hypertension,314,R185
4741,2402,2025-04-16,2025-04-25,Hypertension,307,R102
4742,2403,2026-02-19,2026-02-22,Respiratory Infection,339,R440
4743,2404,2025-04-14,2025-04-19,Respiratory Infection,316,R104
4744,2404,2026-03-11,2026-03-14,Pneumonia,337,R116
4745,2404,2025-03-17,2025-03-19,Pneumonia,302,R243
4746,2405,2025-09-26,2025-10-06,Respiratory Infection,302,R215
4747,2405,2025-11-19,2025-11-25,Respiratory Infection,301,R202
4748,2406,2026-01-15,2026-01-18,Hypertension,321,R448
4749,2406,2025-11-25,2025-12-03,Chest Pain,320,R181
4750,2407,2025-10-08,2025-10-15,Pneumonia,301,R458
4751,2408,2025-03-19,2025-03-25,Pneumonia,339,R141
4752,2409,2026-02-28,2026-03-03,Heart Failure,311,R139
4753,2409,2026-01-07,2026-01-17,Chest Pain,333,R129
4754,2409,2025-06-26,2025-07-02,Chest Pain,340,R125
4755,2410,2026-02-13,2026-02-17,Heart Failure,303,R361
4756,2410,2026-02-27,2026-03-03,Chest Pain,332,R367
4757,2410,2026-01-08,2026-01-18,Chest Pain,311,R298
4758,2411,2025-08-18,2025-08-26,Heart Failure,320,R397
4759,2412,2025-08-03,2025-08-06,Asthma Attack,337,R499
4760,2412,2025-08-31,2025-09-06,Respiratory Infection,337,R440
4761,2413,2025-11-15,2025-11-20,Hypertension,310,R487
4762,2413,2025-08-02,2025-08-11,Hypertension,314,R362
4763,2414,2025-12-31,2026-01-09,Diabetes Complication,315,R160
4764,2414,2025-10-13,2025-10-23,Heart Failure,332,R332
4765,2414,2025-04-13,2025-04-16,Diabetes Complication,328,R121
4766,2415,2025-10-23,2025-10-26,Diabetes Complication,318,R421
4767,2415,2025-06-09,2025-06-13,Diabetes Complication,315,R178
4768,2416,2025-07-22,2025-08-01,Chest Pain,319,R241
4769,2416,2025-11-12,2025-11-17,Heart Failure,340,R464
4770,2416,2026-03-04,2026-03-09,Chest Pain,333,R262
4771,2417,2025-05-30,2025-06-03,Heart Failure,332,R127
4772,2418,2026-02-05,2026-02-08,Heart Failure,333,R245
4773,2418,2025-12-30,2026-01-08,Heart Failure,309,R253
4774,2419,2025-12-12,2025-12-15,Heart Failure,311,R396
4775,2419,2025-06-13,2025-06-23,Chest Pain,332,R196
4776,2419,2025-10-11,2025-10-16,Heart Failure,332,R451
4777,2420,2026-02-22,2026-02-24,Pneumonia,325,R312
4778,2421,2025-04-23,2025-04-28,Heart Failure,309,R173
4779,2422,2025-11-05,2025-11-15,Pneumonia,302,R113
4780,2422,2025-08-03,2025-08-09,Pneumonia,316,R358
4781,2422,2025-07-08,2025-07-12,Respiratory Infection,316,R307
4782,2423,2025-12-29,2026-01-01,Heart Failure,303,R342
4783,2423,2025-07-16,2025-07-24,Chest Pain,319,R316
4784,2424,2026-02-04,2026-02-12,Diabetes Complication,318,R159
4785,2424,2026-02-08,2026-02-18,Diabetes Complication,328,R358
4786,2424,2026-01-10,2026-01-16,Heart Failure,303,R406
4787,2425,2025-10-19,2025-10-28,Asthma Attack,302,R310
4788,2426,2025-12-31,2026-01-03,Hypertension,321,R462
4789,2426,2025-06-08,2025-06-15,Hypertension,307,R286
4790,2426,2025-12-27,2025-12-30,Hypertension,314,R403
4791,2427,2025-05-17,2025-05-23,Respiratory Infection,316,R376
4792,2427,2025-07-02,2025-07-09,Asthma Attack,316,R381
4793,2428,2026-01-08,2026-01-15,Asthma Attack,325,R415
4794,2428,2026-02-02,2026-02-07,Respiratory Infection,339,R482
4795,2428,2025-07-24,2025-07-29,Asthma Attack,316,R343
4796,2429,2025-04-13,2025-04-19,Pneumonia,325,R128
4797,2429,2026-01-25,2026-01-30,Pneumonia,337,R216
4798,2429,2025-10-21,2025-10-27,Respiratory Infection,301,R266
4799,2430,2025-09-14,2025-09-21,Pneumonia,302,R121
4800,2430,2026-01-22,2026-01-26,Respiratory Infection,301,R415
4801,2431,2025-10-16,2025-10-26,Hypertension,307,R163
4802,2431,2025-11-11,2025-11-13,Chest Pain,309,R145
4803,2432,2025-10-13,2025-10-15,Pneumonia,306,R189
4804,2432,2025-04-06,2025-04-11,Respiratory Infection,306,R140
4805,2433,2025-05-09,2025-05-13,Hypertension,321,R301
4806,2434,2025-03-28,2025-04-01,Heart Failure,333,R411
4807,2435,2025-12-27,2025-12-30,Heart Failure,303,R226
4808,2436,2025-05-29,2025-06-05,Asthma Attack,301,R251
4809,2436,2025-03-11,2025-03-21,Respiratory Infection,322,R121
4810,2437,2025-11-01,2025-11-10,Respiratory Infection,301,R303
4811,2437,2025-04-22,2025-04-30,Asthma Attack,306,R402
4812,2438,2025-05-14,2025-05-16,Heart Failure,320,R432
4813,2438,2025-11-07,2025-11-15,Heart Failure,329,R103
4814,2438,2025-12-01,2025-12-11,Heart Failure,320,R244
4815,2439,2025-05-29,2025-06-04,Hypertension,307,R296
4816,2440,2025-12-25,2026-01-01,Heart Failure,333,R433
4817,2440,2025-07-16,2025-07-20,Heart Failure,340,R268
4818,2441,2026-01-15,2026-01-24,Hypertension,307,R168
4819,2441,2026-03-11,2026-03-20,Hypertension,310,R341
4820,2442,2025-08-23,2025-09-01,Hypertension,310,R340
4821,2442,2025-10-31,2025-11-04,Hypertension,310,R226
4822,2442,2025-05-12,2025-05-15,Hypertension,307,R321
4823,2443,2025-07-14,2025-07-19,Hypertension,307,R308
4824,2444,2026-02-01,2026-02-07,Hypertension,314,R109
4825,2445,2025-05-02,2025-05-04,Asthma Attack,339,R101
4826,2446,2026-02-01,2026-02-09,Respiratory Infection,337,R355
4827,2446,2025-09-16,2025-09-26,Pneumonia,302,R307
4828,2447,2025-07-25,2025-08-01,Hypertension,321,R470
4829,2447,2025-04-19,2025-04-21,Hypertension,310,R395
4830,2447,2026-01-04,2026-01-09,Hypertension,307,R278
4831,2448,2025-09-25,2025-09-27,Respiratory Infection,325,R338
4832,2449,2025-09-26,2025-09-29,Hypertension,321,R463
4833,2449,2025-07-11,2025-07-19,Hypertension,310,R458
4834,2450,2026-01-07,2026-01-17,Asthma Attack,301,R137
4835,2450,2025-10-24,2025-10-26,Asthma Attack,316,R199
4836,2451,2025-11-03,2025-11-08,Chest Pain,332,R415
4837,2451,2025-11-29,2025-12-04,Hypertension,321,R103
4838,2451,2026-02-07,2026-02-12,Hypertension,310,R496
4839,2452,2025-04-27,2025-04-30,Respiratory Infection,301,R275
4840,2452,2025-12-26,2025-12-30,Respiratory Infection,301,R326
4841,2453,2025-11-29,2025-12-01,Heart Failure,329,R456
4842,2453,2026-01-06,2026-01-10,Diabetes Complication,328,R132
4843,2454,2025-12-30,2026-01-08,Pneumonia,306,R318
4844,2454,2025-03-31,2025-04-02,Pneumonia,302,R135
4845,2454,2026-02-04,2026-02-11,Pneumonia,316,R239
4846,2455,2026-01-12,2026-01-14,Asthma Attack,306,R249
4847,2455,2025-03-16,2025-03-25,Respiratory Infection,325,R183
4848,2456,2025-04-10,2025-04-20,Hypertension,307,R497
4849,2456,2025-05-31,2025-06-06,Hypertension,314,R450
4850,2456,2025-11-29,2025-12-08,Hypertension,310,R167
4851,2457,2026-02-15,2026-02-23,Pneumonia,302,R237
4852,2457,2025-07-13,2025-07-15,Respiratory Infection,316,R134
4853,2458,2025-06-09,2025-06-17,Diabetes Complication,318,R238
4854,2459,2026-02-24,2026-03-02,Heart Failure,320,R294
4855,2459,2025-05-28,2025-06-02,Heart Failure,311,R146
4856,2460,2025-11-23,2025-12-02,Chest Pain,313,R383
4857,2460,2025-11-22,2025-11-30,Chest Pain,309,R437
4858,2460,2026-02-06,2026-02-10,Heart Failure,313,R500
4859,2461,2026-01-10,2026-01-19,Respiratory Infection,322,R125
4860,2461,2025-08-11,2025-08-16,Pneumonia,301,R376
4861,2462,2026-02-23,2026-03-05,Diabetes Complication,317,R120
4862,2462,2025-11-10,2025-11-14,Heart Failure,333,R218
4863,2463,2025-09-23,2025-09-25,Respiratory Infection,301,R361
4864,2463,2025-07-17,2025-07-22,Respiratory Infection,337,R202
4865,2463,2025-07-21,2025-07-26,Asthma Attack,339,R122
4866,2464,2025-04-16,2025-04-18,Hypertension,321,R186
4867,2464,2026-03-01,2026-03-09,Hypertension,310,R492
4868,2465,2025-10-27,2025-10-29,Diabetes Complication,318,R381
4869,2465,2025-12-17,2025-12-22,Diabetes Complication,328,R138
4870,2466,2025-11-10,2025-11-16,Chest Pain,309,R285
4871,2467,2025-10-09,2025-10-14,Respiratory Infection,316,R412
4872,2467,2025-03-21,2025-03-28,Pneumonia,337,R499
4873,2467,2026-01-07,2026-01-09,Respiratory Infection,316,R215
4874,2468,2025-04-16,2025-04-18,Hypertension,314,R393
4875,2468,2025-09-03,2025-09-11,Hypertension,310,R378
4876,2469,2025-08-22,2025-08-28,Chest Pain,313,R374
4877,2470,2025-07-03,2025-07-12,Pneumonia,316,R145
4878,2470,2026-02-14,2026-02-23,Pneumonia,316,R475
4879,2471,2025-04-21,2025-04-24,Hypertension,321,R279
4880,2471,2025-09-29,2025-10-03,Chest Pain,309,R495
4881,2472,2026-02-25,2026-03-04,Respiratory Infection,339,R207
4882,2473,2025-07-24,2025-08-03,Pneumonia,306,R376
4883,2473,2025-03-15,2025-03-24,Pneumonia,339,R455
4884,2473,2025-12-31,2026-01-02,Respiratory Infection,325,R409
4885,2474,2025-08-05,2025-08-09,Pneumonia,339,R156
4886,2475,2025-12-22,2025-12-28,Hypertension,314,R349
4887,2475,2025-04-06,2025-04-10,Chest Pain,324,R382
4888,2475,2026-01-02,2026-01-05,Hypertension,314,R112
4889,2476,2025-03-20,2025-03-26,Chest Pain,324,R284
4890,2476,2025-03-19,2025-03-22,Heart Failure,319,R466
4891,2476,2025-11-09,2025-11-16,Heart Failure,332,R272
4892,2477,2025-06-11,2025-06-14,Pneumonia,325,R360
4893,2477,2025-07-07,2025-07-12,Pneumonia,301,R324
4894,2477,2025-04-23,2025-04-27,Pneumonia,302,R101
4895,2478,2026-03-04,2026-03-12,Heart Failure,340,R121
4896,2478,2025-11-28,2025-12-04,Heart Failure,332,R132
4897,2478,2025-08-26,2025-09-02,Chest Pain,309,R132
4898,2479,2025-12-08,2025-12-10,Pneumonia,306,R450
4899,2480,2025-05-19,2025-05-24,Chest Pain,303,R494
4900,2480,2026-02-13,2026-02-18,Chest Pain,333,R104
4901,2480,2026-02-09,2026-02-15,Chest Pain,303,R430
4902,2481,2025-10-14,2025-10-24,Hypertension,314,R442
4903,2482,2025-03-12,2025-03-20,Hypertension,314,R369
4904,2482,2025-07-28,2025-08-04,Hypertension,321,R151
4905,2482,2025-06-03,2025-06-10,Chest Pain,319,R259
4906,2483,2025-03-26,2025-04-05,Respiratory Infection,302,R145
4907,2483,2025-07-02,2025-07-11,Pneumonia,337,R349
4908,2484,2026-01-24,2026-02-03,Respiratory Infection,322,R162
4909,2484,2025-04-29,2025-05-07,Respiratory Infection,325,R129
4910,2484,2025-05-27,2025-06-04,Pneumonia,316,R110
4911,2485,2026-01-30,2026-02-06,Asthma Attack,339,R169
4912,2486,2025-07-02,2025-07-11,Respiratory Infection,316,R276
4913,2487,2026-01-19,2026-01-22,Pneumonia,306,R191
4914,2488,2025-10-21,2025-10-24,Heart Failure,332,R393
4915,2488,2025-07-07,2025-07-12,Heart Failure,324,R486
4916,2489,2025-09-30,2025-10-09,Respiratory Infection,306,R189
4917,2489,2026-02-07,2026-02-12,Respiratory Infection,302,R108
4918,2489,2025-08-15,2025-08-23,Respiratory Infection,337,R234
4919,2490,2026-03-10,2026-03-14,Asthma Attack,322,R137
4920,2490,2025-11-26,2025-12-06,Respiratory Infection,302,R415
4921,2490,2025-12-25,2026-01-03,Asthma Attack,337,R472
4922,2491,2025-09-10,2025-09-12,Asthma Attack,306,R439
4923,2491,2025-10-20,2025-10-24,Asthma Attack,325,R479
4924,2491,2025-09-30,2025-10-05,Asthma Attack,306,R371
4925,2492,2025-06-09,2025-06-17,Diabetes Complication,318,R181
4926,2493,2025-03-25,2025-03-31,Respiratory Infection,337,R329
4927,2494,2025-11-14,2025-11-21,Heart Failure,320,R208
4928,2494,2025-08-05,2025-08-15,Heart Failure,324,R102
4929,2494,2025-05-21,2025-05-27,Diabetes Complication,317,R177
4930,2495,2025-11-16,2025-11-18,Chest Pain,340,R217
4931,2495,2025-05-25,2025-06-01,Chest Pain,333,R461
4932,2496,2025-05-14,2025-05-18,Respiratory Infection,306,R103
4933,2496,2026-01-28,2026-02-02,Pneumonia,339,R204
4934,2496,2025-11-29,2025-12-01,Pneumonia,316,R410
4935,2497,2025-11-27,2025-12-06,Hypertension,310,R349
4936,2497,2026-01-17,2026-01-19,Hypertension,310,R192
4937,2497,2025-12-23,2025-12-25,Hypertension,310,R300
4938,2498,2026-01-30,2026-02-06,Chest Pain,319,R144
4939,2499,2025-07-10,2025-07-18,Heart Failure,320,R265
4940,2500,2025-07-09,2025-07-12,Pneumonia,301,R319
4941,2500,2025-05-28,2025-06-03,Respiratory Infection,337,R406
4942,2500,2025-03-19,2025-03-23,Respiratory Infection,306,R259
4943,2501,2025-08-18,2025-08-20,Chest Pain,332,R378
4944,2501,2026-02-13,2026-02-23,Heart Failure,319,R446
4945,2502,2025-06-23,2025-06-26,Diabetes Complication,315,R312
4946,2502,2025-10-23,2025-10-29,Diabetes Complication,315,R428
4947,2503,2025-07-24,2025-07-27,Hypertension,307,R468
4948,2504,2025-10-03,2025-10-10,Chest Pain,332,R102
4949,2504,2026-01-11,2026-01-18,Heart Failure,324,R208
4950,2505,2025-08-14,2025-08-23,Chest Pain,329,R211
4951,2505,2025-07-22,2025-07-26,Heart Failure,320,R235
4952,2506,2025-09-11,2025-09-18,Chest Pain,303,R149
4953,2506,2025-05-01,2025-05-07,Chest Pain,333,R350
4954,2507,2025-08-05,2025-08-07,Heart Failure,324,R100
4955,2507,2026-02-05,2026-02-15,Heart Failure,309,R421
4956,2508,2025-09-30,2025-10-07,Heart Failure,313,R114
4957,2508,2026-03-06,2026-03-15,Chest Pain,309,R166
4958,2509,2025-11-23,2025-11-28,Respiratory Infection,337,R207
4959,2509,2025-11-20,2025-11-24,Respiratory Infection,301,R321
4960,2509,2025-10-17,2025-10-23,Respiratory Infection,325,R107
4961,2510,2025-05-16,2025-05-25,Chest Pain,333,R270
4962,2510,2026-01-04,2026-01-12,Chest Pain,324,R216
4963,2511,2025-05-24,2025-05-27,Respiratory Infection,339,R427
4964,2511,2025-04-01,2025-04-05,Pneumonia,322,R148
4965,2511,2026-01-15,2026-01-18,Respiratory Infection,337,R189
4966,2512,2025-09-30,2025-10-03,Hypertension,307,R443
4967,2512,2025-10-02,2025-10-11,Chest Pain,303,R328
4968,2513,2025-11-26,2025-12-03,Pneumonia,322,R444
4969,2513,2025-08-09,2025-08-14,Pneumonia,316,R310
4970,2514,2025-07-01,2025-07-08,Chest Pain,340,R291
4971,2514,2025-12-26,2025-12-30,Heart Failure,313,R225
4972,2515,2025-07-21,2025-07-26,Respiratory Infection,325,R252
4973,2515,2025-03-11,2025-03-21,Pneumonia,306,R259
4974,2516,2025-06-20,2025-06-30,Respiratory Infection,306,R253
4975,2517,2025-12-20,2025-12-25,Respiratory Infection,306,R222
4976,2517,2025-07-20,2025-07-22,Respiratory Infection,337,R362
4977,2518,2025-04-24,2025-05-02,Hypertension,314,R159
4978,2518,2025-05-01,2025-05-06,Chest Pain,340,R270
4979,2519,2025-09-18,2025-09-25,Heart Failure,320,R202
4980,2520,2026-03-05,2026-03-12,Hypertension,314,R462
4981,2520,2026-03-06,2026-03-15,Hypertension,307,R494
4982,2520,2025-08-29,2025-09-04,Hypertension,314,R101
4983,2521,2026-02-15,2026-02-21,Hypertension,314,R243
4984,2521,2025-08-23,2025-09-01,Hypertension,321,R422
4985,2521,2025-08-16,2025-08-20,Hypertension,321,R343
4986,2522,2025-04-22,2025-04-28,Respiratory Infection,302,R299
4987,2523,2025-04-24,2025-05-03,Respiratory Infection,339,R391
4988,2523,2025-08-20,2025-08-23,Respiratory Infection,316,R180
4989,2524,2025-07-25,2025-07-30,Pneumonia,302,R230
4990,2525,2025-07-20,2025-07-28,Diabetes Complication,312,R140
4991,2526,2025-12-30,2026-01-08,Hypertension,310,R184
4992,2526,2025-08-18,2025-08-20,Hypertension,307,R401
4993,2527,2025-12-16,2025-12-24,Respiratory Infection,325,R145
4994,2527,2025-07-23,2025-07-26,Respiratory Infection,316,R268
4995,2528,2025-12-19,2025-12-26,Asthma Attack,316,R309
4996,2528,2025-09-24,2025-10-04,Asthma Attack,302,R223
4997,2528,2026-01-05,2026-01-12,Respiratory Infection,306,R420
4998,2529,2025-06-14,2025-06-20,Hypertension,321,R304
4999,2529,2025-11-14,2025-11-22,Hypertension,310,R144
5000,2529,2025-09-02,2025-09-12,Chest Pain,340,R172
5001,2530,2025-08-21,2025-08-28,Respiratory Infection,325,R413
5002,2530,2025-08-26,2025-09-01,Respiratory Infection,316,R494
5003,2531,2025-11-16,2025-11-26,Diabetes Complication,315,R500
5004,2531,2025-04-12,2025-04-22,Diabetes Complication,318,R335
5005,2532,2026-02-22,2026-02-25,Pneumonia,306,R172
5006,2532,2025-11-20,2025-11-30,Respiratory Infection,302,R462
5007,2533,2025-11-16,2025-11-22,Hypertension,321,R320
5008,2533,2025-09-15,2025-09-19,Chest Pain,313,R258
5009,2534,2026-01-10,2026-01-20,Respiratory Infection,306,R417
5010,2535,2025-11-28,2025-11-30,Chest Pain,329,R105
5011,2535,2025-04-25,2025-05-04,Chest Pain,324,R150
5012,2535,2025-06-29,2025-07-07,Chest Pain,303,R225
5013,2536,2025-10-09,2025-10-11,Respiratory Infection,302,R176
5014,2536,2025-10-21,2025-10-27,Pneumonia,339,R367
5015,2537,2025-08-18,2025-08-26,Heart Failure,309,R479
5016,2537,2026-01-11,2026-01-21,Chest Pain,320,R335
5017,2538,2025-06-27,2025-06-29,Respiratory Infection,316,R348
5018,2538,2025-08-28,2025-09-03,Respiratory Infection,306,R248
5019,2538,2025-11-23,2025-12-01,Respiratory Infection,306,R119
5020,2539,2025-10-15,2025-10-20,Diabetes Complication,315,R253
5021,2540,2025-11-13,2025-11-23,Heart Failure,303,R463
5022,2541,2025-03-31,2025-04-07,Chest Pain,332,R390
5023,2541,2025-07-25,2025-08-03,Hypertension,321,R297
5024,2541,2025-11-02,2025-11-12,Chest Pain,319,R275
5025,2542,2026-02-16,2026-02-18,Hypertension,310,R284
5026,2542,2025-08-13,2025-08-20,Hypertension,321,R293
5027,2542,2026-01-22,2026-01-25,Hypertension,321,R253
5028,2543,2026-01-10,2026-01-16,Respiratory Infection,325,R186
5029,2543,2025-08-20,2025-08-30,Asthma Attack,339,R394
5030,2544,2025-10-08,2025-10-13,Hypertension,314,R188
5031,2544,2025-05-16,2025-05-23,Hypertension,310,R214
5032,2544,2025-10-13,2025-10-17,Hypertension,310,R367
5033,2545,2025-04-09,2025-04-18,Chest Pain,309,R438
5034,2546,2026-03-09,2026-03-17,Pneumonia,325,R187
5035,2547,2026-02-08,2026-02-12,Heart Failure,311,R176
5036,2547,2025-08-17,2025-08-27,Diabetes Complication,328,R402
5037,2548,2026-01-04,2026-01-06,Chest Pain,303,R406
5038,2548,2025-04-18,2025-04-24,Chest Pain,320,R435
5039,2548,2025-12-04,2025-12-14,Chest Pain,320,R418
5040,2549,2025-05-12,2025-05-15,Hypertension,321,R208
5041,2550,2025-12-03,2025-12-06,Heart Failure,324,R365
5042,2550,2025-07-21,2025-07-26,Heart Failure,320,R315
5043,2550,2025-03-27,2025-03-31,Diabetes Complication,315,R138
5044,2551,2025-08-08,2025-08-17,Hypertension,307,R429
5045,2551,2025-05-18,2025-05-28,Hypertension,321,R437
5046,2552,2025-05-06,2025-05-08,Respiratory Infection,302,R164
5047,2552,2025-03-19,2025-03-23,Pneumonia,306,R207
5048,2553,2025-06-09,2025-06-17,Chest Pain,333,R486
5049,2553,2026-01-06,2026-01-14,Chest Pain,319,R167
5050,2553,2026-02-26,2026-03-05,Hypertension,321,R131
5051,2554,2026-02-15,2026-02-24,Asthma Attack,339,R134
5052,2554,2026-01-20,2026-01-30,Asthma Attack,325,R251
5053,2554,2025-10-20,2025-10-24,Respiratory Infection,322,R333
5054,2555,2025-06-06,2025-06-09,Respiratory Infection,325,R443
5055,2555,2025-08-18,2025-08-22,Pneumonia,322,R283
5056,2556,2025-09-08,2025-09-14,Hypertension,321,R421
5057,2557,2025-07-08,2025-07-11,Heart Failure,329,R119
5058,2557,2026-01-05,2026-01-15,Heart Failure,303,R481
5059,2558,2025-07-18,2025-07-21,Pneumonia,337,R137
5060,2558,2025-05-07,2025-05-14,Respiratory Infection,339,R382
5061,2559,2025-08-17,2025-08-22,Hypertension,307,R316
5062,2559,2025-10-20,2025-10-22,Hypertension,307,R222
5063,2560,2025-12-06,2025-12-14,Hypertension,307,R267
5064,2560,2025-04-09,2025-04-19,Hypertension,310,R230
5065,2561,2026-01-30,2026-02-06,Chest Pain,320,R177
5066,2561,2026-01-07,2026-01-10,Hypertension,321,R338
5067,2562,2025-10-31,2025-11-05,Pneumonia,316,R444
5068,2563,2025-10-06,2025-10-12,Chest Pain,329,R383
5069,2563,2025-11-16,2025-11-22,Chest Pain,333,R400
5070,2564,2025-06-28,2025-07-01,Chest Pain,311,R450
5071,2565,2025-08-09,2025-08-16,Heart Failure,333,R323
5072,2565,2025-06-17,2025-06-27,Heart Failure,333,R135
5073,2565,2026-02-23,2026-03-03,Diabetes Complication,318,R172
5074,2566,2025-11-19,2025-11-23,Hypertension,321,R207
5075,2567,2025-08-10,2025-08-15,Hypertension,321,R494
5076,2567,2025-07-13,2025-07-16,Hypertension,314,R215
5077,2567,2025-12-23,2025-12-31,Hypertension,321,R357
5078,2568,2025-09-05,2025-09-13,Respiratory Infection,325,R484
5079,2568,2025-07-05,2025-07-08,Respiratory Infection,325,R173
5080,2568,2025-10-06,2025-10-10,Pneumonia,322,R347
5081,2569,2025-06-11,2025-06-21,Hypertension,310,R440
5082,2570,2025-11-28,2025-12-04,Asthma Attack,302,R156
5083,2570,2025-11-28,2025-12-05,Respiratory Infection,322,R103
5084,2571,2025-09-04,2025-09-11,Pneumonia,339,R236
5085,2571,2025-04-27,2025-05-03,Respiratory Infection,337,R153
5086,2572,2025-05-02,2025-05-09,Diabetes Complication,315,R401
5087,2572,2026-02-28,2026-03-10,Diabetes Complication,312,R292
5088,2572,2025-04-04,2025-04-11,Diabetes Complication,328,R285
5089,2573,2025-09-15,2025-09-19,Heart Failure,329,R367
5090,2573,2026-01-26,2026-01-28,Diabetes Complication,328,R376
5091,2574,2025-04-07,2025-04-12,Chest Pain,309,R248
5092,2574,2025-07-26,2025-08-01,Chest Pain,340,R120
5093,2574,2025-06-26,2025-07-01,Chest Pain,340,R354
5094,2575,2025-05-22,2025-05-29,Chest Pain,320,R422
5095,2575,2025-04-01,2025-04-04,Heart Failure,329,R214
5096,2576,2026-01-09,2026-01-15,Hypertension,321,R255
5097,2576,2025-09-24,2025-09-27,Hypertension,310,R201
5098,2576,2025-10-17,2025-10-20,Hypertension,314,R282
5099,2577,2025-12-24,2026-01-02,Respiratory Infection,337,R150
5100,2577,2026-01-08,2026-01-15,Respiratory Infection,339,R341
5101,2578,2025-10-19,2025-10-21,Asthma Attack,337,R466
5102,2578,2025-11-01,2025-11-06,Asthma Attack,316,R347
5103,2579,2025-09-03,2025-09-09,Hypertension,310,R255
5104,2580,2025-07-27,2025-08-01,Pneumonia,339,R202
5105,2581,2025-10-06,2025-10-12,Pneumonia,337,R264
5106,2581,2025-12-29,2026-01-07,Pneumonia,301,R386
5107,2581,2026-02-03,2026-02-08,Respiratory Infection,339,R206
5108,2582,2026-02-02,2026-02-06,Heart Failure,309,R129
5109,2583,2025-03-26,2025-04-04,Asthma Attack,316,R293
5110,2583,2025-09-27,2025-10-06,Asthma Attack,316,R314
5111,2583,2025-06-13,2025-06-22,Respiratory Infection,322,R390
5112,2584,2026-01-22,2026-02-01,Pneumonia,337,R113
5113,2585,2025-10-14,2025-10-18,Diabetes Complication,328,R222
5114,2585,2025-06-08,2025-06-11,Diabetes Complication,328,R274
5115,2586,2025-11-03,2025-11-12,Respiratory Infection,337,R335
5116,2586,2025-06-28,2025-07-08,Respiratory Infection,301,R150
5117,2586,2025-08-29,2025-09-07,Respiratory Infection,337,R248
5118,2587,2025-09-09,2025-09-12,Respiratory Infection,306,R114
5119,2587,2025-11-27,2025-12-05,Pneumonia,316,R499
5120,2588,2025-06-10,2025-06-14,Heart Failure,313,R480
5121,2588,2025-04-20,2025-04-28,Diabetes Complication,315,R442
5122,2589,2025-04-06,2025-04-11,Chest Pain,311,R427
5123,2589,2025-11-05,2025-11-09,Chest Pain,340,R262
5124,2590,2025-10-26,2025-10-29,Pneumonia,325,R478
5125,2591,2025-08-24,2025-09-02,Asthma Attack,339,R347
5126,2592,2025-05-09,2025-05-19,Hypertension,310,R325
5127,2592,2025-04-06,2025-04-15,Hypertension,310,R233
5128,2593,2025-07-05,2025-07-15,Respiratory Infection,339,R221
5129,2593,2025-04-05,2025-04-09,Respiratory Infection,339,R358
5130,2594,2025-07-10,2025-07-20,Hypertension,321,R439
5131,2595,2025-10-22,2025-10-27,Pneumonia,302,R219
5132,2595,2025-08-18,2025-08-28,Respiratory Infection,306,R100
5133,2595,2026-03-08,2026-03-17,Pneumonia,302,R274
5134,2596,2025-08-15,2025-08-24,Diabetes Complication,318,R125
5135,2596,2025-12-27,2025-12-29,Diabetes Complication,328,R253
5136,2597,2025-06-16,2025-06-21,Hypertension,321,R495
5137,2597,2025-08-09,2025-08-11,Hypertension,321,R452
5138,2597,2025-06-13,2025-06-22,Hypertension,307,R186
5139,2598,2025-05-10,2025-05-14,Asthma Attack,306,R427
5140,2599,2025-11-02,2025-11-12,Hypertension,321,R154
5141,2600,2025-10-01,2025-10-03,Pneumonia,339,R133
5142,2600,2025-05-22,2025-06-01,Respiratory Infection,325,R142
5143,2600,2025-04-11,2025-04-16,Respiratory Infection,302,R117
5144,2601,2025-05-27,2025-06-05,Heart Failure,340,R377
5145,2602,2025-09-02,2025-09-09,Hypertension,314,R443
5146,2603,2026-01-20,2026-01-29,Respiratory Infection,302,R172
5147,2604,2025-10-23,2025-10-30,Chest Pain,313,R479
5148,2604,2026-02-23,2026-02-27,Chest Pain,329,R176
5149,2604,2025-10-18,2025-10-22,Chest Pain,340,R146
5150,2605,2025-05-18,2025-05-26,Respiratory Infection,302,R377
5151,2605,2025-11-15,2025-11-19,Respiratory Infection,301,R295
5152,2606,2026-01-20,2026-01-25,Respiratory Infection,316,R237
5153,2606,2025-07-29,2025-08-04,Respiratory Infection,316,R464
5154,2607,2025-07-17,2025-07-23,Respiratory Infection,316,R292
5155,2608,2026-03-03,2026-03-07,Hypertension,314,R136
5156,2608,2025-10-09,2025-10-14,Hypertension,307,R148
5157,2609,2025-11-11,2025-11-19,Chest Pain,324,R380
5158,2609,2025-03-13,2025-03-19,Chest Pain,309,R103
5159,2609,2025-11-02,2025-11-08,Heart Failure,324,R385
5160,2610,2026-03-10,2026-03-14,Pneumonia,302,R379
5161,2610,2025-09-06,2025-09-12,Pneumonia,322,R486
5162,2611,2025-04-25,2025-04-30,Pneumonia,325,R389
5163,2611,2025-11-19,2025-11-25,Respiratory Infection,337,R489
5164,2612,2025-10-22,2025-10-31,Hypertension,307,R317
5165,2612,2025-10-23,2025-11-01,Hypertension,307,R274
5166,2613,2026-01-16,2026-01-26,Hypertension,314,R206
5167,2614,2026-02-04,2026-02-14,Hypertension,310,R357
5168,2614,2026-01-15,2026-01-22,Hypertension,321,R252
5169,2615,2025-10-23,2025-10-26,Respiratory Infection,302,R239
5170,2615,2025-03-13,2025-03-22,Respiratory Infection,322,R104
5171,2616,2025-08-05,2025-08-13,Heart Failure,313,R102
5172,2616,2025-03-11,2025-03-13,Diabetes Complication,317,R406
5173,2617,2025-07-01,2025-07-08,Heart Failure,333,R356
5174,2617,2025-12-16,2025-12-22,Heart Failure,333,R488
5175,2618,2026-02-09,2026-02-16,Chest Pain,333,R139
5176,2618,2025-11-21,2025-11-25,Heart Failure,303,R464
5177,2618,2026-03-10,2026-03-19,Chest Pain,313,R287
5178,2619,2025-09-04,2025-09-09,Hypertension,307,R170
5179,2619,2025-04-26,2025-04-30,Hypertension,310,R185
5180,2619,2026-01-07,2026-01-17,Hypertension,314,R138
5181,2620,2025-08-28,2025-09-05,Chest Pain,313,R421
5182,2620,2025-06-17,2025-06-26,Heart Failure,319,R336
5183,2620,2026-01-23,2026-01-30,Chest Pain,324,R371
5184,2621,2025-11-22,2025-11-30,Hypertension,321,R304
5185,2621,2025-12-31,2026-01-08,Hypertension,321,R414
5186,2621,2025-04-08,2025-04-14,Hypertension,321,R135
5187,2622,2026-03-08,2026-03-11,Chest Pain,313,R106
5188,2622,2026-03-08,2026-03-15,Hypertension,321,R471
5189,2623,2025-10-17,2025-10-26,Asthma Attack,302,R130
5190,2623,2026-01-05,2026-01-09,Asthma Attack,316,R266
5191,2623,2025-09-12,2025-09-16,Respiratory Infection,337,R326
5192,2624,2025-10-19,2025-10-24,Pneumonia,316,R167
5193,2624,2025-05-02,2025-05-09,Respiratory Infection,316,R153
5194,2624,2025-06-17,2025-06-23,Pneumonia,325,R159
5195,2625,2026-02-15,2026-02-20,Diabetes Complication,315,R497
5196,2626,2026-02-05,2026-02-10,Respiratory Infection,325,R242
5197,2627,2025-11-21,2025-11-28,Hypertension,307,R454
5198,2627,2026-03-11,2026-03-19,Chest Pain,332,R329
5199,2627,2025-04-11,2025-04-18,Hypertension,314,R291
5200,2628,2026-01-14,2026-01-21,Hypertension,314,R193
5201,2628,2025-12-21,2025-12-25,Hypertension,314,R196
5202,2629,2026-01-06,2026-01-09,Hypertension,314,R317
5203,2630,2026-01-04,2026-01-11,Heart Failure,324,R382
5204,2630,2026-01-27,2026-02-01,Heart Failure,313,R289
5205,2631,2025-06-14,2025-06-23,Asthma Attack,301,R102
5206,2632,2025-04-03,2025-04-12,Pneumonia,337,R377
5207,2632,2025-11-18,2025-11-24,Pneumonia,301,R414
5208,2633,2025-12-31,2026-01-08,Chest Pain,324,R383
5209,2634,2026-02-25,2026-03-02,Chest Pain,320,R400
5210,2634,2025-06-14,2025-06-22,Chest Pain,333,R156
5211,2634,2025-04-17,2025-04-20,Chest Pain,319,R254
5212,2635,2025-05-06,2025-05-08,Respiratory Infection,339,R317
5213,2636,2025-08-02,2025-08-11,Hypertension,310,R241
5214,2637,2025-06-08,2025-06-15,Asthma Attack,325,R229
5215,2637,2026-03-02,2026-03-09,Asthma Attack,325,R165
5216,2637,2026-01-26,2026-01-28,Respiratory Infection,325,R464
5217,2638,2025-03-31,2025-04-10,Heart Failure,320,R314
5218,2639,2025-06-23,2025-06-25,Pneumonia,306,R302
5219,2639,2025-07-26,2025-08-03,Pneumonia,339,R468
5220,2639,2025-05-17,2025-05-27,Pneumonia,302,R294
5221,2640,2025-10-29,2025-10-31,Pneumonia,337,R297
5222,2640,2025-12-24,2025-12-27,Respiratory Infection,301,R356
5223,2640,2026-02-03,2026-02-05,Pneumonia,306,R161
5224,2641,2025-06-30,2025-07-06,Pneumonia,301,R206
5225,2641,2025-08-22,2025-08-31,Respiratory Infection,306,R151
5226,2641,2025-08-03,2025-08-13,Pneumonia,337,R356
5227,2642,2025-11-06,2025-11-13,Respiratory Infection,339,R475
5228,2642,2025-10-05,2025-10-07,Pneumonia,325,R493
5229,2642,2025-12-28,2026-01-04,Pneumonia,322,R352
5230,2643,2025-07-31,2025-08-09,Asthma Attack,306,R381
5231,2643,2026-01-31,2026-02-09,Asthma Attack,306,R228
5232,2644,2025-07-02,2025-07-07,Heart Failure,319,R265
5233,2645,2025-06-22,2025-06-24,Chest Pain,320,R321
5234,2646,2026-02-03,2026-02-08,Respiratory Infection,339,R365
5235,2647,2025-06-10,2025-06-19,Pneumonia,306,R174
5236,2647,2025-10-20,2025-10-30,Respiratory Infection,301,R120
5237,2648,2026-02-28,2026-03-02,Diabetes Complication,317,R187
5238,2649,2026-03-02,2026-03-12,Respiratory Infection,306,R408
5239,2649,2026-03-05,2026-03-08,Respiratory Infection,322,R180
5240,2649,2025-04-16,2025-04-21,Pneumonia,322,R330
5241,2650,2025-03-23,2025-03-29,Respiratory Infection,339,R463
5242,2650,2025-11-20,2025-11-29,Pneumonia,322,R440
5243,2651,2025-10-16,2025-10-22,Respiratory Infection,339,R282
5244,2651,2025-06-22,2025-06-24,Pneumonia,316,R370
5245,2651,2025-07-15,2025-07-20,Pneumonia,337,R212
5246,2652,2025-11-25,2025-12-05,Hypertension,310,R180
5247,2652,2025-03-29,2025-04-08,Hypertension,307,R437
5248,2653,2025-12-05,2025-12-14,Chest Pain,340,R342
5249,2653,2025-09-18,2025-09-21,Chest Pain,333,R122
5250,2654,2025-08-06,2025-08-11,Respiratory Infection,322,R298
5251,2654,2025-12-23,2025-12-28,Respiratory Infection,337,R339
5252,2654,2025-07-04,2025-07-13,Pneumonia,301,R213
5253,2655,2025-09-06,2025-09-13,Chest Pain,313,R273
5254,2655,2025-08-22,2025-08-24,Chest Pain,309,R304
5255,2655,2025-11-06,2025-11-11,Chest Pain,309,R235
5256,2656,2025-11-02,2025-11-09,Hypertension,307,R250
5257,2657,2025-10-16,2025-10-25,Chest Pain,309,R291
5258,2657,2025-09-13,2025-09-15,Chest Pain,340,R131
5259,2657,2025-03-23,2025-04-01,Heart Failure,319,R210
5260,2658,2025-12-09,2025-12-11,Hypertension,310,R393
5261,2658,2025-07-20,2025-07-22,Chest Pain,309,R415
5262,2658,2025-11-09,2025-11-17,Hypertension,314,R473
5263,2659,2025-12-24,2025-12-26,Heart Failure,311,R420
5264,2659,2026-01-23,2026-01-30,Diabetes Complication,315,R397
5265,2660,2025-07-08,2025-07-15,Asthma Attack,316,R234
5266,2661,2025-05-19,2025-05-27,Pneumonia,339,R431
5267,2661,2025-09-07,2025-09-09,Pneumonia,302,R437
5268,2661,2025-08-16,2025-08-23,Pneumonia,301,R422
5269,2662,2025-05-10,2025-05-16,Heart Failure,324,R407
5270,2663,2025-11-19,2025-11-25,Respiratory Infection,337,R348
5271,2664,2025-06-15,2025-06-23,Respiratory Infection,306,R474
5272,2664,2025-03-15,2025-03-18,Respiratory Infection,337,R238
5273,2664,2025-12-28,2026-01-01,Respiratory Infection,301,R455
5274,2665,2025-10-06,2025-10-08,Pneumonia,306,R351
5275,2665,2025-12-06,2025-12-16,Respiratory Infection,339,R129
5276,2666,2026-03-08,2026-03-13,Chest Pain,313,R244
5277,2667,2025-12-07,2025-12-11,Pneumonia,337,R339
5278,2667,2025-11-07,2025-11-10,Pneumonia,302,R453
5279,2668,2025-06-28,2025-07-02,Pneumonia,301,R156
5280,2668,2025-11-13,2025-11-15,Pneumonia,301,R174
5281,2668,2025-12-18,2025-12-22,Pneumonia,325,R152
5282,2669,2025-12-23,2025-12-28,Respiratory Infection,316,R228
5283,2670,2025-11-24,2025-12-04,Respiratory Infection,316,R441
5284,2670,2025-11-28,2025-12-03,Respiratory Infection,337,R488
5285,2671,2025-04-15,2025-04-21,Hypertension,307,R349
5286,2671,2025-07-12,2025-07-14,Hypertension,307,R412
5287,2672,2026-03-11,2026-03-19,Respiratory Infection,302,R108
5288,2672,2025-06-20,2025-06-27,Respiratory Infection,325,R220
5289,2673,2025-03-21,2025-03-31,Chest Pain,333,R149
5290,2673,2025-03-22,2025-03-26,Heart Failure,340,R221
5291,2673,2025-10-01,2025-10-10,Heart Failure,340,R412
5292,2674,2026-01-31,2026-02-08,Diabetes Complication,317,R457
5293,2674,2026-02-12,2026-02-22,Heart Failure,319,R201
5294,2674,2025-11-24,2025-12-01,Heart Failure,324,R111
5295,2675,2025-06-26,2025-07-06,Pneumonia,301,R169
5296,2675,2025-11-10,2025-11-15,Respiratory Infection,316,R404
5297,2676,2026-01-04,2026-01-07,Hypertension,310,R287
5298,2676,2025-04-02,2025-04-10,Hypertension,310,R343
5299,2676,2025-11-01,2025-11-07,Hypertension,321,R373
5300,2677,2025-08-14,2025-08-16,Chest Pain,303,R176
5301,2677,2025-12-11,2025-12-14,Heart Failure,313,R432
5302,2677,2025-11-05,2025-11-12,Chest Pain,313,R271
5303,2678,2026-01-22,2026-01-28,Asthma Attack,302,R317
5304,2678,2025-04-28,2025-05-03,Asthma Attack,322,R392
5305,2679,2025-06-01,2025-06-05,Hypertension,310,R111
5306,2679,2025-12-15,2025-12-21,Hypertension,307,R243
5307,2680,2026-01-30,2026-02-09,Hypertension,314,R352
5308,2681,2025-10-12,2025-10-15,Heart Failure,340,R277
5309,2682,2025-10-21,2025-10-23,Asthma Attack,337,R438
5310,2682,2025-12-24,2025-12-29,Asthma Attack,301,R389
5311,2682,2026-01-10,2026-01-13,Respiratory Infection,306,R343
5312,2683,2025-08-27,2025-09-03,Hypertension,321,R390
5313,2684,2025-07-13,2025-07-20,Asthma Attack,339,R226
5314,2685,2026-03-03,2026-03-13,Asthma Attack,325,R488
5315,2686,2026-02-10,2026-02-18,Respiratory Infection,322,R270
5316,2686,2025-06-07,2025-06-16,Respiratory Infection,306,R218
5317,2687,2025-03-27,2025-03-30,Respiratory Infection,306,R134
5318,2688,2025-05-02,2025-05-09,Hypertension,307,R194
5319,2688,2025-04-17,2025-04-19,Hypertension,310,R149
5320,2688,2025-07-25,2025-07-28,Hypertension,307,R145
5321,2689,2025-07-01,2025-07-10,Heart Failure,303,R185
5322,2690,2026-02-05,2026-02-08,Hypertension,314,R417
5323,2690,2025-05-05,2025-05-09,Hypertension,307,R350
5324,2690,2025-12-20,2025-12-30,Hypertension,314,R356
