patient_id,first_name,last_name,dob,gender,contact_no,address,chronic_conditions
1001,Stephen,Kerr,1976-12-15,Female,1562097834,"84518 Jacob Knoll South Casey, WY 54234",Diabetes
1002,Jessica,Guzman,1964-06-11,Female,5669436555,"849 Deleon Island New Reginald, MS 05381",Asthma
1003,Gary,Lewis,1939-09-03,Female,7199424360,"7876 Kimberly Burg Reedton, AK 55417",None
1004,Michelle,Cox,1947-12-09,Female,1876539109,"1886 Alex Track Port James, GU 54638",None
1005,Vincent,Patel,1947-06-25,Male,3161728431,"143 Williams Forges Apt. 955 Alexanderburgh, MN 24971",Asthma
1006,Mallory,Hawkins,1987-04-16,Female,4682957809,"91842 Allen Summit West Theresa, WV 29121",None
1007,Jacob,Smith,2005-01-29,Female,1178462740,"49096 Fuller Haven Suite 270 Port Jason, MN 93514",Asthma
1008,Michael,Nichols,1982-07-14,Female,7318696347,"2172 Barron Center Apt. 350 Emilyland, KY 39243",Asthma
1009,Stephanie,Hill,1957-01-30,Male,7057981195,"914 Shari Cliffs Apt. 807 Port Ericbury, IL 23702",Heart Disease
1010,Samuel,Adams,1939-08-02,Male,4992581419,"837 Vazquez Port North Anthony, NM 87020",Hypertension
1011,Joshua,Walters,1989-09-01,Female,8927129297,"34350 Ayers Lodge Apt. 767 South Gabriellaton, NH 91463",COPD
1012,Christopher,King,1946-04-29,Female,8391819750,Unit 1638 Box 1544 DPO AE 02493,Diabetes
1013,Tina,Vasquez,1961-01-05,Male,8676390480,"803 Smith Road Suite 226 South Kyle, RI 46899",Hypertension
1014,Larry,Mcknight,1964-10-09,Female,8592506601,USS Mitchell FPO AE 75185,COPD
1015,Deborah,Parker,2004-02-17,Male,4907247993,Unit 1007 Box 8206 DPO AA 89117,Diabetes
1016,Heather,Hull,1951-04-16,Male,8146883308,USNS Carter FPO AE 83343,Hypertension
1017,Dana,Rogers,1938-02-17,Male,3406727101,"89407 Christina Plains Lake Paulfort, NJ 72190",Kidney Disease
1018,Cameron,Newton,1984-10-15,Male,3790987519,"0303 Alicia Springs New Veronicastad, TN 89211",Kidney Disease
1019,Darius,Villarreal,1992-06-08,Female,9067455420,"96580 Owen Islands Apt. 137 Wrighttown, MA 96326",None
1020,Autumn,Levine,1936-11-09,Female,9440654116,"0871 Kathleen Heights Suite 678 Jermainemouth, VA 32675",Diabetes
1021,Donald,Arnold,1979-12-31,Female,7096403010,"097 Cynthia Street Suite 921 Bondhaven, WI 63748",None
1022,Kevin,Schaefer,1974-02-04,Male,2559929273,"97099 Rogers Lock Suite 746 Devinfort, DE 55076",Heart Disease
1023,Noah,Townsend,1978-09-23,Male,6448262006,"23001 Fisher Turnpike Apt. 481 West Scott, FL 99766",Asthma
1024,Michael,Barnett,1958-02-02,Male,5351651884,"44444 Laura View Port Amandaside, UT 49703",Heart Disease
1025,Wesley,Brown,1946-02-25,Female,0850349488,"PSC 2070, Box 7000 APO AE 80189",Heart Disease
1026,Daniel,Scott,1947-01-20,Male,2174027357,"666 Garcia Streets Suite 848 Alexandrastad, NY 03200",None
1027,Leslie,Lopez,1943-07-16,Male,2840117410,"6698 Meyer Road Suite 829 East Melvin, MP 63387",Heart Disease
1028,Donna,Parker,1971-09-30,Male,3765644397,"9116 Lopez Knolls Apt. 639 Simmonshaven, OH 31510",Asthma
1029,Molly,Harvey,1974-04-15,Male,0859722733,"5924 Stacey Fort Millerton, MO 97919",Diabetes
1030,Laura,Aguilar,1991-02-09,Female,1163314855,"85088 Felicia Court Apt. 510 Douglasfort, KY 20737",None
1031,Sharon,Williams,1940-11-23,Female,9724867329,"88366 Stacy Plains Suite 537 Port Mariaview, WV 32068",COPD
1032,Melissa,Martinez,1990-08-14,Male,0955375704,"5278 Shannon Pass Port Tinaland, MD 91226",Hypertension
1033,Thomas,Rasmussen,1974-12-21,Female,0169446690,"27650 Jones Forges Russellchester, CT 73013",Hypertension
1034,John,Smith,1991-04-09,Female,0092396864,"81615 Jerry Lodge North Jamesview, OH 80167",Asthma
1035,Jessica,Edwards,1992-05-12,Female,1092756820,"5859 Johnson Manors Clarktown, GU 70728",Hypertension
1036,Jeffrey,Reyes,1960-11-20,Female,2926343716,"9212 Mark Square Callahanmouth, OH 72369",None
1037,Mark,Hughes,1936-04-24,Male,3817715763,"186 Lonnie Mission Morrisshire, NH 61603",Hypertension
1038,Melissa,Sanford,1962-01-29,Female,2550485886,"PSC 5387, Box 9259 APO AP 19738",Kidney Disease
1039,Jennifer,Allen,1992-10-30,Male,8212537542,"490 Doris Avenue Suite 175 Amandabury, HI 61740",Asthma
1040,Benjamin,Moore,1998-08-12,Male,6593497190,"719 Michael Meadow Apt. 493 Simonview, WV 03267",Diabetes
1041,William,Fisher,1962-07-14,Female,0557454380,"26311 Wheeler Radial Apt. 025 South Lawrence, AS 85813",Kidney Disease
1042,Timothy,Williams,1998-09-08,Female,3589128104,"01221 Jennifer Terrace Port Jodibury, MA 62311",Heart Disease
1043,Ashley,Combs,1962-07-14,Female,6698555767,"4524 Latoya Cove Mccalltown, VT 61428",Diabetes
1044,Ryan,Cox,1977-04-29,Male,6335028183,"556 Jason Hollow Suite 053 Kristinafurt, KS 86321",Kidney Disease
1045,Johnny,Jones,2007-10-07,Female,3542070051,"62848 Nancy Views Caldwellport, MS 85485",Kidney Disease
1046,Christopher,Patrick,1957-06-06,Male,7233471784,USS Bryan FPO AA 28545,COPD
1047,Cathy,Gomez,1946-12-30,Female,4535777094,"10071 Nicholson Landing Suite 828 West Cherylton, DC 83380",Kidney Disease
1048,Richard,Jordan,1952-06-21,Male,0975830488,"974 Michael Burg Suite 753 East Joel, OR 74136",COPD
1049,Lori,Atkinson,1972-09-09,Female,2772735969,"9874 Martin Key Suite 709 Steventon, NJ 19965",Hypertension
1050,Samuel,Graham,1939-01-31,Female,0857346417,"68296 Joseph Club Sarahberg, MD 99100",COPD
1051,Leah,Griffin,1999-02-03,Male,9628118904,"74150 Andre Summit Suite 460 Wrightmouth, WV 16238",Hypertension
1052,Jonathan,Smith,2005-06-28,Male,0853667249,"85091 Ashley Forges Lake Ericberg, VI 39785",Heart Disease
1053,Gregg,Gaines,1953-09-30,Female,4284403006,"5014 Joshua Neck Apt. 471 Shawnhaven, PR 39194",Asthma
1054,Theodore,Bowman,1945-05-24,Female,1091831130,"15861 Brandon Lock Apt. 194 New Haley, AL 40509",Heart Disease
1055,Edwin,Bishop,1977-12-07,Female,9285600690,"2878 Ford Fort Apt. 342 Lake Jeffreyview, AR 52584",Diabetes
1056,John,Dodson,1979-05-18,Female,8312423042,"3238 Jeffrey Ville Lake Christopherfurt, SC 10332",Heart Disease
1057,John,Conner,1959-02-19,Male,0147233666,"9440 Kelly Locks Reynoldsside, UT 41320",None
1058,Tamara,Higgins,1990-06-23,Male,2056235734,"167 Jennifer Path Apt. 096 Port Juanton, ID 89934",None
1059,Brenda,Torres,2007-10-15,Male,1820864599,"1495 Rose Shoals East Jesus, DC 12599",Hypertension
1060,Mark,Freeman,1975-01-28,Female,8439809727,"526 Edward Lodge Apt. 619 Mccoyfurt, IN 10899",COPD
1061,Deborah,Sanchez,1970-11-29,Female,8064354453,"39320 Hoffman Hollow Apt. 328 New Samanthaside, OR 09636",Hypertension
1062,Angela,Martinez,1936-03-13,Female,7704523366,"99847 Dawn Knolls Amyview, NJ 04724",COPD
1063,Sandra,Meyer,1951-06-06,Male,4396419622,"PSC 3956, Box 2073 APO AP 33657",Asthma
1064,Bradley,Mcknight,1954-06-24,Male,3919725168,"PSC 2997, Box 5403 APO AA 84644",Diabetes
1065,Michael,Hill,1984-01-26,Male,3158928285,"PSC 9213, Box 0402 APO AA 98230",COPD
1066,Scott,Moyer,1990-12-18,Male,4106919652,"093 Bryan Dale Apt. 529 Richardsonhaven, NJ 92851",Diabetes
1067,Tabitha,Huerta,1982-10-20,Female,9382318217,"90501 Eric Isle Port Tina, MO 83790",Asthma
1068,Brittany,Alexander,1947-03-31,Male,9873276458,"897 Megan Point Francismouth, CA 79672",None
1069,Cory,Thomas,1957-10-11,Female,0323488560,"9956 Leblanc Canyon Suite 924 South Valerie, NC 30088",None
1070,Geoffrey,Howard,1980-10-27,Female,2116335633,"31791 Danielle Park Suite 029 Lake Kristenhaven, NV 33513",Hypertension
1071,Brent,Stone,1955-05-02,Male,2060488181,"6674 Harris Locks East Seanview, GA 45102",None
1072,Rachel,Pierce,1998-12-29,Female,3307348993,"783 Reyes Shore Suite 459 Jonesmouth, WA 95034",Heart Disease
1073,Paul,Moore,1958-06-19,Male,1965209964,"54419 Nunez Plain West Kathleenview, WA 01594",Heart Disease
1074,Antonio,Harrington,1950-06-15,Female,4892021436,"868 Ronald Ramp Suite 408 Port Calebshire, WA 65003",Diabetes
1075,Jennifer,Curry,1993-09-15,Female,8087343089,"51635 Griffin Junction East Geoffrey, FM 87146",Diabetes
1076,Emily,Diaz,1965-06-10,Female,6970930634,"26547 Jeffrey Summit Suite 373 East Tiffanyport, PA 30957",Hypertension
1077,Steven,Carter,1992-09-18,Female,7477867446,"992 Tracy Harbor South Williambury, KY 18009",Heart Disease
1078,Timothy,Estrada,2005-04-25,Male,3987647334,"3463 Lori Junction Apt. 746 New Jonathanport, NJ 16498",Diabetes
1079,Mary,Pacheco,1994-04-18,Female,4046780222,"2477 Simmons Spring New Sherri, WY 41983",None
1080,Lisa,Smith,1986-02-28,Male,4324628341,"2664 Scott Ports Brandonville, DC 45833",None
1081,Michael,Brown,1964-09-27,Male,1929223621,"987 Megan Mountain Suite 976 West Randy, NE 57006",Heart Disease
1082,Ryan,Hall,1958-09-25,Female,7047354948,"894 Morales Forest West Janetshire, OR 41310",Kidney Disease
1083,Christina,Kelly,2001-07-05,Male,8944718777,"99232 Shane Forge Apt. 182 Lake Brittney, WA 35464",Asthma
1084,Kristen,Gray,1992-02-06,Male,6947524210,"9488 Nicole Motorway Padillafort, KS 11443",None
1085,Michael,Long,1937-07-29,Male,9551038575,"8217 Cody Avenue Apt. 281 Port Scottland, ME 26185",Diabetes
1086,James,Soto,1984-02-19,Male,6936278466,"832 Nicholas Trail North Timothy, CO 73296",Diabetes
1087,Gabrielle,Brown,1937-05-10,Female,5969634788,"8071 Dennis Harbors New Williamland, WV 11534",COPD
1088,Isabel,Moore,1988-09-16,Female,4515141504,"0395 Paula Route Maldonadoberg, AZ 72461",None
1089,Kelsey,Newton,1960-04-20,Male,1479610306,"293 Moses Road New Mitchellton, OK 97025",Heart Disease
1090,Nicholas,Roberson,2007-02-05,Female,1986607896,"18329 Alfred Branch Suite 055 South Jessica, RI 44865",Kidney Disease
1091,Tracy,Orozco,1955-09-25,Female,2866189872,"877 Jessica Creek East Ashleyshire, GA 67385",Kidney Disease
1092,Vanessa,Colon,1936-06-23,Male,0873001730,"6832 Jackson Haven Apt. 675 Daniellefurt, VI 71332",None
1093,Joseph,Cruz,1974-08-19,Female,2774491746,"555 Kirk Fall Hernandezside, NV 02251",None
1094,Kathleen,Baker,1985-07-18,Female,1770419362,"917 Rebecca Burg Suite 169 Sarahstad, GA 76194",Diabetes
1095,Ashley,Roberts,1944-04-23,Male,1269973366,"05600 Benjamin Tunnel Suite 798 Maryberg, CO 08768",Asthma
1096,Bryan,Watkins,1956-09-29,Male,3452679907,"286 Lori Lake Suite 368 East Charlotte, MN 42676",Heart Disease
1097,Shannon,Wood,1940-02-29,Female,4998249923,"8675 Rachel Spring Suite 074 West Yolanda, PA 86357",Kidney Disease
1098,Megan,Tran,1935-07-22,Male,6176008368,"55813 Bryan Point Johnshire, WA 95244",None
1099,Jorge,Baker,1955-02-01,Male,4817058596,"00604 Nichols Village Suite 450 Thomasfurt, TN 97221",Diabetes
1100,Heather,Mccormick,1993-12-29,Male,8982958667,"5758 Roberts Drives Racheltown, NE 18322",COPD
1101,Christopher,Gibson,1998-03-18,Female,5652986870,"70917 Wayne Stream Suite 708 Bowenborough, CA 29885",Asthma
1102,Kimberly,Horton,1982-03-11,Female,4500304616,"672 Vanessa Underpass Brandyborough, WI 26104",None
1103,Melissa,Robinson,1977-02-07,Female,7525775285,"39033 Schneider Lights South Theresabury, FM 29937",Heart Disease
1104,Victoria,Copeland,1962-01-21,Female,3382498548,"42834 Foley Meadow East Brian, HI 35453",None
1105,Nicole,Holloway,1984-04-13,Male,2451511815,"633 Christopher Village Apt. 807 Melissafort, MO 05757",Kidney Disease
1106,Mark,Norton,1936-12-02,Male,4251416160,"59254 Petersen Mills Suite 954 Waltonmouth, GU 19855",Asthma
1107,Jacqueline,Manning,1980-04-07,Female,4598934076,"97344 Austin Alley Apt. 805 Rachelmouth, PR 99057",Kidney Disease
1108,Henry,Johnson,1961-12-09,Female,8470349112,"88844 Nelson Cliffs North Jimmy, DC 87482",Diabetes
1109,Laura,Anderson,1956-09-25,Male,1827076094,"763 Caldwell Lakes Smithside, WA 00862",None
1110,Ronald,Page,1972-10-10,Female,8658986370,"616 Matthew Land Apt. 871 Wilsonmouth, NE 01218",COPD
1111,Robert,Robinson,1979-07-29,Female,4634974774,"83423 Cooley Course Karenchester, PW 83890",Asthma
1112,Scott,Baldwin,1982-12-10,Male,4088381820,"51798 Angela Locks Suite 883 Michaelland, SD 24581",Heart Disease
1113,Joshua,Macias,2006-06-20,Female,1075552619,"11671 William Springs North Jacob, VA 43417",Asthma
1114,Kristina,Leblanc,2006-12-15,Male,3819054193,"85385 Olson Ford North Michelle, MA 59236",None
1115,Lee,Parsons,1965-10-24,Male,8423007805,"85468 Gary Courts North Whitneyborough, AK 49378",Diabetes
1116,Willie,Burgess,2003-01-28,Female,9892004208,USNV Gibson FPO AA 26227,Kidney Disease
1117,Adam,Hensley,1963-06-05,Female,6225288170,"539 Elizabeth Lane Suite 436 Millstown, OR 77292",Asthma
1118,Joshua,Cook,1989-08-18,Female,1514490162,USNV Reed FPO AE 49332,Asthma
1119,Laura,Dominguez,1998-07-08,Female,5759492051,"19272 Crystal Groves Suite 544 Richardsville, OR 90554",Asthma
1120,Jeremy,Arnold,1963-09-30,Female,8184466509,Unit 7944 Box 6744 DPO AP 18186,Kidney Disease
1121,Jonathan,Dyer,1938-06-29,Male,9399431947,"3013 Lee Orchard Apt. 101 Christineport, LA 92877",Heart Disease
1122,Cody,Day,2000-03-08,Male,5529117816,"490 Elizabeth Turnpike Suite 920 Morristown, AR 24879",None
1123,Mary,Harris,1946-04-02,Female,7722245907,Unit 8942 Box 5573 DPO AP 99533,Hypertension
1124,Steven,Richardson,1943-08-12,Female,7221737032,"879 Jennifer Terrace Leeburgh, SC 82404",Heart Disease
1125,Jessica,Peters,1959-10-08,Female,9440374992,"4939 Small Fields Apt. 486 Port Wesley, AZ 95021",Diabetes
1126,Robert,Mendez,1995-09-19,Female,8059901818,"174 Jackson Stream Apt. 134 Cookmouth, MA 59384",Heart Disease
1127,Ricardo,Ruiz,1980-11-09,Female,0007524605,"95397 Williams Way Suite 865 Doughertybury, ND 50776",None
1128,Jason,Lynn,1937-12-06,Male,9238695280,"511 Logan Gardens Apt. 010 Samanthaside, NC 58276",Diabetes
1129,Bobby,Perez,1998-05-29,Male,4264926858,"3730 Katrina Avenue Apt. 052 Port Michaelfurt, RI 53987",Heart Disease
1130,Pamela,Williams,1962-09-05,Male,6307466899,"03101 Wilson Port Suite 131 Samanthaport, UT 26098",Asthma
1131,Krystal,Ortiz,1955-05-24,Female,3017788809,"48324 Edwards Port North Adambury, LA 56717",Diabetes
1132,Christopher,Cruz,1992-06-02,Male,5584828252,"018 Jones Club Suite 701 Benderborough, VT 79515",Heart Disease
1133,Cheryl,Walton,1943-03-07,Female,4912332334,"1294 Craig Cliff Apt. 902 Hendersonland, CT 29940",Hypertension
1134,Brian,Barnes,1997-04-01,Female,4174431463,"55974 Henry Mission Barneschester, CA 63795",COPD
1135,Marvin,Mccarty,1961-10-03,Male,2276035352,"9855 Kim Highway Hutchinsonborough, AS 80842",COPD
1136,Tom,Jackson,1938-03-11,Female,2034853602,"00689 Nathan Keys South Sethton, AK 78013",None
1137,Kelly,Perez,1950-04-19,Male,9419528263,"438 Steven Ferry Suite 625 Katherinebury, TN 83587",COPD
1138,Cory,Little,1990-09-24,Female,0305807836,"03747 Devin Roads Port Kyle, VI 49983",None
1139,Brian,Warner,1943-02-23,Male,1993882735,"846 Michael Haven Apt. 154 Lake Christinetown, CO 75900",Hypertension
1140,Brett,Gomez,2003-08-31,Female,1861146312,"54966 Vega Ville Jonathantown, MN 65743",Diabetes
1141,Michelle,Sanders,2006-11-25,Male,7215716997,"711 Johnson Square Port Paulport, NC 93548",Hypertension
1142,James,Martinez,1949-01-10,Male,1096993876,"8546 Cook Vista Suite 887 Christopherbury, LA 10675",COPD
1143,William,Rivera,1956-03-09,Male,1945998967,"07287 Stacy Lodge Lake Jamesstad, VT 30133",COPD
1144,Catherine,Keller,1952-10-05,Male,0944088827,"7942 Amanda Loaf New Joshuaberg, RI 53339",Hypertension
1145,Brandi,Peterson,1969-01-02,Male,2205428471,"669 Scott Tunnel Charlesport, VT 57125",COPD
1146,Heidi,Ritter,1943-03-29,Female,7852763086,"749 Jeremy Circle Parkschester, ND 85948",Asthma
1147,Christopher,Sanchez,1948-07-04,Male,5166206845,"8602 James Rest Brendachester, CA 68144",Heart Disease
1148,Gabriel,Thompson,1958-03-04,Female,9055401609,"0806 Raymond Gardens North Juan, MP 04325",COPD
1149,Jamie,Bell,1958-01-31,Female,9633424399,"0357 Christopher Creek Apt. 956 Williamton, RI 61419",Heart Disease
1150,Christopher,Wagner,1978-01-23,Female,4593783359,"640 Jones Mall Apt. 700 East April, NC 11063",COPD
1151,Linda,Hernandez,1953-10-17,Female,7984162737,"346 Wright Prairie Port Joel, SC 85321",COPD
1152,Christina,Gardner,1935-08-07,Female,6390793009,"578 Johnson Drive Suite 554 Timothyburgh, MD 22287",Diabetes
1153,Tanya,Wong,2005-12-25,Female,6369018653,USS Bailey FPO AE 44216,Asthma
1154,Cassandra,Simmons,1974-04-12,Male,0193644701,"610 Donna Mountains Jessicafort, RI 14338",None
1155,Samantha,Lucas,1944-07-11,Male,9296606507,"921 Miller Summit Suite 680 New Travis, KS 81361",Kidney Disease
1156,James,Li,1985-08-18,Female,2426339404,"0846 John Villages Port Maryview, TN 51492",None
1157,Benjamin,Herrera,1967-11-08,Female,7532261373,USNS Smith FPO AA 49595,Hypertension
1158,David,Weaver,2004-02-04,Female,2149472893,"7004 Dominic Crossing West Aliciaburgh, MT 29973",Hypertension
1159,Ricky,Melton,1992-02-01,Female,8209219684,"2671 Rhodes Expressway Suite 277 Olsonberg, CA 88306",Heart Disease
1160,Matthew,Dalton,1958-01-04,Male,3797514860,"5077 Gregory Radial Ashleyhaven, MT 95427",Asthma
1161,Victoria,Conner,1959-08-29,Female,8911113331,"965 Shea Fort Apt. 791 West James, VT 44335",None
1162,Sarah,Benton,1954-10-22,Female,7092514031,Unit 0847 Box 8955 DPO AE 32945,COPD
1163,David,Boyer,1978-08-21,Female,7089932130,"2689 Rachel Roads South Randy, GU 60197",Kidney Disease
1164,David,Diaz,1987-05-08,Female,1264976683,"924 Jeffery Mission Blanchardland, KS 45795",Heart Disease
1165,Mark,Maldonado,1968-02-18,Male,6420280188,"581 Jennifer Crossing Apt. 541 Johnfurt, MD 49590",Hypertension
1166,Tracey,Allen,1981-08-19,Female,0170726651,"11790 Patrick Creek Apt. 802 Curtismouth, PA 73470",Hypertension
1167,Shannon,Bates,1938-04-18,Female,8673579465,"72745 Robin Land Suite 637 North Javierbury, VA 60812",Diabetes
1168,Brian,Taylor,1976-09-04,Male,5991486877,"9816 Nunez Loaf Munozfurt, NE 15810",Asthma
1169,Katherine,Johnson,1956-03-21,Female,0433407735,"135 Turner Crescent Lake Michael, TX 45998",None
1170,Nina,Smith,1988-01-09,Male,0382433636,"PSC 0252, Box 9842 APO AA 03927",Diabetes
1171,Kimberly,Stevens,1942-11-24,Female,6296114291,"88754 Briana Manor Kennethfurt, TX 88179",Asthma
1172,Adam,Winters,1964-03-06,Female,8428019453,"0771 Perry Glens Apt. 935 West Valerie, MI 08909",COPD
1173,John,Garcia,1944-06-18,Female,1346468646,Unit 8697 Box 8239 DPO AA 60500,Asthma
1174,Vickie,Chapman,1997-06-08,Female,9891103467,"8984 Mary Green Apt. 393 West Veronicafort, TN 65069",Diabetes
1175,Dawn,Snyder,1992-05-06,Female,4186482973,"5294 Brown Ford Derekfurt, VT 72798",Diabetes
1176,Cassie,Rivers,1977-05-07,Female,1850614468,"2050 Elizabeth Harbor New Kevin, NM 99563",Kidney Disease
1177,Traci,May,1937-05-16,Male,6373592330,"26854 Blair Turnpike South Katrina, RI 62303",None
1178,Robert,Warner,1949-04-26,Male,5329798944,"44210 Sherman Ranch New Sharon, ME 92607",COPD
1179,Edward,Potts,1999-10-13,Male,5566905427,"1697 Christopher Islands Suite 672 North Michaelport, NC 85150",Kidney Disease
1180,Brenda,Buchanan,1952-02-07,Male,3614438779,"68240 Brandt Locks West Steveland, AL 25840",Asthma
1181,Joel,Thompson,1961-07-07,Male,3706547967,"890 Victoria Vista Apt. 702 Christinehaven, CO 78779",Kidney Disease
1182,Tonya,Garza,1959-05-23,Male,5232842790,"9672 David Harbor Suite 730 Seanside, FM 12285",Hypertension
1183,Stephen,Lester,1937-12-09,Male,1547344900,"69636 Quinn Greens Claudiashire, AZ 56070",COPD
1184,Robert,Kaufman,1976-09-12,Male,7926969409,"573 Johnny Knoll Suite 426 Haroldburgh, WY 14935",Asthma
1185,Robert,Bell,1957-11-25,Male,8345353056,"86353 Davila Well South Laura, KS 62474",None
1186,Kevin,Douglas,2002-08-30,Male,3968977766,"499 Boyer Village North John, AS 54916",Kidney Disease
1187,Beth,Bryant,1977-03-03,Male,4040766973,"7690 Jones Mount Suite 504 Kristinborough, TN 94843",Heart Disease
1188,Shelby,Villarreal,2004-10-06,Male,2031872865,"33630 Carlson Haven Danielbury, FL 05241",Heart Disease
1189,Amanda,Jones,1947-03-16,Female,0663796022,"05521 George Center Zacharymouth, ND 94609",Diabetes
1190,Heather,Butler,1946-05-15,Male,4792796538,"811 Zachary Spur Suite 791 North Justinbury, UT 01489",None
1191,Crystal,Marsh,1993-01-15,Female,2217747769,"54673 Guzman Meadows Sweeneyview, NY 59804",Kidney Disease
1192,Suzanne,Wright,1968-01-20,Male,7667709925,"2445 Veronica Pass Suite 139 Port Lauren, DC 12293",None
1193,Lori,Munoz,1957-03-19,Male,2502519409,"062 Cameron Skyway Apt. 896 Laurieton, WV 96954",None
1194,Frank,Silva,2001-06-13,Female,5629339925,"0411 Richardson Inlet New Benjamin, KY 99838",COPD
1195,Jeffrey,Lewis,1960-01-10,Male,4082739866,"22319 James Course Lake Robertland, PR 29579",Hypertension
1196,Donna,Hernandez,1992-05-28,Male,3156935328,"5860 Christensen Run Apt. 343 Lake Teresaburgh, VA 54163",Asthma
1197,Christopher,Arroyo,1963-10-12,Female,3606620428,"708 Karen Tunnel Watsonmouth, MA 95292",Diabetes
1198,Allen,Monroe,1988-05-19,Female,0905389717,"5566 Schwartz Fall Suite 401 New Amber, IA 43298",Hypertension
1199,Angel,Gibson,1953-07-04,Male,6040102266,"99946 Wood Tunnel Suite 293 Robinsonmouth, TN 92092",COPD
1200,Jennifer,Williams,1995-10-09,Female,2611690591,"PSC 6985, Box 5739 APO AA 75921",Asthma
1201,Kent,Robbins,1937-11-08,Female,0757776151,"3848 Evan Vista South Mark, CO 09018",Kidney Disease
1202,Michael,Tucker,1953-05-19,Male,4123108778,"3944 Guzman Ville Suite 545 North Samanthahaven, NE 90322",Asthma
1203,Matthew,Allen,1999-07-02,Female,6686386604,"0670 Kimberly Locks Port Tanya, VA 37086",Kidney Disease
1204,Vanessa,Johnson,1989-12-14,Female,6869061954,"0042 Bernard Branch Suite 893 Kochville, VA 27888",Diabetes
1205,Kenneth,Juarez,1981-10-30,Male,8479273044,"11535 Lucero Inlet Dodsonmouth, VA 86734",Diabetes
1206,Bruce,Price,1938-03-13,Male,1547237619,"2413 Savage Ferry Apt. 753 West Matthewland, SC 44038",Heart Disease
1207,Peter,King,1967-01-23,Male,0399521597,USS Marquez FPO AE 03489,Diabetes
1208,Julie,Frank,1988-07-23,Male,3968968050,"7476 Terri Crossing West Kathrynborough, CT 08712",Hypertension
1209,Benjamin,Smith,1987-11-26,Female,4912668340,"287 Wright Keys Lake Jessicaland, VI 40632",None
1210,Rachel,Johnson,1983-12-05,Female,6201084605,"4621 Johnson Spring Kimberlybury, DC 21847",Diabetes
1211,Kenneth,Clayton,1968-08-23,Male,6391379340,USCGC Solis FPO AP 52264,Asthma
1212,Joseph,Sharp,2004-07-20,Male,4333651895,"0191 Alan Street Apt. 835 New George, NM 02092",Hypertension
1213,Andrew,Anderson,1947-03-25,Female,6722019184,"0565 Brittany Cliff New Christina, FM 45280",None
1214,Richard,Shelton,1956-05-24,Female,6494339847,"42554 Smith Drives Suite 815 Lindabury, GA 43957",COPD
1215,Alicia,Rose,1973-09-18,Female,1408440192,"301 Sarah Harbor Apt. 115 Port Andrewchester, OK 05982",Kidney Disease
1216,Dennis,Davis,1997-09-09,Male,7986733244,"PSC 1658, Box 4028 APO AE 18394",None
1217,Mark,Sanders,1982-01-26,Female,0440638943,"7570 Allen Tunnel Lake Ginastad, VI 52794",Kidney Disease
1218,Leslie,Castro,1954-12-01,Female,0026721846,"65309 Moody Heights Apt. 036 Byrdstad, NE 73633",Kidney Disease
1219,Sarah,Jones,1950-08-05,Male,6827407858,"52527 Estes Valley Apt. 063 West Rebecca, AK 34694",Kidney Disease
1220,Chad,Fowler,1984-10-11,Female,8391236165,"6911 Kelly Island Apt. 649 Ashleyshire, MP 35931",None
1221,Adam,Goodman,1958-01-31,Female,9452748153,"043 Williams Hollow Apt. 083 East Gary, OH 01516",Heart Disease
1222,James,Buckley,1963-05-15,Male,2349646017,"89324 Walls Forge Suite 420 Port Cindyview, MS 29454",Diabetes
1223,Tiffany,Taylor,1973-12-31,Female,9664702919,"669 Howard Forge Ericside, FL 45057",COPD
1224,Patrick,Silva,1951-07-23,Male,9040639356,"4930 Nancy Lodge Apt. 339 Wilsonside, IN 76865",Hypertension
1225,Brianna,Friedman,1990-10-24,Male,7620347726,USCGC Kelley FPO AA 38656,None
1226,Linda,Mayer,1962-08-19,Male,9109119108,"0259 Steele Stravenue Suite 802 Taylorside, OR 01728",Kidney Disease
1227,Alexander,Nichols,1981-12-30,Female,4425414638,"1536 Robert Valleys Zhangside, NH 52750",Heart Disease
1228,Richard,Ayala,1955-11-14,Female,3651798442,"9076 Simmons Glen Suite 543 Lake Deborah, TN 36181",Kidney Disease
1229,Jeffery,Rogers,1946-02-14,Male,0505101774,"74931 Teresa Meadow Port Maryton, CA 14936",Hypertension
1230,Barbara,Flynn,1988-11-30,Female,6101445338,"8185 Hahn Mall East Mary, CO 95151",Hypertension
1231,David,Reed,2003-01-01,Female,9132884556,"49932 Amber Mountains Suite 558 Jasonbury, AL 25923",Asthma
1232,William,Smith,1981-06-01,Male,5291185478,"6544 Ruth Mountains Webbbury, ND 58924",Diabetes
1233,Mark,Collins,1968-10-28,Female,2270605958,"102 Dennis Parkway Apt. 488 East Gregory, SD 67786",Hypertension
1234,Mason,Paul,1938-02-08,Male,4508910281,"169 Byrd Loop Ingramfort, SC 98726",Diabetes
1235,Amy,Lopez,1963-03-31,Male,8340558033,"658 Evans Roads Apt. 504 Krystalfurt, CA 54955",Kidney Disease
1236,Ana,Brown,2008-02-26,Female,2667821282,"3949 Moreno Dale Samanthamouth, CT 22623",Diabetes
1237,Matthew,Gray,1937-07-04,Male,2055643315,"89168 Jamie Mountains Apt. 934 Jamesville, OK 08648",None
1238,Willie,Bishop,1949-09-03,Female,0970927131,"0083 Perez Fort South Marioside, WA 63784",COPD
1239,Joshua,Thompson,1981-02-27,Female,6072994266,"82756 Phillips Keys Suite 510 Hallberg, IL 68254",None
1240,Lauren,Moore,1955-05-25,Male,4293806122,"6624 Danielle Ridge Suite 900 West Tiffany, VI 53712",Diabetes
1241,Jacqueline,Moran,1979-06-20,Female,5452153517,"20213 William Turnpike Brentside, NJ 47146",Kidney Disease
1242,Michael,Ward,2004-05-10,Male,3789012082,"98030 Stevens Landing North Bryanmouth, VT 74396",Kidney Disease
1243,Jennifer,Harvey,1948-08-31,Male,0142383898,"981 Bowman Key Amandafort, VT 95923",Hypertension
1244,Dawn,Morrison,1979-12-20,Male,4591144570,"2457 Lacey Plain Allentown, ME 35913",Heart Disease
1245,Daniel,Hayes,1943-10-11,Female,2394764434,"10327 Ryan Tunnel Suite 965 Littleburgh, KS 76386",Asthma
1246,Robin,Cruz,1936-04-13,Female,9539593095,"PSC 9830, Box 4978 APO AA 28840",Asthma
1247,Anita,Merritt,1940-03-19,Male,8939908679,"516 Rice Radial Robinmouth, KY 39046",Hypertension
1248,Michael,Drake,1997-04-18,Female,2089083241,"0241 Samuel Village North Scottmouth, SD 57529",Hypertension
1249,Ethan,Ballard,1954-07-24,Female,0163923634,"3972 Turner Loaf Hendersonstad, IL 46499",None
1250,Dale,Williams,1948-05-09,Female,8207764813,"86957 Michael Coves Lake Cindyshire, AL 30044",None
1251,Eric,Clark,1979-04-17,Female,3054371109,"31133 Greer Harbors Apt. 346 East Suzanneview, VA 06490",Heart Disease
1252,Kelsey,Simmons,1948-05-16,Male,9347817143,"582 Hawkins Centers Suite 469 Michaelmouth, FM 19208",Asthma
1253,Shannon,Francis,1961-08-28,Female,4508535241,"07909 Brown Inlet Suite 679 Stuartberg, FM 29614",Diabetes
1254,Marvin,Smith,1982-09-21,Male,3069412874,USNV Miller FPO AE 01481,None
1255,Jessica,Smith,1994-09-22,Male,0142763476,"701 Brown Squares Apt. 727 New Brentmouth, IA 38172",Kidney Disease
1256,Billy,Schultz,1997-04-19,Male,9314218584,"864 Anthony Coves Apt. 712 Robinsonmouth, FM 71867",Kidney Disease
1257,Brian,Boyd,2000-08-09,Female,3752623166,"847 Perry Lane Suite 976 Henrytown, MD 82343",Asthma
1258,Megan,Myers,1992-08-20,Female,1925174199,"66931 Garcia Shore West Carl, MD 39380",Kidney Disease
1259,Jacob,Nicholson,1962-06-01,Female,6716872498,"559 Craig Crescent Apt. 996 Smithtown, SD 31505",COPD
1260,Kimberly,Martinez,2001-06-10,Male,3969651019,"91433 Lori Shore Suite 874 North Markside, WY 30134",Kidney Disease
1261,Maria,Turner,1986-08-21,Female,2826330049,"1743 Richardson Motorway Reidburgh, KY 55388",COPD
1262,Amber,Prince,1987-08-29,Male,6285681507,"29991 Phillip Camp Suite 256 South Davidmouth, MT 65647",Asthma
1263,Laura,Harris,1985-09-08,Female,8820928954,"364 Colleen Ferry Apt. 046 West George, CO 68794",Kidney Disease
1264,Edward,Wright,1997-10-04,Female,4637510896,"8587 Rhonda Crossing Tracyland, MS 24351",None
1265,Sandra,Miller,1949-04-26,Female,4019410256,"78481 Chad Circles Port Susan, HI 63920",Hypertension
1266,Eileen,Miller,1997-01-12,Female,7868492424,"390 Taylor Corner North Denise, CT 47017",Hypertension
1267,Alexis,Miller,1960-07-11,Male,0907740915,"5177 Smith Corner Mccoybury, PA 21286",None
1268,Tammy,Long,1944-10-07,Male,6266099589,"218 Timothy Walk Suite 762 East Christopher, KY 10841",Hypertension
1269,John,Henson,1937-04-24,Female,6041777060,"467 Joshua Trace Apt. 770 Meganshire, CT 75521",Diabetes
1270,Todd,Nash,1975-01-04,Male,9472107932,"08666 Taylor Street Parkerfurt, IN 22264",Heart Disease
1271,Melanie,Cooper,1996-07-03,Female,2060818364,"586 Olsen Ports East Darylfort, CT 29222",Asthma
1272,Joshua,Ward,1972-01-15,Female,3570068982,"05683 Adkins Inlet Apt. 173 Baileyland, TX 96119",Kidney Disease
1273,Helen,Maxwell,1954-10-09,Female,2564896760,"070 Landry Place Apt. 881 Washingtonbury, MN 65591",Heart Disease
1274,Sandra,Roth,1979-01-01,Male,7239651508,"249 Calvin Fords West Jeffrey, FL 71257",Asthma
1275,Kelly,Zimmerman,1959-10-29,Female,3987759253,"201 Sanders Rest Jamestown, SC 74299",None
1276,Robert,Garcia,1997-11-16,Female,0705818326,"918 Pham Keys Apt. 602 East Cynthiaborough, MO 03733",Heart Disease
1277,Jamie,Martinez,1990-03-04,Female,6139999830,"6603 Chelsea Stravenue South Karen, AR 47244",Hypertension
1278,Jessica,Walker,1939-06-21,Male,8411415430,"460 Larry Dam Apt. 210 Jamiebury, MT 61031",Kidney Disease
1279,Justin,Barnes,1939-03-02,Male,4135892580,"444 James Turnpike Suite 654 New Jacqueline, GU 92991",Diabetes
1280,Christina,Wagner,1953-02-03,Male,1505875795,"83864 Jeremy Summit Suite 373 New Michael, GA 63011",Kidney Disease
1281,Jason,Daniels,2000-01-30,Female,3432304093,"0320 Craig Square Suite 200 North Kennethfort, NE 41332",Heart Disease
1282,Jeremiah,Gordon,1956-12-20,Female,2547365256,"9130 James Pass Haleystad, MI 58603",Kidney Disease
1283,Philip,Hickman,1965-12-02,Female,6892676997,"42817 Richards Circle Suite 687 North Mathew, UT 37348",Kidney Disease
1284,James,Robertson,1967-08-18,Female,1907637135,"3270 Brown Underpass Apt. 567 New Joelland, VI 31764",Kidney Disease
1285,Allen,Lopez,1953-05-16,Male,6216389438,"2570 Nicole Walk Suite 724 Travisland, NJ 95836",COPD
1286,Michael,Sweeney,1980-07-19,Male,6737504747,"0710 Sarah Square East Lisa, NH 27464",COPD
1287,Karen,Ramos,1936-08-11,Male,7726155998,"491 Adam Parkway Suite 625 Carolland, NH 29247",Asthma
1288,Kenneth,Ayala,2007-06-29,Female,5108259725,"312 Pace Mill Suite 642 West Russell, OR 95961",Diabetes
1289,Rebecca,Bullock,2007-09-12,Female,9742763058,"9968 French Lane Suite 518 New Edwardport, IN 97110",None
1290,Cynthia,Blackwell,1989-07-24,Female,5820191428,"0439 Maldonado Camp Chavezhaven, ND 06312",COPD
1291,Debra,Evans,1974-02-06,Female,6159320908,"042 Hill Bypass Apt. 015 New Jamesshire, MT 82014",COPD
1292,Maria,Lopez,1943-11-02,Female,0116574306,"40798 Blair Summit New Mandy, NJ 47171",Heart Disease
1293,Eric,Little,1988-10-03,Female,7057020302,"07231 Palmer Brook Apt. 871 Chrisburgh, AL 84994",Asthma
1294,Desiree,Anderson,1982-03-24,Female,8437190221,"8075 Browning Motorway Josefort, MD 25364",Hypertension
1295,Martha,Johnson,2007-11-14,Female,6429719711,"2701 Thomas Trail North Raymond, FM 50767",Heart Disease
1296,Sarah,Armstrong,1983-03-13,Female,5699834355,"7335 Strickland Stravenue Taylormouth, IN 57342",Kidney Disease
1297,Thomas,Gibbs,2001-02-25,Male,2534305757,"393 Ronald Unions Port Craigstad, TX 51807",Heart Disease
1298,Theresa,Gonzalez,1940-07-05,Male,8165669489,"8913 Kenneth Falls Suite 060 Brewermouth, NM 28241",COPD
1299,David,Price,1949-04-10,Female,1962318968,"93889 Christopher Rue Suite 932 Silvaview, IL 00998",Kidney Disease
1300,Rebecca,Lam,1996-05-03,Female,4762519997,"59353 Flores Motorway Suite 919 Jesseton, TX 79759",Asthma
1301,Ian,Yates,1948-06-17,Female,3006983615,"49266 Jessica Isle Suite 709 Montgomerychester, OK 60166",Heart Disease
1302,Ashley,Bryant,1945-03-14,Female,9810058458,"582 Sullivan Meadows Alexanderbury, NJ 10128",Kidney Disease
1303,David,Smith,1969-11-16,Female,7890733924,"234 Moody Meadow Suite 628 Mccarthystad, MP 75163",Heart Disease
1304,Christopher,Donaldson,1964-03-21,Female,0288191207,"8797 Amanda Garden Suite 468 Brandyport, MO 05761",None
1305,Ashley,Gregory,1942-02-23,Female,8768812830,Unit 6277 Box 5545 DPO AP 34249,Heart Disease
1306,William,Powell,1957-11-26,Female,3167328867,"3227 Carlos Avenue Torresburgh, ME 90637",COPD
1307,Lori,Orozco,1943-11-06,Female,9292501501,"0470 Fernandez Plain Phillipsborough, WI 57568",Heart Disease
1308,Samantha,Ballard,2002-02-12,Female,5694352097,"54683 Amber Overpass Apt. 987 Anthonystad, KS 13848",Asthma
1309,Lisa,Jackson,1940-02-24,Male,9835250237,"3204 William Street Markstad, OR 08101",Heart Disease
1310,Elizabeth,Jackson,2006-06-15,Female,9095788741,"311 Spence Row North Dale, MS 09318",Kidney Disease
1311,Jacob,Anderson,1953-08-23,Female,1784137785,"4162 Wallace Junction Port Joshuaborough, NC 96583",Asthma
1312,Keith,Richardson,1996-04-23,Female,6488435937,"1063 Mark Centers Mariaville, DC 77051",Hypertension
1313,Clayton,Greer,1943-01-08,Male,0654151111,"23896 Ortega Unions Suite 103 West Larryside, MP 76518",None
1314,Felicia,Brown,2005-01-07,Female,7458518443,"6547 Zimmerman Inlet Suite 902 Patriciastad, WV 55765",Diabetes
1315,Mary,Howard,1945-01-11,Female,2065785890,"4907 Bates Keys Suite 704 Dustinmouth, CO 17848",Asthma
1316,Anita,Owens,1988-10-21,Female,8046480730,"045 Sanchez Falls Suite 348 Maryburgh, DE 52894",Asthma
1317,Randy,Johnson,1935-03-23,Female,7753396546,"71514 Taylor Club Suite 247 South Patriciafort, FM 80064",Diabetes
1318,Karen,Garner,1978-03-13,Male,7227796843,"240 Parks Flat Merrittside, TX 63629",Heart Disease
1319,Melissa,Collins,1970-01-04,Male,5233044442,"526 Carter Lights West Wanda, MP 79742",Heart Disease
1320,Mindy,Baker,1944-11-19,Male,1766555750,"6787 Amy Fork Suite 496 Stevenstad, ID 34759",COPD
1321,Maureen,Moore,1982-03-03,Female,4644860641,"12261 Lance Estates East Richardmouth, ME 90546",COPD
1322,Elaine,Smith,1957-02-27,Male,3209900640,"3018 Becker Tunnel Suite 592 Jerryfurt, TN 48650",Diabetes
1323,Tyler,Maxwell,1975-01-29,Female,8137588155,"19085 Morgan Islands Suite 069 North Blake, AR 58500",COPD
1324,Michael,Hart,1962-09-10,Female,5482945775,"211 Michelle Ville Apt. 494 Kennethstad, RI 54964",Kidney Disease
1325,Michael,Jackson,1935-09-10,Female,4890377713,"0057 Sharon Locks Port David, NY 63998",Heart Disease
1326,Daniel,Wilson,1986-08-10,Male,0977539421,"34223 Mark Roads Port Annaside, PW 75625",Asthma
1327,Judith,Hall,1961-12-06,Male,0257155623,"3768 Kimberly Stream Suite 141 Johnberg, PR 09894",Heart Disease
1328,Brian,Richard,1950-12-22,Male,4589476125,"0031 Carl Lodge Apt. 445 Lake Williamland, WY 49152",None
1329,Stephen,Odonnell,1960-02-07,Male,9943810505,"0245 Brandy Canyon Davidstad, MA 48649",Kidney Disease
1330,Joshua,Ruiz,1960-09-20,Female,8484457890,"77889 Carla Extensions Suite 234 North Jameshaven, PR 79887",Hypertension
1331,James,Wilson,1948-09-16,Female,1987477026,USCGC Brown FPO AA 23343,Diabetes
1332,Robert,Hodges,1968-04-28,Male,5364592161,"70065 Jason Alley Suite 457 East Aaronhaven, AS 87533",COPD
1333,Carol,Crawford,1971-03-10,Female,4806698260,USCGC Hall FPO AA 52721,Diabetes
1334,Chelsea,George,1945-12-07,Female,0944582225,"398 Diana Common Apt. 239 West Allison, VA 66760",Diabetes
1335,Michelle,Roberts,1939-04-15,Female,8505775868,"1705 Watson Shore East Juliebury, GA 27110",Diabetes
1336,Angela,Elliott,1960-03-25,Male,2224615997,"426 Nicholas Loaf Suite 403 Lake John, SC 27959",Asthma
1337,David,Brown,1966-05-27,Male,4131416650,"26912 Lopez Causeway Apt. 810 Wellsland, IL 01209",None
1338,Aaron,Gutierrez,1963-04-19,Female,1231382987,"12747 Mcmahon Divide Murphyton, ME 70011",Diabetes
1339,Danielle,Reyes,1938-10-08,Female,2353602118,"24811 Joseph Highway Apt. 908 Port Matthewstad, FM 28008",None
1340,Gregory,Jackson,1953-10-23,Male,8797476101,"41922 Armstrong Valley Apt. 819 Rebeccaburgh, AS 35352",Diabetes
1341,Catherine,Woods,1956-08-09,Male,3915165993,"3467 Page Manor Priceport, IA 76442",COPD
1342,Kimberly,Carr,1941-07-08,Female,4550366680,"47055 Andrew Mission Suite 382 West Jenniferville, NC 22030",Asthma
1343,Alicia,Silva,1993-09-19,Male,9938447216,"3608 Dale Fords Port Deannaport, PW 42164",Asthma
1344,Susan,Anthony,1958-10-15,Male,1477360969,"61167 Anna Junctions South Davidshire, OR 46311",None
1345,Peter,Moore,1990-10-23,Female,7219444841,"PSC 5454, Box 1139 APO AE 43245",Heart Disease
1346,Anna,Bates,1984-07-30,Male,4921619578,"399 Norris Village South Danielside, MI 95599",None
1347,Richard,Andrews,1970-08-17,Male,9120832983,"026 William Camp Apt. 700 Melanieberg, MA 52891",Asthma
1348,Chad,Harvey,1976-09-03,Female,5801863010,"857 Michael Curve Apt. 244 New Charleston, MS 12606",Asthma
1349,Amanda,Myers,1945-08-21,Female,5486379672,"620 Bradley Glens Suite 910 Leeborough, WV 55012",None
1350,Chad,Taylor,1981-08-30,Female,8622289263,"893 Williams Dam Apt. 707 Port Claire, VT 24552",COPD
1351,Tonya,Anderson,1963-07-04,Male,0605147329,"1536 Juarez Springs Apt. 887 Aliciaport, MI 39210",Diabetes
1352,Stephen,King,1953-05-05,Female,7617032830,"01081 Sean Burgs Port Josephmouth, LA 52685",Hypertension
1353,James,Ali,1950-06-02,Male,3070162630,"27304 Pope Knolls Suite 646 New Brandy, AK 50301",Heart Disease
1354,Julie,Ryan,1958-09-11,Male,2084357384,"656 Stafford Vista Apt. 989 Port Joseberg, VI 39925",None
1355,Frank,Cohen,1988-08-12,Female,5672660783,"691 Anderson Vista Suite 284 Dennismouth, ND 78955",Diabetes
1356,Madeline,Andrews,1983-03-12,Female,2955531149,"1163 Bell Springs East Melissaville, PR 03414",Hypertension
1357,Charles,Williams,1973-04-08,Male,6442005636,Unit 0203 Box 5707 DPO AP 55479,Hypertension
1358,Amanda,Payne,1945-06-27,Male,7573733124,"446 Thornton Park Apt. 498 New Alexandertown, HI 91150",Kidney Disease
1359,Whitney,Taylor,1970-04-08,Female,0703385146,"591 Thompson Street Thomasland, CO 40702",Heart Disease
1360,William,Schultz,1995-11-28,Female,5143592207,"60963 Thompson Walks Apt. 925 Lake Hunterland, VT 56121",Hypertension
1361,Paul,Frazier,1997-05-27,Male,5517627027,"5833 Tony Lock Lake Stephanieport, UT 89255",Kidney Disease
1362,Sarah,Boone,1965-04-02,Male,9521706316,"484 Christopher Isle Port Alexisport, DC 45363",Heart Disease
1363,Fred,Humphrey,2000-02-28,Male,8783090183,"65374 Decker Trafficway Apt. 210 West Jeffrey, UT 16829",Asthma
1364,Teresa,Whitaker,1979-08-02,Female,9409124376,"3813 Johnston Hills North Carl, MS 48640",Kidney Disease
1365,Katie,Case,2004-12-30,Male,0449886427,"17543 Phyllis Valleys Apt. 061 Terrellhaven, NY 44526",Diabetes
1366,Gregory,Morton,1936-09-09,Male,3192082757,"812 Jennifer Pine New Jonathan, MP 84991",Heart Disease
1367,Amanda,Clark,1939-12-30,Female,8290314500,"6150 Kristen Ranch Suite 382 Rachelshire, DC 30931",Heart Disease
1368,Michele,Smith,2002-07-01,Female,3009535507,"493 Monique Falls Suite 371 Morganchester, OR 64395",Heart Disease
1369,Lauren,Smith,1971-02-08,Male,5995445028,"2381 Wanda Road Johnview, OH 44630",Kidney Disease
1370,Cassandra,Hopkins,1953-09-11,Male,5186813591,"79826 Robert Club Lake Chloemouth, RI 32375",None
1371,Gabrielle,Harmon,1948-03-19,Male,8420528485,"3929 White Manor Apt. 717 South Luisview, SC 78908",Diabetes
1372,Mark,Ruiz,1993-06-05,Male,2478816479,"347 David Throughway Lake Christopherfurt, LA 72649",Asthma
1373,Jamie,Hall,1956-03-01,Male,2021559863,"PSC 5021, Box 5050 APO AE 84086",Heart Disease
1374,Matthew,Burch,1982-09-24,Female,3454598262,"640 Alicia Plains Jonesfurt, DC 32135",Hypertension
1375,Nathan,Gonzalez,1988-01-29,Male,5003783767,"56193 Daniel Manor Thomasmouth, CA 54553",None
1376,Eric,Lee,1987-07-01,Male,1436759894,"586 Patton Common Suite 690 Jeffreyborough, IA 33244",None
1377,Brenda,Lyons,1996-10-22,Male,8527424363,"PSC 1408, Box 6659 APO AE 82526",Asthma
1378,Alexis,Johnson,1951-01-30,Male,0920953603,"7122 Linda Trafficway New Annebury, AR 86084",None
1379,Tiffany,Miller,1941-01-19,Male,8693629263,"759 Christopher Valley Dennisshire, SC 96390",Kidney Disease
1380,Michele,Holland,1968-08-19,Male,8842455587,"461 Lori Grove Robinsonstad, GU 65231",Hypertension
1381,Joel,Martin,1995-04-03,Female,1086493875,"0396 Robert Summit Dominicton, NH 24614",COPD
1382,Richard,Santiago,1979-07-02,Female,1415505077,"31928 Rivas Shore Loritown, UT 19351",None
1383,Sean,Wilson,1957-06-22,Male,5002357292,"05821 Lopez Parkways Lake Susanland, GU 23471",Asthma
1384,Joseph,Black,1952-04-04,Male,7299123703,"2128 Kimberly Tunnel Suite 670 Mortonbury, FM 61229",None
1385,Karen,Harding,1935-03-27,Male,1564381378,Unit 4651 Box 5766 DPO AP 47110,Asthma
1386,Renee,Spencer,1991-11-23,Female,9189913862,"35896 Robin Landing Bruceport, NC 36532",Hypertension
1387,Hannah,Watkins,2005-10-30,Male,8233691199,"104 Vasquez Turnpike Suite 583 Port Julieside, AS 04039",None
1388,Tiffany,Martinez,1964-11-15,Female,0441744300,"473 James Drive Andrewville, PW 46999",Heart Disease
1389,Gina,Price,1989-07-30,Male,9561543108,"449 Molina Ways Apt. 216 East Robin, AS 52139",COPD
1390,Brandon,Williams,1965-04-10,Male,2510139065,"4645 Jessica Pike Owentown, KS 40907",None
1391,Michelle,Weber,1972-04-30,Male,6730131594,"565 Ashley Locks Suite 605 Smithborough, WV 27648",Kidney Disease
1392,Matthew,Scott,1935-03-13,Female,8235554960,"975 Gonzalez Expressway Port Wandaview, KS 05946",Diabetes
1393,Kayla,Powell,2003-07-26,Female,6808646104,"77310 Alejandro Wells Yangton, VA 45787",None
1394,Mia,Powell,1935-10-22,Female,9724138005,"7344 Michelle Unions New Katherineland, OR 37538",COPD
1395,John,Ortega,1945-06-29,Male,2229279022,"0200 Thomas Junctions Apt. 350 West William, WY 88044",COPD
1396,Kyle,Rodgers,2004-10-16,Female,2477461278,"750 Knapp Pines Kevinside, OR 45664",None
1397,Heather,Fisher,1947-04-13,Male,0951215732,"743 Christopher Valleys Apt. 053 Melissafurt, TX 67400",Kidney Disease
1398,Eric,Ortiz,1967-10-03,Female,7922869831,"1784 Kline Well Apt. 556 Rebeccaton, DC 91477",COPD
1399,Ashley,Thompson,1982-09-05,Male,8398851099,"4154 Brown Burgs Suite 636 North Davidmouth, WV 57740",COPD
1400,Cody,Mendez,2003-09-04,Female,2553710309,"881 Kennedy Cove Suite 468 New Deborahview, WI 97217",None
1401,Chad,Colon,1936-07-31,Male,0894433358,"58000 Herman Radial Apt. 602 Bradfordland, VI 68589",None
1402,Jennifer,Lewis,1938-04-26,Female,0401221801,Unit 7537 Box 3183 DPO AA 89145,Heart Disease
1403,Brady,Ayers,1958-08-29,Female,7012454676,"13511 Williams Fort West Kim, MO 12111",Heart Disease
1404,Michele,Lawrence,1978-12-21,Female,5603676516,"650 Garcia Ranch Suite 240 West Robert, TX 01825",Hypertension
1405,James,Patel,1993-06-18,Female,6485969928,"2006 Sanders Stravenue Port Taylorside, UT 86796",Diabetes
1406,Brittney,Welch,1935-08-10,Female,3439188866,"86371 Meghan Corners Suite 337 Andersonchester, MP 17007",Asthma
1407,Rhonda,Garcia,1950-07-27,Male,2286397930,"7321 Ricky Views Suite 269 Bakermouth, WA 78618",Diabetes
1408,David,Stevens,1939-09-28,Male,5255021052,"232 Tracey Green South Allison, AK 98062",Diabetes
1409,Randy,Wright,1989-07-01,Female,2962514361,"739 Mcdaniel Burgs Matthewland, VA 24730",Hypertension
1410,Tiffany,Coleman,1937-05-14,Female,6203110260,"27844 Michelle Forges Carriechester, KS 10084",Hypertension
1411,Jessica,Cruz,1992-11-13,Male,0486696117,"0334 Simpson Forest Marcusstad, SD 31610",Hypertension
1412,Belinda,Anderson,1954-03-22,Male,5869169591,"44796 Sanchez Extension Thomasfurt, MI 35793",Hypertension
1413,Jonathan,Castillo,2005-08-24,Male,9742525536,"6283 Owens Overpass Apt. 236 West Jackie, RI 13994",Heart Disease
1414,John,Johnson,1973-12-14,Female,7093906276,"217 Henry Parkways West Chelseaborough, OK 01681",None
1415,Christina,Smith,1938-12-16,Female,4498000001,"0706 Fernandez Junctions Suite 705 Georgeshire, FL 15508",Heart Disease
1416,Kelli,Carter,1949-10-26,Male,6208262105,"084 Benjamin Gateway South Joshua, VT 93728",Hypertension
1417,David,Myers,2004-04-11,Male,7559780167,"043 Hopkins Meadow Suite 691 Garcialand, TN 07277",Heart Disease
1418,Kelsey,Foley,1964-08-14,Male,4452276675,"7129 Hailey Club Cherylchester, AR 31164",Asthma
1419,Sierra,Humphrey,2004-03-30,Male,5924573900,"9589 Long Pine South Nicholasburgh, AK 16559",Heart Disease
1420,Joy,Taylor,1981-11-19,Male,2836457432,"2077 Sabrina Rue Port Davidville, DC 20377",Kidney Disease
1421,Kathleen,Lozano,1951-09-13,Female,7521350186,"51456 David Flat Courtneystad, VI 52365",Hypertension
1422,Sandra,Brown,1946-12-11,Male,5397695445,"114 Robert Isle Apt. 016 Hardinville, MA 70734",Hypertension
1423,Erik,Peterson,1985-10-17,Female,6168250868,"8738 Baker Circles Suite 009 East Benjaminbury, ID 42001",Asthma
1424,Christina,Brown,1970-10-21,Male,3025204430,"04357 Katherine Islands New Chadfort, NH 48481",Heart Disease
1425,Philip,Martinez,1936-08-22,Male,7687666873,"52182 Levine Summit East Isaiahmouth, MO 45726",COPD
1426,Morgan,Beck,1976-06-16,Male,0899735714,"616 Hill Glens Apt. 236 Ewingland, WI 11416",Heart Disease
1427,Tanya,Johnson,1952-07-01,Female,9716350111,"50782 Reed Green West Sandrafort, GU 92100",Diabetes
1428,Janet,Andrews,1963-12-26,Male,8244186237,"158 Sandra Mountains Salazarmouth, VA 98176",Diabetes
1429,Deanna,Moore,2006-04-02,Female,7252197337,"PSC 1052, Box 4489 APO AA 73437",Diabetes
1430,Caitlin,Moon,1994-05-12,Female,5827258819,"25452 Mccoy Loop Thomaschester, WV 22924",COPD
1431,Amanda,Holder,1996-02-16,Female,4601121461,"0663 Black Row Apt. 839 Traceyberg, CO 03875",Heart Disease
1432,Kimberly,Vasquez,1982-08-18,Male,4172545795,"22706 Adams Landing South Jamie, MN 02269",Heart Disease
1433,Amy,Vargas,1950-03-19,Male,9556274263,"7294 Jennifer Court Apt. 661 West Lee, ND 68538",Asthma
1434,Virginia,Good,1998-10-03,Male,5548346510,"8810 Williams Harbor Williamschester, ME 11824",Hypertension
1435,Sue,Chandler,1942-07-28,Female,7378586522,"9239 Yang Pike West Michael, KY 37970",Kidney Disease
1436,Bryan,Bowman,1954-01-29,Male,3779438004,"3358 Wright Plaza East Tommyside, SD 07437",Asthma
1437,Melanie,Bradley,1971-12-03,Male,4849173975,"7455 Roberta Highway Evansberg, IN 14236",Hypertension
1438,Stephen,Gibson,1977-07-31,Female,0087852683,"09554 Maria Oval Suite 157 New Crystal, NV 79258",Diabetes
1439,Brandon,Butler,1953-11-01,Female,1744567292,"9215 Michael Canyon Suite 668 Jaclynville, GU 87932",Kidney Disease
1440,Christopher,Kim,1945-12-08,Female,5716847242,"515 Rickey Views Apt. 827 Charlesland, IA 04328",Hypertension
1441,John,Rivers,1998-11-29,Male,8433563975,"20152 Gross Neck North Stephanie, MA 55850",COPD
1442,Kelsey,Thompson,1942-03-28,Male,2158738784,"55896 Mcintyre Motorway Suite 330 New Amy, SD 47136",COPD
1443,Janet,Lin,1997-06-21,Female,3973588849,"52569 Craig Center Suite 303 New Antonio, MH 63616",Hypertension
1444,Elizabeth,Bell,1988-06-19,Male,0706979071,"4005 Lori Pine Apt. 462 Jarvisberg, MS 23737",Heart Disease
1445,Teresa,Green,1988-10-29,Female,1396049971,"231 Wells Walks Suite 761 New Lori, ND 94520",Asthma
1446,Emily,Barrett,1968-12-23,Male,5164212397,"20979 Perez Rapid Georgeborough, NM 05240",Kidney Disease
1447,William,Cohen,1999-12-10,Male,4409316897,"487 Ray Burg Suite 991 East Elizabeth, KS 28003",None
1448,Jason,Conway,1988-04-26,Male,2444561211,"05536 John Forest Suite 007 West Shelbyhaven, ND 23174",None
1449,Justin,Meyer,2005-03-25,Male,6175548152,"49795 Page Station North Austintown, ND 13138",Heart Disease
1450,Tonya,Rios,1997-08-03,Female,3330328938,"6263 Hanson Inlet Apt. 109 North Alexis, IA 56746",Kidney Disease
1451,Dawn,Nelson,1945-09-04,Female,8637650511,"PSC 4300, Box 5147 APO AP 17832",None
1452,David,Collins,1985-05-12,Female,4997662427,"3744 Zachary Crossing East Andrea, OR 40595",Diabetes
1453,Melissa,Armstrong,1936-12-17,Female,1419399006,"86434 Martin Fall Suite 160 South Dianestad, TN 72224",Heart Disease
1454,Brian,Singleton,1942-01-29,Female,9693476693,"38345 Joseph Underpass Suite 333 Collinsborough, UT 58742",Kidney Disease
1455,Kenneth,Rasmussen,1941-09-02,Female,4017625056,"301 Donald Road Terrimouth, HI 34572",Kidney Disease
1456,Christine,Cruz,1940-07-09,Female,1463611211,"57984 Phillips Flats Apt. 278 Joshuastad, MH 46352",Diabetes
1457,Zachary,Hester,1945-02-14,Female,1583577780,"6765 Martha Turnpike Suite 992 South Michaelton, MA 63270",None
1458,Michael,Rodgers,2006-01-09,Female,6751454638,"7896 Theresa Grove Suite 589 Lake Stephen, DE 62953",Diabetes
1459,Marie,Glover,1969-04-25,Female,0128644652,Unit 9433 Box 4616 DPO AA 95487,Asthma
1460,Ashley,Johnson,1953-09-18,Female,1647266686,"895 Mcneil Vista Apt. 038 Thomasmouth, CA 43165",Heart Disease
1461,Kimberly,Huang,1956-07-31,Female,3031563508,"329 Mercer Wall Suite 768 Dixonburgh, NH 85571",COPD
1462,Vincent,Kramer,2000-12-04,Male,5124063173,"930 Weber Inlet Port Tonya, OR 24573",Kidney Disease
1463,Zachary,Mahoney,1991-02-24,Male,7209378552,"6573 Yvonne Glen East Josephfort, MN 58459",Diabetes
1464,Terri,Soto,1949-11-04,Male,9774966758,"4354 Chambers Garden Joshuaside, AR 66442",Asthma
1465,Elizabeth,Malone,1947-01-09,Female,0015154744,"1704 Nguyen Point Apt. 165 Janethaven, OK 49872",Heart Disease
1466,Dawn,Duncan,1938-03-10,Female,2319017220,"26774 Anderson Prairie South Carla, DE 46367",Hypertension
1467,Meagan,West,1954-11-06,Male,0030441351,"73996 Hoffman Lane Apt. 897 Stevensfort, MT 89413",Hypertension
1468,Richard,Hernandez,1974-06-16,Female,2924395707,"19431 Kevin Union Burkefurt, CT 33084",None
1469,Kathleen,Nelson,1994-09-20,Male,9984091765,"74117 Eric Meadows Apt. 372 New Jenniferfort, DE 39133",Kidney Disease
1470,David,Acosta,1946-07-17,Male,0204962777,"28328 Leslie Ridges Catherineborough, OH 79462",Hypertension
1471,Joseph,Cobb,1980-10-04,Female,2156119307,"8454 Nguyen Flats West Rebeccafurt, NM 55021",Hypertension
1472,Anna,Ramos,1965-11-10,Male,9042906764,"99165 Byrd Wells Hernandezfort, NM 64994",COPD
1473,Jonathan,Potter,1995-02-16,Male,5597315294,"97441 Keller Light South Thomas, AL 13888",Asthma
1474,James,Golden,1939-05-27,Male,9619975446,"62942 Kaiser Lake Suite 040 Tracibury, NE 16428",Hypertension
1475,Adam,Moss,1988-12-14,Male,7228729344,"975 Mark Extensions Suite 106 Thompsonport, WV 47287",Hypertension
1476,Shannon,Ramirez,2007-04-30,Female,6112748073,"76979 Parks Wells Suite 484 North Breanna, KY 30429",Kidney Disease
1477,Amy,Anderson,1977-04-23,Female,0075410706,"9335 Cohen Lodge Suite 152 South George, AS 77329",Hypertension
1478,John,House,1955-11-29,Male,2408965222,"6687 Carlos Radial Suite 911 North Christopher, KS 56245",Kidney Disease
1479,Amanda,Winters,1972-03-05,Female,1269431924,"278 Amanda Isle West Meganshire, PW 25405",Kidney Disease
1480,Edwin,Palmer,1945-05-04,Male,0936668386,"3695 Matthews Skyway Michaelland, AK 48685",Asthma
1481,Carlos,Smith,1977-03-31,Female,6702372675,"77177 Parker Glens North Michael, HI 77556",Heart Disease
1482,Martha,Graham,1970-11-03,Male,0506989295,"664 Sosa Rapid Lake Michaelside, MA 39044",None
1483,Samuel,Nunez,2001-02-01,Female,4708197334,"31502 Gutierrez Squares Port Belindamouth, TN 11053",Heart Disease
1484,Michael,King,1954-03-08,Male,7647149189,"6660 Kane Rest Apt. 681 Payneland, MO 86807",Asthma
1485,Rebecca,David,1963-11-16,Female,4177769720,"7335 Kristy Passage Suite 472 Carterberg, AS 43378",COPD
1486,Ryan,Garrett,1998-03-19,Female,4134535169,USS Cortez FPO AA 55059,Asthma
1487,Sara,Lewis,1967-05-27,Female,4572078290,"116 Anthony Landing Suite 881 New Janetview, SC 08576",Asthma
1488,Todd,Ford,1949-08-31,Female,3665111738,"9894 Richard Lock Suite 278 South Sonia, VI 87760",Kidney Disease
1489,Cindy,Pineda,1968-06-15,Female,0283799108,"8873 Thomas Crest Apt. 486 Lake Alexandriaburgh, SC 10464",Heart Disease
1490,Thomas,Watts,1981-11-21,Male,4059027583,"240 Davidson Via Apt. 890 Port Carol, SD 36981",COPD
1491,Kyle,Lopez,1966-09-23,Female,6602503082,"847 Amy Branch East Hunterstad, MD 43263",COPD
1492,Ashley,Blair,1971-05-05,Male,4170157903,"5432 Miranda Station Huntport, ME 82701",None
1493,Caitlin,Taylor,1965-10-18,Male,0280094624,"352 Rodriguez Lodge Suite 603 Nunezfurt, VT 64535",Kidney Disease
1494,Joshua,Franco,1942-03-29,Female,7497225692,"867 Thomas Street Davidville, DE 69271",Diabetes
1495,Angela,Trevino,1968-10-17,Male,3269464820,"11379 Raymond Trace Christinastad, PA 69523",Asthma
1496,Patricia,Wong,1940-11-30,Female,8490689058,"2142 Martinez Rue Lake Susanview, OK 54859",Diabetes
1497,Stephen,Johnson,1972-02-05,Female,5834444451,"04200 Heather Village Thompsontown, CT 45777",COPD
1498,Andrew,Mcbride,1958-02-10,Female,0527629823,"543 Kimberly Ford Apt. 080 New Christopher, VI 69479",Kidney Disease
1499,Deborah,Evans,1950-06-26,Male,7867860963,"3192 Matthew Extension Apt. 839 North Sharon, NJ 43584",Kidney Disease
1500,Amanda,Lowe,1965-06-10,Female,2304958694,"121 Robertson Drive Suite 505 Lawrencehaven, UT 68188",Heart Disease
1501,David,Sosa,1965-01-13,Male,2612290563,"9764 Tammie Harbors Apt. 435 Lake Tinastad, PR 19435",Kidney Disease
1502,Anna,Esparza,2002-03-17,Female,7657045054,"88367 Thompson Hills Suite 774 Liburgh, NV 30601",Asthma
1503,James,Price,1983-05-13,Male,3104834964,"0800 Jennifer Harbor Underwoodview, WV 50754",Asthma
1504,Susan,Cross,1941-05-08,Male,6825555658,"0648 Webb Lake Jaredhaven, KS 49793",Kidney Disease
1505,Cindy,Hoffman,2007-12-29,Female,6653516686,Unit 4875 Box 6299 DPO AP 20570,COPD
1506,Anthony,Taylor,1968-09-07,Female,1429406980,"5091 Jimenez Plain Suite 882 West James, OH 68127",Asthma
1507,Allison,Chavez,1968-02-04,Male,2155018094,"908 John Meadows Port Rebecca, GU 35886",Hypertension
1508,Colton,Mendez,1953-08-18,Female,0207875164,USNS Moore FPO AP 37914,None
1509,Ashley,Jennings,1969-07-21,Female,8702597332,"324 Rachael Plain East Timothychester, KY 09812",Asthma
1510,Erin,Reid,1938-06-13,Male,1284842656,"PSC 0785, Box 8194 APO AA 55792",Heart Disease
1511,Jason,Cole,2002-08-31,Male,8120813634,"PSC 8838, Box 8305 APO AA 85177",Asthma
1512,Melanie,Woods,1941-06-22,Female,1090224415,"16321 William Lodge Suite 792 Lake Christina, OK 88760",Hypertension
1513,Kathleen,Baker,1999-03-08,Male,9993750599,"1280 Bowman Street Suite 234 Lake Candacetown, GA 60849",None
1514,Michael,Hayes,1984-06-06,Female,6267347080,"921 Reed River Apt. 100 South Frank, CO 64936",None
1515,Angie,Stephenson,1960-08-14,Female,4501909074,Unit 8019 Box 3434 DPO AA 49613,COPD
1516,Rachael,Henson,1947-01-12,Male,3024621778,"90299 Christina Burg Ryanport, NY 62442",Heart Disease
1517,Mike,Martinez,1978-10-11,Male,8766346571,"337 Meyer Brooks Aprilchester, FL 46163",COPD
1518,Billy,Green,1981-06-29,Female,1256790595,"33286 Lee Summit West Sean, AL 75426",None
1519,Diana,Barton,1981-12-08,Female,0128461639,"43677 Jill Cape Suite 640 Simonshire, MO 38472",Asthma
1520,Alex,Nguyen,1940-09-23,Female,6066939389,"4826 Daniel Island Jonhaven, FL 97437",Hypertension
1521,Sandra,Lane,1960-05-09,Male,3398830362,"0607 Carter Wall Alecburgh, WY 09769",Asthma
1522,Sheila,Spencer,1978-03-04,Female,7072294663,"297 Leonard Fields Suite 185 Katherineshire, AZ 35182",COPD
1523,Ann,Pruitt,1975-03-27,Female,2007442904,"8295 Petersen Isle Reesemouth, IL 34175",Asthma
1524,Jeffrey,Riley,1969-04-06,Male,8069829356,USCGC Griffith FPO AE 35325,Asthma
1525,Kathy,Lane,1986-01-13,Female,9982004218,"750 Barrett Underpass Susanview, GA 74199",Diabetes
1526,William,Simmons,1965-05-26,Female,0560397339,"17170 Avery Island Suite 331 Robinsonfort, PW 24064",Hypertension
1527,Andrea,Smith,1947-08-21,Male,7992698365,"220 Moss Harbors Suite 081 Martinezshire, RI 88180",Diabetes
1528,Christopher,Barnes,1980-12-07,Female,6025657117,"043 Williams View Apt. 849 Ashleyton, ID 17628",Diabetes
1529,Richard,Cooper,1978-02-04,Female,3864433195,"742 Lane Skyway Apt. 045 South Andrew, OK 64362",Diabetes
1530,Alfred,Brown,1974-07-13,Male,1763163106,"81708 Derek Alley Port David, AL 35743",Heart Disease
1531,Jonathan,Hester,2005-01-05,Female,6204304111,"0795 Flores Avenue Apt. 610 Lyonsside, GU 83160",Diabetes
1532,John,Vargas,1972-12-10,Female,5261936786,"4167 Phelps Harbor Suite 813 Port Chad, TN 91972",Hypertension
1533,Robert,Trujillo,1935-10-19,Female,1639522710,"784 Eric Run Wilkinsonton, MD 91574",Heart Disease
1534,Cheyenne,Weber,1999-05-19,Male,4239634930,"4879 Jason Bridge Apt. 143 New Alexandra, IL 04995",Heart Disease
1535,John,Thompson,1976-03-23,Female,0182370569,"7841 Hernandez Oval Lake Leonardville, NC 15272",Kidney Disease
1536,Dawn,Weaver,1976-09-05,Male,6814729940,"796 Jackson Mission East Sara, WI 54302",Diabetes
1537,Jessica,Santana,1982-02-06,Female,8960884555,"5728 Michael Roads Zunigastad, NM 03871",None
1538,Christopher,Cruz,1949-04-29,Female,1569829354,"3175 Ebony Underpass Apt. 026 New Kevinfurt, GA 80625",Kidney Disease
1539,Joyce,Collins,1935-07-28,Female,1813956954,"PSC 9158, Box 5135 APO AA 67123",COPD
1540,Laura,Dunn,1955-04-16,Male,3694786401,"662 Megan Crescent Suite 962 Port Richard, NC 20902",Asthma
1541,Jeanette,Dunlap,1940-05-16,Female,3186872416,"72521 Lindsey Light Johnsonmouth, PW 95838",Heart Disease
1542,Debra,Winters,1944-05-02,Male,6197822510,"63092 Gibson Lights Suite 486 Lake Chadfort, NV 68680",Diabetes
1543,Andrew,Holland,1952-11-16,Male,1295622416,"141 Greene Shores Mitchellmouth, AK 40627",Heart Disease
1544,Gregory,Stewart,1955-07-17,Female,1757419531,"00189 Gary Corner Apt. 628 Jasonburgh, VT 29284",Diabetes
1545,Michelle,Davidson,1985-05-14,Male,6341163641,"50482 Trevor Mountain Suite 779 New Victorfurt, FL 08750",Kidney Disease
1546,Allen,Glover,1970-08-05,Female,8162452115,"0589 Kristy Shoals Suite 243 Lake Mark, ND 12619",Hypertension
1547,Joshua,Wang,1957-01-15,Male,2121258775,"7728 Lisa Points Apt. 444 South Matthew, FL 52705",Hypertension
1548,Rhonda,Delgado,2006-05-24,Male,9541919418,"5310 Garcia Squares Suite 153 Robertmouth, OK 21694",Diabetes
1549,Jennifer,Parks,1944-05-29,Female,2877786268,"282 Johnston Harbors Apt. 860 Wernerberg, NY 60030",Diabetes
1550,Michael,Collier,1938-02-19,Male,1309413132,"5321 Billy Mills Apt. 324 Lake Billy, NC 79100",Heart Disease
1551,Joseph,Ryan,1995-09-09,Female,4722770689,Unit 4118 Box 5158 DPO AP 97942,None
1552,Rebecca,White,1998-06-15,Female,2660980643,"346 Victoria Plain Apt. 710 Allisonmouth, MI 22120",Asthma
1553,Wesley,Hinton,1975-06-22,Male,0954178606,"652 Charles Ridge New Davidland, LA 76671",None
1554,Lindsey,Rogers,1976-05-13,Male,0443216219,"6155 Joseph Throughway Suite 369 Jasonfurt, AS 25551",Heart Disease
1555,Kellie,Oliver,1980-10-13,Female,7161957567,"0191 Stevenson Village Apt. 530 Bennettberg, VI 31428",Kidney Disease
1556,Selena,Sims,1948-09-24,Female,4523677904,"5699 Peter Ranch Suite 448 North Carol, PA 77522",None
1557,April,Hall,1939-01-03,Female,6895277483,"PSC 8623, Box 7987 APO AA 44433",COPD
1558,Erin,Martinez,1958-12-03,Female,6923198350,"08890 Paul Locks Suite 306 East Josephmouth, PA 43232",Heart Disease
1559,Theresa,Henry,2007-11-27,Female,5038191640,Unit 1088 Box 2262 DPO AP 58954,Hypertension
1560,Walter,Williams,1994-12-11,Female,3694707293,"1938 Benjamin Viaduct Lake Cindyborough, NE 84352",Heart Disease
1561,Paul,Banks,1967-08-19,Male,6124330445,"81390 Robinson Plaza Cantustad, WV 17940",Diabetes
1562,Whitney,Hall,1971-07-13,Male,1506721935,"447 Luis Trafficway East Cassandraland, NM 74512",Diabetes
1563,Shelly,Gutierrez,1992-11-13,Female,7745484693,"PSC 2959, Box 6556 APO AE 46808",Heart Disease
1564,Cheryl,Brooks,1960-06-28,Male,2341308829,"0065 Robinson Lights Apt. 868 Barnettberg, WA 74651",Kidney Disease
1565,Elizabeth,Johnson,1957-05-15,Male,3811365740,"97696 Kelly Crossroad Apt. 442 Marcuschester, AR 45620",Kidney Disease
1566,Jasmine,Riley,2000-07-18,Male,9476374353,"2222 Hogan Rue North Melindabury, RI 18118",COPD
1567,Jenna,Nelson,1970-06-27,Female,2361090503,"029 Bird Squares Suite 290 East Robertland, VA 23943",None
1568,Bridget,Day,1947-04-08,Male,6568828974,"59940 William Mountains Apt. 922 East Daniellefurt, ID 41440",None
1569,Sheila,Davis,1980-12-25,Male,6987606318,"0621 Benjamin Pass Jeremyport, KS 42792",Asthma
1570,Kimberly,West,1941-03-14,Female,8490822756,"0925 Sanders Canyon South Robinstad, CT 17589",Diabetes
1571,Jeffrey,Hicks,1952-04-23,Male,8536775105,"261 Brett Street Apt. 435 Kathrynshire, FM 26027",Kidney Disease
1572,Susan,Nguyen,1999-04-13,Female,5906114651,"791 Jonathan Spring Apt. 700 East Scott, VI 69214",Asthma
1573,Paul,Harvey,1959-09-18,Female,1958371489,"17715 Marissa Pike Suite 319 Paulmouth, MO 54608",Asthma
1574,Brenda,Sanders,1939-02-12,Female,9697214234,"74694 Nathaniel Grove Suite 845 Lake Williammouth, GU 82846",Kidney Disease
1575,Cindy,Morrison,1944-09-15,Female,9756289302,"05757 Donald Brook Carolynshire, IA 28726",Diabetes
1576,Keith,Fisher,1976-11-18,Male,5529931444,"6852 Amy Orchard Lake Kimberly, IA 03032",Diabetes
1577,Renee,Gamble,1996-10-11,Male,3065287948,"56743 Smith Groves Apt. 160 South Dawn, NH 30385",Heart Disease
1578,Kristine,Arroyo,1937-04-30,Female,8773218250,"1385 Mejia Locks New Kennethberg, MN 43612",None
1579,Joshua,Cooper,1982-02-19,Male,6135487311,"531 Galloway Crest Suite 657 Port Matthewmouth, IL 92914",Heart Disease
1580,Jamie,Kennedy,1944-06-26,Female,4318861210,"20258 Michelle Garden Apt. 498 Melissachester, IA 79046",Diabetes
1581,Deborah,Perez,1947-01-04,Male,1680830079,"5741 Pearson Stravenue Suite 090 Littlehaven, TN 81519",Kidney Disease
1582,Susan,Dillon,1968-10-12,Male,7936850962,"75171 Castro Creek Apt. 934 Johnborough, SC 77318",None
1583,Kelly,Solomon,1996-10-15,Male,6744626655,Unit 4476 Box 5731 DPO AE 29299,Asthma
1584,James,Young,1951-09-17,Female,8488486694,"PSC 9062, Box 3706 APO AA 64610",Hypertension
1585,Michael,Richards,1944-09-07,Female,2409847396,"228 Chapman Garden Kimberlyborough, MD 14126",Kidney Disease
1586,Alexander,Watson,2000-03-13,Male,7942247976,"138 Kent Cliff Suite 878 Wadeside, KS 17876",Heart Disease
1587,Jonathon,Myers,1961-11-26,Male,6289107463,"6523 Matthew Meadows Brownville, AK 73208",None
1588,Taylor,Crane,1970-01-07,Female,3084555316,"873 Amy Mill Apt. 982 Andrewton, SC 77168",None
1589,Leah,Arias,2004-04-13,Female,4343599202,"24543 Yates Causeway New Matthew, HI 89310",Asthma
1590,David,Rodriguez,1973-09-01,Female,4396572039,"362 Foster Fords New Matthewside, OH 03255",COPD
1591,Kelly,White,1951-05-18,Female,5794665218,"6456 Lutz Ranch Aguilarton, MH 73230",Kidney Disease
1592,Lauren,Hammond,1943-06-08,Female,9884520398,"2860 Jennifer Walks Apt. 234 Port Raymondmouth, KS 37899",Asthma
1593,Amy,Wood,1944-04-08,Male,2632967702,"949 Marie Ranch Suite 032 Stevenmouth, NC 17799",Hypertension
1594,Daniel,Robinson,2000-05-30,Male,7602150205,"785 Park Forest North Frank, MD 44112",Kidney Disease
1595,Larry,Savage,1972-02-13,Female,5212967020,"2162 Hansen Island Philipstad, WI 93881",Hypertension
1596,Nicole,Foley,1979-01-09,Male,1938387494,"2792 Joshua Lake North Robert, VA 53262",Hypertension
1597,Donna,Schneider,1948-10-04,Female,9071137210,"97810 Mitchell Mountains Melissaland, AR 84107",Hypertension
1598,Kara,Stout,1962-07-07,Male,8588221601,"38825 Mcclure Island Melissashire, WI 92150",Diabetes
1599,Corey,Miller,1946-05-24,Female,8316173534,Unit 2198 Box 8850 DPO AA 56242,None
1600,Ruben,Hardy,1969-05-20,Female,6158575540,"6247 James Burg South April, KY 37659",None
1601,Christopher,Ford,1938-01-04,Male,2167233342,"889 Murphy Common Hernandezshire, IL 08772",Kidney Disease
1602,William,Chavez,2000-01-13,Female,3888608952,"8123 Courtney Avenue Lake Katrinaborough, WV 60637",None
1603,Raymond,Mcmillan,1945-02-22,Female,9199241840,"776 Christopher Rue New Robert, AZ 14400",Diabetes
1604,Angela,Sanchez,1958-04-13,Male,6767615669,"191 Lori Circle East Devonberg, MN 77087",Kidney Disease
1605,William,Knox,2002-01-21,Female,4540883447,"18175 Crystal Well Apt. 587 New Holly, TN 20088",Kidney Disease
1606,William,Bell,2001-03-20,Male,9148517161,"482 Donald Walks Suite 020 South Katherine, AS 30463",None
1607,Kimberly,Gordon,1948-10-14,Male,3251080531,"PSC 7210, Box 8840 APO AP 63090",COPD
1608,Alexandria,Soto,1976-01-13,Female,5882496506,"5159 Chambers Green Suite 117 Georgeberg, FL 51958",Asthma
1609,Nicholas,Hardin,1995-06-22,Male,0635654525,USCGC Burns FPO AP 73057,Hypertension
1610,Jennifer,West,1964-10-17,Female,2389139883,"9452 Diaz Lights Feliciastad, AL 67887",None
1611,Jennifer,Nash,1995-10-15,Female,7754558194,"905 Shannon Ports Apt. 839 South Amber, UT 02797",Asthma
1612,Brandon,Hood,1989-05-17,Female,5227876457,"00457 Savannah Courts Joseborough, NC 45296",Diabetes
1613,Craig,Miller,1945-06-13,Male,9405356161,"6943 Kristi Dale Suite 968 Scottville, CO 50563",Hypertension
1614,Scott,Martinez,1941-06-18,Female,5435657282,"895 Pennington Trace Lake David, VT 12887",Diabetes
1615,Kenneth,Hudson,1971-11-09,Male,6524497117,"46610 Amanda Fort Lake Jesse, PR 90908",Heart Disease
1616,Shawn,Higgins,1955-08-16,Female,5871819531,"1318 Gutierrez Skyway Suite 471 Port Deborahside, HI 85105",None
1617,Michael,Smith,1970-08-07,Female,7417556272,"926 James Manor Apt. 204 East Joe, VT 03142",Asthma
1618,Shane,Munoz,1982-04-20,Female,0805228392,"3440 Michael Union Apt. 630 East Matthewton, GU 34259",Hypertension
1619,Adam,Morris,1942-01-01,Female,1158139289,"041 Shelby Point Sancheztown, MT 41643",None
1620,Joseph,Shelton,1964-08-19,Female,3119929870,"2057 Sarah Mountains Tylerborough, NV 79122",Asthma
1621,Ashley,Roberts,1961-06-29,Female,9025469983,"64463 Patrick Bridge Suite 139 Melissachester, WV 74292",Heart Disease
1622,Valerie,Carson,1972-04-26,Female,0775403637,"488 Julia Crescent West Anthony, IA 97982",Heart Disease
1623,Dominique,Howard,1965-08-13,Male,2989813581,"64899 Sarah Stream Apt. 785 Amberberg, NY 49577",Kidney Disease
1624,John,Valdez,2006-06-25,Female,9442423961,"0845 Castillo Parkways Suite 773 Parkerbury, VA 01262",Diabetes
1625,Anthony,Bailey,2003-04-18,Female,5290189359,"937 Steve Forges Apt. 185 North Jason, OK 26724",None
1626,Gregory,Banks,2007-04-08,Male,0944161685,"8840 Jeffrey Skyway Crawfordville, WY 07692",Heart Disease
1627,Jordan,Gonzales,1981-04-03,Female,8831546496,"11549 Johnson Manors Apt. 642 Hoffmantown, NY 86824",Kidney Disease
1628,Seth,Haney,1935-04-02,Male,5237760681,"09903 Vasquez Island West Robert, PW 91461",COPD
1629,Patricia,Myers,1993-02-20,Female,3722336056,"8927 Chad Crossroad East Davidport, UT 71676",Kidney Disease
1630,Audrey,Rollins,1947-08-10,Female,1155216466,USNS Smith FPO AA 51878,Diabetes
1631,Bryan,Willis,1963-12-03,Male,6836377112,"04366 Arnold Route Jennatown, NY 89044",Asthma
1632,Victoria,Harrison,1949-04-03,Female,6767771689,"59209 Perkins Vista Apt. 876 Brownfort, WV 43200",None
1633,Vanessa,Daniels,1967-02-04,Female,8665375471,Unit 1376 Box 9588 DPO AA 55424,Kidney Disease
1634,Joshua,Callahan,2001-02-18,Male,8164987913,USNS Wise FPO AA 50527,Asthma
1635,Beth,Bryant,1980-01-03,Female,9095334053,"0340 Cunningham Mall Apt. 885 Paulstad, HI 90667",Asthma
1636,Francisco,Pollard,1966-11-07,Male,6163958398,"528 Adams Island Timothymouth, NE 64969",Heart Disease
1637,Jorge,Warren,1941-12-15,Male,3858468377,"80702 Charles Stravenue Apt. 369 South Aliciaburgh, OK 83993",COPD
1638,Jerome,Murillo,2003-02-12,Female,0624888678,"404 Snyder Pine Martinezside, KS 86171",Kidney Disease
1639,Gary,Smith,1996-04-16,Female,3831377571,"7291 Adam Ridge Powersstad, SC 21123",Hypertension
1640,Matthew,Miller,1943-08-28,Female,6200610982,"4636 Kent Turnpike Apt. 003 Cliffordchester, MA 82174",COPD
1641,Robin,Johnson,2003-12-05,Male,4427005189,Unit 8501 Box 3518 DPO AA 43596,COPD
1642,Michelle,Braun,1981-01-24,Female,3939143160,"60126 Jerome Street Lake Stephanieland, KY 40086",Diabetes
1643,Christopher,Clayton,1998-11-19,Male,4615932950,"20007 Ashley Forest Apt. 009 North Chadville, TN 18159",Heart Disease
1644,Tiffany,Wall,1970-04-12,Male,9493155004,"9445 Gary Park Suite 827 New Annemouth, KY 41093",COPD
1645,Kenneth,Rodriguez,2003-08-17,Female,6113030181,"148 Edwards Courts Port Michaelville, TX 35707",None
1646,Theresa,Schneider,1939-12-01,Female,8154558989,"0131 Downs Road New Christopher, VT 85757",Asthma
1647,Hannah,Johnson,1947-02-28,Female,8565276836,"614 Kristy Junctions Suite 585 Tranton, AL 86224",Kidney Disease
1648,Olivia,Bailey,1947-11-24,Female,0580445402,"52289 Katherine Rest Katrinaville, IN 09715",None
1649,Carla,Small,1986-02-23,Female,6764637893,"01403 Roth Shore Suite 419 Gonzalezfort, IA 38918",Diabetes
1650,Craig,Chavez,1997-01-23,Male,5494801412,Unit 8251 Box 7580 DPO AE 13324,Diabetes
1651,Belinda,Coleman,1975-09-22,Male,7972812670,"488 David Skyway Suite 486 Williamsmouth, PR 87813",COPD
1652,Tyler,Washington,1968-01-08,Female,2283360015,"627 Michael Shoals Davidville, MP 31149",Diabetes
1653,Christina,Parsons,1945-09-04,Male,1256505278,"972 Green Row Ramirezbury, NJ 43483",Kidney Disease
1654,Karen,Mcgee,1981-04-11,Female,5513475480,"50281 Melanie Club Williamsberg, UT 65582",Hypertension
1655,Abigail,Rodgers,1935-12-26,Male,3347205058,"93733 Anderson Square Suite 755 Hallview, SD 37634",Heart Disease
1656,Craig,Barrett,1966-08-29,Female,3941356777,"95940 Rachel Row Port Whitney, KS 85221",Hypertension
1657,Andrea,Aguilar,1978-02-09,Female,9103254338,"345 Andrea Mill East Sandraton, MD 98529",Heart Disease
1658,Mark,Perry,1993-02-18,Male,6162426639,"97986 Wolf Stravenue Guzmanfort, MO 55220",Diabetes
1659,Thomas,Ward,1969-10-15,Male,8082929363,"696 Breanna Run South Emilyfort, VA 81643",Heart Disease
1660,John,Reyes,1959-09-26,Male,6398072680,"819 Blevins Squares Elizabethborough, RI 54154",None
1661,Courtney,Ward,1956-01-25,Female,2866582640,"2704 Rachel Ramp Apt. 241 Owensbury, NM 77997",COPD
1662,John,Phillips,1999-03-20,Male,2956329982,"86400 Edward Turnpike Suite 807 West Brianstad, OK 54840",Diabetes
1663,Kelsey,Tanner,1942-04-11,Male,8044041944,"49955 Decker Viaduct Suite 790 Daviesshire, MI 97545",Heart Disease
1664,Michael,Russo,1979-12-17,Male,4460265577,"9009 Weber Mews Katelynton, LA 45436",Heart Disease
1665,Crystal,Rangel,1993-06-15,Male,3602718328,"2220 Mark Circles Suite 291 Rodriguezfort, KY 03397",Heart Disease
1666,Rachel,Bird,1997-04-19,Male,6496503878,"PSC 4688, Box 7377 APO AA 08108",Heart Disease
1667,Julie,Schneider,1974-07-18,Male,8104181711,"87035 Davidson Valley Apt. 727 Wilsonfort, VT 82305",Asthma
1668,Rebecca,Johnson,1937-08-10,Female,6842611077,"419 Marshall Mountains Suite 647 East Gary, TN 04721",Diabetes
1669,Michael,Davis,1984-10-06,Female,4858884674,Unit 1581 Box 1875 DPO AP 83021,Kidney Disease
1670,Terry,Curtis,1987-07-09,Male,8939856599,"1596 Becker Turnpike Soniaborough, RI 81452",Kidney Disease
1671,Andrew,Brady,2007-10-06,Female,3104430017,"37112 Robert Hills Suite 811 Robinsonfurt, AS 85052",Heart Disease
1672,Vanessa,Smith,1954-10-24,Female,0055446285,"902 Jessica Views Boydhaven, GA 73913",None
1673,Philip,Johnson,1997-01-14,Male,7074291053,"3075 Howell Forge Sheilaville, CT 62495",Kidney Disease
1674,Samuel,Hill,1992-06-20,Female,9730467217,"213 Kirk Lake East Davidport, MT 49198",Diabetes
1675,Jamie,Mitchell,1982-09-13,Male,7422542545,"64901 Samantha Mountain Suite 078 Tateburgh, VI 05973",Hypertension
1676,William,Simmons,2000-02-20,Female,8941196054,"82199 Johnson Hollow West John, SD 82476",None
1677,Daniel,Riley,1952-06-07,Female,7565937810,"932 Rebecca Parkway Suite 310 Jeffreybury, SC 24711",Heart Disease
1678,Brittany,Sutton,2006-09-03,Male,8773809873,"605 Rachel Estate Russellstad, MN 39722",Hypertension
1679,Vicki,Bowman,1944-02-13,Female,8737607612,"707 Williams Lane West Jacobchester, MA 36104",Asthma
1680,Jeffrey,Johnson,2007-10-03,Female,7859783562,"437 Garcia Mount West Katrinaton, WV 22327",Diabetes
1681,Aaron,Hammond,1982-04-08,Male,6486955017,"5605 Lindsay Lakes New Maria, WV 87905",Heart Disease
1682,Maria,Rodriguez,1953-05-02,Male,4030924914,"41499 Reynolds Loaf Suite 558 Lake Barbarahaven, MI 89571",None
1683,Carol,Wise,1999-01-03,Male,2260361689,"30603 Michael Alley Lake Christopher, AR 98569",COPD
1684,Troy,Brown,2003-02-10,Male,1346797197,"45664 Kathleen Lakes Suite 212 Christinaville, MN 74787",Diabetes
1685,Lisa,Norman,1998-04-03,Male,4427153917,"696 Miller Isle Weaverfurt, VT 33283",Diabetes
1686,Colleen,Dunn,1983-10-10,Female,8320481744,"7059 Sharon Forest Suite 080 Jonathanstad, WA 34337",Kidney Disease
1687,Garrett,Pearson,1943-04-26,Male,1882352029,"68319 Barker Crescent Suite 308 North Cynthia, DE 19207",Asthma
1688,Judith,Tran,1982-11-25,Female,1072872134,"9701 Soto Crossroad Suite 141 Jeffreyfurt, SC 69090",Heart Disease
1689,Monique,Young,1991-01-21,Male,0216778288,"8132 Vaughn Fork Suite 637 Ianberg, IN 04166",None
1690,Daniel,Branch,1972-08-14,Female,9403418602,"321 Heather Station Smithmouth, IA 46619",None
1691,Katherine,Simon,2001-07-26,Male,9593686898,"PSC 4449, Box 2410 APO AP 95671",Heart Disease
1692,Holly,Richardson,1937-05-28,Female,5806399297,"6200 Jenkins Freeway New Robinbury, VI 01179",Asthma
1693,Mary,Garza,1940-12-21,Male,4797989960,"67923 Michael Shoal Fisherchester, MS 69136",COPD
1694,Kimberly,Lopez,1959-07-02,Female,8336068958,"PSC 5930, Box 5761 APO AA 36105",COPD
1695,Brian,Wilson,1965-06-17,Male,0103529621,"9632 White Ville Apt. 676 Lake Brettstad, NH 51670",Diabetes
1696,Richard,Boyd,1959-12-14,Female,7556226371,"82357 Erickson Rue East Williamberg, AL 81279",Diabetes
1697,Carol,Smith,1981-12-20,Female,8532933155,"55562 Lee Pass Jessicamouth, MS 07279",Diabetes
1698,Rebecca,Foster,1974-09-23,Male,1549289653,"40238 Stephens Route Barbaratown, VT 56542",Kidney Disease
1699,Andre,Small,1967-10-25,Female,2432755750,"PSC 8779, Box 3832 APO AA 30681",COPD
1700,Benjamin,Hodges,1962-09-14,Male,3442751648,"345 Sexton Valleys New Diana, WY 00646",Asthma
1701,Kenneth,Martin,1990-07-06,Female,1471419716,"143 Lance Manor North Jennifer, SC 29215",COPD
1702,Karen,Campbell,2004-06-08,Female,4110022311,"98945 Andrea Roads Angelafurt, RI 85869",Hypertension
1703,Nancy,Carter,2000-02-06,Female,2152476818,"9733 Jessica Forges New Diana, KS 58166",Hypertension
1704,Morgan,Morales,1998-03-05,Male,5160555061,"9654 Hannah Meadows Suite 526 North Timothyshire, NV 36906",None
1705,James,Wilson,1975-10-21,Female,9255607104,"87027 Richardson Path Amandahaven, NM 37438",None
1706,Katherine,Thomas,2001-02-03,Male,8444695053,"822 Kenneth Trail Apt. 620 Williamburgh, CO 38705",Heart Disease
1707,Thomas,Potter,2000-07-18,Male,3791443443,"8995 Jessica Throughway Barbarafort, PA 13108",COPD
1708,Lisa,Stokes,1991-08-07,Female,5064322929,"18045 Susan Trail Michealport, GU 66665",Heart Disease
1709,Tamara,Vance,2003-08-04,Female,1168393716,"8282 Andrade Lights Suite 897 Foxstad, GA 59770",COPD
1710,April,Bartlett,1962-10-23,Male,9817308787,"267 Kimberly Camp Suite 070 Jamesshire, PW 91893",COPD
1711,Roy,Martinez,1949-09-24,Male,3982095486,"4134 Price Gateway Apt. 076 Shannonchester, VI 43942",Diabetes
1712,Mark,Wade,1958-10-19,Female,2613020710,"810 Leslie Plaza Michaelchester, DE 75435",Diabetes
1713,Daniel,Lara,1998-11-13,Male,9279797864,"99612 Mitchell Ports Suite 874 Johnmouth, ME 68274",COPD
1714,Phyllis,Chapman,2004-10-23,Male,0658371930,"616 Tucker Land Brandiville, HI 78556",Hypertension
1715,Brad,Smith,2004-09-09,Female,7515810001,"770 Joseph Port Apt. 738 Lake Zachary, FM 72598",Diabetes
1716,Rachel,Sweeney,2005-02-11,Female,5548593816,"60767 Molly Ville Apt. 198 East Dominichaven, SD 99555",Heart Disease
1717,Amanda,Brown,1940-12-04,Male,4084887682,"1087 Joseph Falls Suite 973 Fischershire, NM 32613",Hypertension
1718,Patricia,Garcia,1984-01-24,Female,8735409033,"55621 Jamie Fort Apt. 074 West Danielchester, KY 91701",Heart Disease
1719,Julie,Knight,1995-01-17,Male,3482294839,USCGC Peterson FPO AA 10362,Kidney Disease
1720,Robert,Lamb,1937-02-14,Female,8751416341,"301 Pierce Square Apt. 218 East Larrytown, WY 44826",Diabetes
1721,Leslie,Tucker,1938-05-14,Male,9684580131,"75710 Deborah Prairie Suite 156 New Marie, WA 72401",None
1722,Sonya,White,1969-11-07,Male,6967156373,"67818 Hammond Neck Apt. 320 West Megan, VA 10273",Asthma
1723,Michael,Atkins,1956-07-20,Male,7473502876,"760 Hood Street Suite 075 New Sara, NV 38634",Hypertension
1724,Charles,Jones,1936-05-16,Male,3712872281,"PSC 1991, Box 0734 APO AA 33777",Hypertension
1725,Travis,Moon,1960-05-11,Male,9122464932,"21196 Erickson Place Suite 135 New Paulastad, AZ 66957",None
1726,Aaron,Martin,1945-12-03,Male,0985292779,"157 Christine Falls Stephenberg, CT 53742",Hypertension
1727,Brian,Mendoza,1951-01-11,Female,1758097133,"502 Jennifer Forges Lake Daniel, NM 11358",Heart Disease
1728,Ann,Wilson,1973-07-19,Female,9764741871,"887 Hays Unions Suite 977 East Matthewland, WY 36650",Diabetes
1729,Ann,Sosa,1991-03-03,Male,4544268997,"9742 Veronica Wall Suite 612 Elizabethside, NJ 97639",Kidney Disease
1730,Stacey,Alvarado,1996-10-12,Female,6671561986,Unit 2819 Box 6693 DPO AP 12129,Diabetes
1731,Anthony,Ramirez,2003-03-30,Male,6306445499,"65403 Gutierrez Land Port Corey, AZ 65171",None
1732,Patrick,Singleton,1947-10-12,Male,9896716760,"19213 Johnson Shore North Herbert, SD 96002",Heart Disease
1733,Richard,Knight,1956-02-19,Female,9671727526,"37660 Hunter Manors Briggsstad, ID 85946",COPD
1734,Jeffrey,Brown,1984-11-29,Male,3642847712,"428 Shelby Center Greenland, ND 68990",Asthma
1735,Travis,Riley,1967-03-17,Female,8792168008,"93153 Fleming Ports South Elizabethhaven, NE 88384",COPD
1736,Jennifer,Hill,1939-02-23,Female,4240545788,"5136 Stephenson Center New Shelbyport, UT 33977",None
1737,David,Rodriguez,1974-10-15,Female,4938207811,"0884 Johnson Extensions Apt. 672 East James, WI 07813",COPD
1738,Eric,Robinson,1979-10-31,Female,5509067859,"330 Rachel Drive Suite 295 West Danielle, CT 83917",Diabetes
1739,Joseph,Mcintyre,2001-10-10,Male,6747881318,"202 Anderson Hollow Apt. 987 South Davidview, IA 19235",COPD
1740,Kenneth,Miller,1982-03-19,Female,7237482873,"0840 Sheila Port Apt. 351 Port Tanya, MN 87363",Kidney Disease
1741,Charles,Ibarra,1945-11-30,Male,1258399637,"05454 Joshua Highway New Deborah, ID 42121",Kidney Disease
1742,Sharon,Martin,1937-04-07,Male,7527624664,"59215 Baker Viaduct Shawnstad, MT 62992",Hypertension
1743,Edward,Murphy,1984-01-30,Male,6337068815,Unit 7133 Box 5843 DPO AA 16725,Diabetes
1744,Joshua,Murphy,1950-06-27,Male,9642359189,"19941 Sara Plains East Walter, IA 77916",Kidney Disease
1745,Dana,King,1997-05-24,Female,8147082875,"4146 Ross Keys East Erin, VA 83338",Heart Disease
1746,Robert,Kelley,1994-05-27,Male,7150581531,"47352 Reid Turnpike Suite 970 North Ronaldside, MN 25823",Heart Disease
1747,Stephanie,Chung,1952-12-27,Male,9685720777,"9037 Dunn Trail Chelseafurt, NH 62888",Asthma
1748,Valerie,Kirby,1983-09-25,Male,1530619650,"9823 Cochran Square Port Lisabury, ID 53894",Kidney Disease
1749,Amy,Hardin,1972-04-12,Male,1874228614,"941 Victoria Turnpike South Lisastad, CO 27082",Diabetes
1750,Michael,Hoover,1993-10-20,Male,5498960295,"5539 Monica Forge Apt. 927 Wilsonchester, AL 90499",Heart Disease
1751,David,Lee,1983-12-01,Male,2879107017,"77474 Golden Hills Apt. 088 New Craigfurt, KY 95785",Hypertension
1752,Adriana,Velez,1953-03-05,Male,7126657438,"4633 Dean Park Suite 092 Destinyborough, VA 56711",COPD
1753,Joshua,Duncan,1974-12-30,Male,0512962066,"39473 Beverly Keys Apt. 977 Lake Seth, PR 22900",Heart Disease
1754,Jamie,Moyer,1942-09-08,Female,3939694333,"276 Figueroa Pine Apt. 796 Carolinefort, OR 51394",COPD
1755,Jason,Freeman,1974-05-08,Female,1713446562,"989 Lang Common Coxton, NY 61133",COPD
1756,Erica,Grant,1964-08-04,Male,0259069378,"677 David Courts Port Randallbury, MS 53968",Hypertension
1757,Monica,Willis,1957-06-02,Male,2085374376,"3532 Shaw Shoals Johnsonview, ND 51290",Asthma
1758,Jeffrey,Ortiz,1980-03-20,Female,4424631241,"37233 Leslie Springs Apt. 985 Port Stephanie, DC 17688",Hypertension
1759,Andrea,Rogers,1951-08-21,Male,5866410253,"696 Jamie Spurs North Taylor, ID 25912",Asthma
1760,Sherry,Allen,1967-06-19,Male,5213252120,"31783 Olson Points Suite 041 New Kathleen, NH 20227",None
1761,David,Taylor,1998-04-17,Female,7268654361,"67001 Herrera Motorway Suite 885 Rebeccaside, MA 71033",Hypertension
1762,Ronald,Baker,1989-04-05,Female,7971322866,"41803 Walsh Harbor Ginachester, KY 31751",Asthma
1763,April,Rose,1969-02-24,Female,4434548674,"789 Paul Unions Santanaton, HI 55662",Kidney Disease
1764,David,Walker,2003-02-10,Male,1756656836,"8697 Theresa Land Apt. 254 Kennethview, MI 11837",None
1765,Calvin,Schultz,2006-01-13,Female,6822412233,"31541 Rodriguez Center Apt. 747 Conleyland, CA 00591",Kidney Disease
1766,John,Edwards,1980-03-11,Male,6851969236,"06345 Matthew Plaza North Melissa, IL 05110",Hypertension
1767,Brandon,Webb,1955-11-14,Male,7800105073,"9055 Hull Springs Michelleville, NM 60868",Kidney Disease
1768,Jonathan,Jenkins,1990-07-14,Male,0989365810,"67893 Robinson Highway Apt. 189 Mossborough, TX 67657",Asthma
1769,Ashley,Mendoza,1972-08-20,Male,8807459975,"283 Hobbs Ranch Suite 566 New Holly, MA 13308",Kidney Disease
1770,Angel,Pierce,1947-03-30,Male,3009801884,Unit 5273 Box 6257 DPO AE 42942,Diabetes
1771,Jeremy,Snyder,1955-03-13,Male,1134269407,"28870 Miller Shoals Colleenfurt, DC 24959",None
1772,Mary,Page,1995-08-29,Male,8390170423,"6394 Thomas Rest Lake Sheilatown, MH 95541",Hypertension
1773,Craig,Ayers,1982-06-23,Female,2829892909,"177 Jessica Manor Apt. 421 Dorseyshire, MI 65666",Asthma
1774,John,Walter,1952-12-26,Male,4912582458,"841 Jennifer Plains Tranbury, IA 88917",Asthma
1775,Yolanda,Morris,1942-01-31,Male,8950641726,"257 Shelly Square Apt. 337 Lake Michaelborough, GU 45016",Heart Disease
1776,Robert,Stone,1945-11-07,Male,5751866956,"814 Kane Run New Jonathan, AZ 20988",None
1777,Linda,Velasquez,1961-02-19,Female,2921031741,"16735 Megan Union Apt. 156 East Edwardfurt, HI 08529",COPD
1778,Michael,Bryan,1963-01-28,Female,4657498603,"5647 Tucker Manors East Shanetown, DC 65034",Diabetes
1779,Travis,Sims,1949-07-22,Male,1256276238,"71010 Emily Ferry Campbellton, ID 69045",COPD
1780,Stephanie,Harvey,2005-07-29,Male,7024170169,"97130 Micheal Falls South Taylor, MI 49797",Asthma
1781,Stephen,Buckley,1990-03-13,Female,7620605860,"3056 Wanda Ridges Apt. 788 West Sheilaport, OR 99000",Hypertension
1782,Kristi,Valdez,1950-04-27,Male,3341874902,"5309 Sanders Ramp Byrdtown, NH 65594",None
1783,Michael,Young,1984-09-06,Female,8368759609,"6735 Stephen Radial Raymondfurt, VA 31250",Kidney Disease
1784,Daniel,Hill,2000-07-03,Male,2785566844,"5287 Harrell Trace Suite 780 New Michele, MT 60855",COPD
1785,Shawn,Brooks,1946-09-14,Male,3341042562,USNV Adams FPO AE 41435,COPD
1786,Kyle,Jackson,1965-07-01,Male,3997739709,"22914 Aaron Coves Hoganburgh, NC 06305",COPD
1787,Patricia,Cook,1987-10-03,Male,9856575351,"927 Hernandez Plains Michaelton, MH 10680",None
1788,Ashley,White,2005-04-16,Male,1066040534,"00524 Richard Branch Suite 342 New Jason, ID 10247",COPD
1789,David,Massey,1965-12-20,Male,2218972953,USCGC Jackson FPO AA 55998,None
1790,Joel,Walters,1978-02-01,Male,1963065548,"212 Montgomery Pass Apt. 551 Davidstad, PW 29748",Heart Disease
1791,Rebecca,Christian,1949-10-12,Male,2630802035,"5620 Tamara Branch Apt. 436 East Ericside, PR 84233",Kidney Disease
1792,Danielle,Garrett,1938-01-16,Male,1274431099,"774 Travis Island Suite 200 Port Darin, TX 85542",COPD
1793,Scott,Lang,1939-09-25,Female,3457167720,"8985 Bautista Row Suite 649 Port Rachaelberg, DC 59973",COPD
1794,Paula,Parker,1986-09-06,Female,1448080500,"4367 Oconnor Tunnel Apt. 658 West Kyle, DE 31860",Diabetes
1795,Andrea,Alvarez,1973-01-30,Female,5727629282,"6363 Jones Knolls Suite 971 Saundersberg, MI 99702",Kidney Disease
1796,Melissa,Pitts,1950-04-26,Female,7029995267,"720 Donna Point Johnsonborough, MI 74387",Diabetes
1797,Pamela,Gardner,1969-05-12,Female,4514157975,"46974 Joshua Expressway Apt. 034 South Carriestad, MN 93806",Diabetes
1798,Brett,Hunt,1975-03-23,Female,3662421083,"90433 Carroll Forks Younghaven, ME 33902",Diabetes
1799,Carolyn,Martin,1966-04-06,Male,6733640030,"776 Patel Shoals Apt. 977 New Christopher, DE 29007",Hypertension
1800,Paul,Ball,1972-03-12,Male,5895263619,USNS Jones FPO AP 86895,Kidney Disease
1801,Heather,Guerra,1992-06-12,Male,5427452830,"8158 Joshua Drive Apt. 168 Lake Julia, OR 26113",Diabetes
1802,Jessica,Taylor,1960-08-17,Male,5200716308,"8828 Freeman Causeway Suite 770 Oliviafort, DC 05031",Diabetes
1803,Courtney,Moore,1960-02-17,Female,2679367002,"429 Gutierrez Ports Suite 417 Harmonberg, FM 63323",Diabetes
1804,Andrea,Hendricks,1942-07-06,Female,7982848094,USNV Stanley FPO AA 13877,COPD
1805,Emily,Mccoy,1977-10-06,Male,7481603434,Unit 7204 Box 4774 DPO AP 51608,Diabetes
1806,Krystal,Price,1936-12-01,Female,1130115751,"60536 Marks Circle Suite 088 Adamport, OK 74689",Kidney Disease
1807,Kim,Jacobs,2005-12-22,Female,8375523157,"1766 Samuel Crossroad South Nataliefurt, AR 69450",Hypertension
1808,Troy,Harrell,1964-08-19,Female,2625757147,USNS Young FPO AE 99020,Kidney Disease
1809,Richard,Jones,1941-02-19,Male,7420508286,"76359 Mills Drives South Joel, PA 67373",COPD
1810,David,Boyd,1950-02-19,Female,0530412725,"23023 Gallagher Valleys Apt. 262 Port Kaitlyn, KY 91145",None
1811,Brandon,Flores,1941-12-10,Male,3072689286,"615 Jesse Loaf Stacyton, MI 92493",COPD
1812,James,Gordon,1982-11-16,Female,9777741970,"PSC 9734, Box 3841 APO AE 38095",Asthma
1813,Melissa,Schmidt,1940-10-18,Female,4239262186,"2687 Katie Cliffs Apt. 584 Allisonstad, MH 44539",Asthma
1814,Lori,Stark,2006-03-13,Female,0018155422,"5493 Steven Parkways Blairfurt, MT 19505",Heart Disease
1815,Jasmine,Salazar,1977-11-27,Female,2856826582,"993 Buchanan Walks Huanghaven, MP 60567",Asthma
1816,Andrew,Dalton,1990-11-05,Male,1864708421,"7758 Fox Spur Suite 916 West Mary, MH 79401",Kidney Disease
1817,Katherine,Hancock,1943-11-22,Female,1686486401,"995 Barry Views Cassidyside, AL 19404",Kidney Disease
1818,Rachel,Hicks,1946-10-21,Female,6592809042,"297 White Lock Suite 155 East Ryanside, PA 74089",COPD
1819,Amy,Richardson,1977-03-07,Female,2488328618,"0574 Joseph Mall Apt. 864 Cassandraview, NV 85005",COPD
1820,Ann,Roman,1947-08-30,Male,6167242050,"1380 Beverly Lights Suite 727 East Michael, MS 69138",COPD
1821,Rebecca,Murray,1964-11-15,Male,7817554058,"4886 Michael Club Denisemouth, FL 75725",Hypertension
1822,Kathleen,Nelson,1944-12-30,Male,6308257063,"9713 Ashley Center Apt. 410 West Stevenside, AZ 51310",Asthma
1823,Bruce,Lowe,1996-03-23,Female,7777782143,"35321 Richard Lane Suite 659 Port Colleenbury, MT 91274",None
1824,Kimberly,Case,1998-07-04,Male,8203275503,"94540 Parker Forges Port Cheryl, PR 58268",Heart Disease
1825,Misty,White,1974-06-10,Male,5815683474,"26113 Huff Causeway Suite 526 Wilsonfurt, PA 57186",Heart Disease
1826,Joshua,Hunter,1971-09-28,Female,7976735345,"1633 Michael Mountains North Markland, ME 51774",Hypertension
1827,Sarah,Gomez,1956-01-14,Male,5871799063,"076 Jeanne Drives Suite 566 South Debbieview, MS 14308",COPD
1828,Megan,Mueller,1971-02-04,Male,1709040329,"0590 Wong Unions Apt. 689 Port Nicoleville, OH 74966",Heart Disease
1829,Sarah,Lee,1949-01-14,Female,5197473701,USNV Crawford FPO AA 74697,Diabetes
1830,Jason,Murphy,1962-02-25,Female,9158792260,"5374 Brandon Tunnel Apt. 411 South Travis, WY 13221",Kidney Disease
1831,Taylor,Baker,1974-06-21,Male,1458212426,"285 Anderson Freeway Suite 993 Smithmouth, MI 42319",Hypertension
1832,Brian,Paul,1992-11-06,Male,5964465420,"956 Oneill Inlet Apt. 044 Cassandraport, NY 93218",None
1833,Christopher,Rodriguez,2001-05-03,Female,3813649125,"5647 Terry Mountains Kempmouth, CT 31948",COPD
1834,Theresa,Nielsen,1957-01-09,Male,3714980591,"610 Ebony Hollow Apt. 961 Rodneyhaven, MP 25438",Heart Disease
1835,Savannah,Smith,1972-07-01,Male,5611170754,"8823 Casey Club Pittmanborough, AL 89903",Heart Disease
1836,Jennifer,Morrison,1988-10-09,Female,8860477430,"083 Crosby Trail Paulport, GU 77277",COPD
1837,Matthew,Jennings,1999-12-05,Female,5595211308,"59402 Veronica Crossroad Suite 045 North Elizabeth, PW 03864",COPD
1838,Sarah,Saunders,1989-08-16,Female,4756628081,"392 Samantha Harbor Suite 795 East Matthew, MS 70845",Asthma
1839,Stacy,Barnes,1992-09-17,Male,2556520713,"186 Kemp Meadow West Mike, AZ 08484",None
1840,Riley,Martin,1976-07-14,Male,4982033948,"281 Robin Green Apt. 223 Michaelborough, MP 47630",Kidney Disease
1841,Courtney,Holloway,1951-05-17,Male,4197651704,Unit 9122 Box 9290 DPO AA 37751,None
1842,Juan,Martinez,1999-07-28,Female,1008887456,"92987 Palmer Forest Averyshire, OK 95192",Asthma
1843,Brian,Carter,1984-02-11,Female,9346291035,"57657 John Fort Apt. 582 Christopherhaven, FL 65808",COPD
1844,Mary,Mcdonald,1950-11-14,Female,6450550031,Unit 2073 Box 0664 DPO AP 75773,COPD
1845,Donald,Lloyd,1938-11-12,Female,7044472080,"PSC 9693, Box 1150 APO AE 02626",Hypertension
1846,Blake,Stevens,1969-02-25,Female,7651771737,"279 James Greens Wrightbury, IA 12182",Kidney Disease
1847,Christina,Williams,1942-08-11,Female,3429806576,Unit 6577 Box 5161 DPO AE 80729,Diabetes
1848,Shannon,Reid,1951-04-28,Female,3824017022,"663 Stephens Summit Apt. 408 East Dustin, VA 56343",Heart Disease
1849,Jonathan,Alvarado,1959-05-24,Female,5418236452,"580 Austin Island Apt. 042 South Martinbury, IN 72514",Heart Disease
1850,Angela,Foster,1983-01-27,Female,5405263117,"84121 Boyd Grove West Jasonberg, TN 96084",Diabetes
1851,Lisa,Stewart,1980-02-02,Male,4105071871,"266 Madden Falls Apt. 408 West Zachary, MP 14116",COPD
1852,Erica,Chen,1974-09-29,Male,8264497930,"60914 Gregory Islands Christinastad, NE 31581",Hypertension
1853,John,Mcclure,1936-09-01,Female,3221415286,"9121 Schaefer Light Port Miranda, MN 17519",Diabetes
1854,Kevin,Deleon,1984-03-10,Male,2839438722,"1906 Larson Forks Bentleymouth, RI 62659",Heart Disease
1855,Lisa,Santos,1992-12-28,Male,4083965918,"8492 Wallace Drive New Sarah, VA 82141",Kidney Disease
1856,William,Carson,1938-04-05,Female,7925839939,"0813 Jason Prairie Suite 961 West Lisa, SC 45771",COPD
1857,Ross,Taylor,1998-06-17,Female,1760538557,"56701 Erica Dam North James, AL 99843",COPD
1858,Marcus,Murphy,1976-10-05,Female,9140554865,"93936 Scott Parkway Christinebury, ND 53875",Asthma
1859,Jessica,Ramirez,1989-03-06,Male,9114725050,"10000 Blake Inlet Leeburgh, MN 94992",None
1860,Jonathan,Sullivan,1941-09-23,Male,8173441497,"41297 George Track Suite 258 Stephanieview, TX 87637",Heart Disease
1861,Amy,Brown,1952-09-08,Female,6617475977,"75810 Mendez Parks Suite 883 Whitebury, MP 64995",Kidney Disease
1862,Maria,Petty,1957-07-23,Female,0283926772,"27186 Adams Court Suite 827 Lake Margaretstad, PA 71236",Diabetes
1863,Randall,Ibarra,1955-06-27,Female,2856133935,USS Walker FPO AE 83685,None
1864,Jared,Weaver,1999-03-02,Female,5570317783,"767 Monique River Suite 042 Parkstown, AR 30404",Heart Disease
1865,Jennifer,Robinson,1976-11-06,Female,9844701016,"46877 Ramos Mall Pollardberg, TX 65469",Hypertension
1866,Monique,Carpenter,1951-10-30,Male,6279836175,"99395 Stacy Crossroad Suite 705 Port Garyburgh, TN 67541",Diabetes
1867,David,Young,1942-04-27,Male,6952633434,"71200 Gray Prairie Williamstown, MT 14218",None
1868,Nicole,Golden,1959-09-28,Male,7490602154,"30287 Jacobson Land Suite 404 Kellytown, DE 22023",Hypertension
1869,Robert,Robinson,1981-10-01,Female,9638470510,"6930 Wilson Drive Anthonyberg, VA 70756",Hypertension
1870,Joe,Pugh,1941-02-26,Male,4436588214,"13785 Morse Oval Apt. 102 Lake Michaelshire, DC 23712",Kidney Disease
1871,Stephanie,Gonzalez,1938-09-28,Female,0271038305,"2647 Christopher Shores Cruzchester, PW 49285",Asthma
1872,Christine,Thomas,1936-01-07,Female,2204088006,"PSC 5399, Box 1599 APO AA 09191",Asthma
1873,Christian,Bush,1948-02-20,Male,3797656353,"176 Timothy Corners Apt. 785 South Robert, NY 73272",Asthma
1874,Janet,Boyer,1937-07-12,Male,7150390499,"34054 Brian Mountain Port Denisemouth, CT 19008",Kidney Disease
1875,Yvonne,Cameron,1966-08-07,Female,9999514813,"61108 Karen Mountains Robersonport, MS 49775",Asthma
1876,Donald,Washington,1988-02-11,Female,2362518440,"0015 Lopez Extension Port Amyfurt, MA 40772",Diabetes
1877,Jennifer,Shannon,1951-02-12,Male,1461400621,"321 Carlson Drives Apt. 216 Lake Alexander, IL 23761",Heart Disease
1878,Chad,Thornton,1991-05-03,Male,1422191034,"95075 Sanchez Forge Apt. 053 North Matthewport, IA 01426",COPD
1879,Jessica,Hamilton,1940-06-01,Female,8668562160,"83650 Daniel Crescent Sparksside, NC 28383",COPD
1880,Shawn,Cruz,1963-11-25,Female,0065785781,"00500 Jennifer Skyway Apt. 641 Port John, NM 84438",COPD
1881,John,Williams,1982-06-07,Female,6727833777,Unit 3884 Box 1932 DPO AA 97301,None
1882,Deborah,Lopez,1995-04-12,Female,4901363133,"9122 Liu Way Scottmouth, PW 51999",Hypertension
1883,Christopher,Scott,1979-04-18,Female,2405838071,"487 Nicholas Dam Charlesport, CT 65329",Heart Disease
1884,Danny,Martin,1956-11-28,Male,7408325806,Unit 5378 Box 2166 DPO AE 02750,Hypertension
1885,Jonathan,Hopkins,1990-03-16,Male,0070008870,Unit 1040 Box 8692 DPO AP 55566,Heart Disease
1886,Julie,Kim,1967-05-20,Male,9631067374,"75025 Martinez Tunnel Dillonside, SD 95529",Asthma
1887,Louis,Johnson,1955-08-03,Male,8667554813,"677 Bell Islands Suite 286 West Michaelview, OH 20789",Kidney Disease
1888,Anne,Clark,1980-07-13,Female,4519215869,"088 Robert Junctions West Nicholasfort, LA 05720",Kidney Disease
1889,Joseph,Cortez,2005-05-08,Male,5316638404,"9970 Wells Spring Port Christophermouth, HI 95849",Hypertension
1890,Lisa,Rocha,1944-07-10,Female,9610813508,"83277 Christopher Oval South Darren, NV 51999",Hypertension
1891,Reginald,Young,1991-05-15,Female,3309267699,"PSC 7742, Box 4404 APO AP 96508",Heart Disease
1892,Kelly,Williams,1946-10-08,Male,1390541675,"5825 Jennifer Spur Apt. 041 Williamstown, PA 84747",None
1893,Christopher,Ward,1935-09-03,Male,1889330859,"34549 Richard Spur Apt. 613 Bellfort, MP 45790",Kidney Disease
1894,Jerry,Yu,1971-10-28,Female,5559482799,"35578 Jessica Springs Apt. 042 South Michaelbury, SC 83318",Hypertension
1895,Patrick,Fritz,1986-08-25,Female,1629088736,"6330 Anthony Roads Suite 094 South Mary, NV 17874",Asthma
1896,Mary,Clarke,2000-02-21,Male,8832235023,"47606 Edwards Corners Suite 916 Hannahborough, ND 94114",COPD
1897,Geoffrey,Patterson,1992-01-28,Female,8354621283,"2068 Christine Route Apt. 477 South Brittanyburgh, ID 67622",Kidney Disease
1898,William,Mcdaniel,1957-03-03,Male,4757850570,"1310 Joan Forge Apt. 668 North Victoriashire, NC 68520",Kidney Disease
1899,Peter,Rodriguez,1980-07-26,Female,6671470660,"245 Howe Springs Stacieborough, WA 18874",Heart Disease
1900,Brittney,Williams,1971-07-03,Female,8920149198,"8188 Carroll Garden Apt. 386 Campbellmouth, IL 09466",Asthma
1901,Candice,Carter,1963-03-25,Female,8777250958,"148 Riggs Squares Apt. 743 East Bonnietown, PW 00697",Diabetes
1902,Brian,Schmidt,1978-10-06,Female,2069680400,"81752 Green Divide Suite 205 South Nicolestad, TN 43770",Hypertension
1903,Cindy,Lynch,1939-05-19,Male,1565686000,"6170 Becker Springs Cherylview, MS 67342",COPD
1904,Richard,Adams,1988-06-04,Female,6081298061,"48798 Stacy Station New Bradley, OR 95713",Hypertension
1905,Gregory,Collins,1998-04-27,Male,5040009727,"5363 Holly Rest Port William, AZ 97600",Hypertension
1906,Cindy,Mendoza,1964-10-18,Female,3595452678,Unit 2283 Box 0847 DPO AP 27542,Kidney Disease
1907,Alicia,Bishop,1943-11-21,Female,0501014591,"031 Gay Junction West Steven, MI 26507",None
1908,Richard,Gutierrez,1939-02-02,Male,0196616927,"0373 Hogan Skyway Markburgh, MP 67094",Asthma
1909,Justin,Richardson,1957-01-22,Male,0111629681,"746 Samuel Street Scottshire, SD 74908",Asthma
1910,Kelly,Fisher,1964-11-26,Male,0592907677,"0356 Smith Village Williamfort, WA 44754",Hypertension
1911,Miranda,Miller,1958-04-18,Male,3922745354,"PSC 6916, Box 7763 APO AA 95431",Asthma
1912,Jamie,Hale,1974-12-19,Male,6859438237,"38978 Carter Lodge Courtneymouth, FL 87551",Hypertension
1913,Nicolas,Little,1963-07-26,Female,2333687308,"3400 Rivera Lodge Lake Tim, GU 91600",COPD
1914,Jason,Miller,2003-01-21,Female,8443905888,"589 Julie Extensions Suite 347 North Pamela, NV 72750",Kidney Disease
1915,Anthony,Freeman,1971-12-02,Female,9451056509,USS Patel FPO AE 27031,Hypertension
1916,Melanie,Flores,1997-10-22,Male,2892951382,"33509 Brian Crossroad Martinshire, LA 70668",COPD
1917,Gina,Welch,1982-09-13,Female,8584735327,"9835 Pennington Station Apt. 738 Nicolefurt, PA 89657",Kidney Disease
1918,Zachary,Garcia,1961-05-06,Female,8197155053,"9289 Lewis River South Markport, VA 01038",COPD
1919,Donald,Martin,1984-05-03,Female,1296885867,Unit 8506 Box 5115 DPO AE 06816,Kidney Disease
1920,Angela,Graves,1948-09-07,Male,3124200470,"409 Angela Islands Apt. 619 Port Mark, WA 21905",None
1921,Caitlin,Johnson,1989-12-15,Male,0311628198,"9756 Elizabeth Roads Apt. 508 Travisview, FM 55666",Asthma
1922,Brett,Moore,1961-07-30,Female,4542354218,USNV Williams FPO AE 20005,None
1923,Melissa,Davis,1965-09-28,Female,3957041468,"068 Alicia Motorway Alexandrafurt, CA 94001",Kidney Disease
1924,Michael,Webster,1966-02-28,Female,1538755469,"1147 Kathleen Forest Lindashire, MA 43978",Diabetes
1925,Joshua,Gonzalez,1937-06-27,Male,8473702644,"19684 Deborah Ports South Kristin, MA 36686",COPD
1926,Scott,Morales,1940-04-30,Female,3141656778,"659 Richard Throughway East Monicamouth, IN 62537",Diabetes
1927,April,Melton,1941-05-21,Female,5355405744,"01055 Silva Roads Thomasview, IN 29712",Kidney Disease
1928,Craig,Shea,2000-09-21,Male,9238748735,"73312 Mosley Roads Apt. 272 Levimouth, WI 99155",Asthma
1929,Douglas,Dominguez,1942-05-31,Male,9285977658,"53387 Schmidt Burgs Apt. 037 Carolynville, MP 43022",Heart Disease
1930,Rachel,Smith,1952-11-26,Female,2816234024,"7093 Crosby Run Suite 888 Stephaniechester, HI 41353",Kidney Disease
1931,Robert,Torres,1968-08-21,Female,1547453765,"25486 Johnson Trace Suite 747 Josephhaven, ND 32334",Asthma
1932,Caitlin,Williams,1988-09-29,Female,1472028298,"649 Reed Stream Nashport, AZ 39670",None
1933,Michele,Anderson,2001-10-02,Female,6460268926,"971 Phillips Drive Suite 146 West Jamieside, IN 63847",Hypertension
1934,Christopher,Valentine,1944-04-29,Female,8152860279,"52489 Hernandez Flats Richardside, DC 14540",COPD
1935,Tanya,Smith,1951-04-04,Male,0751140785,USS Villa FPO AP 82203,Asthma
1936,Tasha,Lawrence,1991-06-03,Female,6114908130,"0297 Moyer Pike Suite 102 West Michaelchester, OK 90112",Asthma
1937,David,House,1965-04-08,Female,4968299876,"818 Jimenez Crest South Judy, IN 56376",Diabetes
1938,Erin,Hood,1977-02-24,Male,9156093660,"978 Anthony Brook Allenburgh, PW 20797",Heart Disease
1939,John,Marquez,1957-04-23,Male,8678428721,"10200 Scott Mount Suite 611 Bowenberg, AR 78448",None
1940,Michael,Curry,1975-07-31,Female,4505222221,"70641 Dixon Pine Apt. 180 West Brandonland, MP 33498",Hypertension
1941,Joel,Roberts,1952-07-04,Female,6259919820,"424 John Trafficway South Kristinafurt, VT 56298",Hypertension
1942,Cameron,Anderson,1972-12-05,Female,3805161406,"03277 Jacobs Flat Apt. 502 South Traceyville, MS 57569",Asthma
1943,David,Johnston,1951-01-25,Female,5320912110,"3088 Austin Port Apt. 042 Washingtonfurt, TN 60675",Heart Disease
1944,Anna,Edwards,1948-03-24,Female,5317761770,"50629 David Views Woodsbury, VI 79476",Asthma
1945,Amanda,Mcdowell,1948-05-26,Female,2523887171,"58413 Smith Parkways New John, AK 32213",Asthma
1946,Rachel,Stanton,1976-01-30,Female,8603385069,"401 Wilson Burgs Suite 872 East Rebekahberg, FM 47921",None
1947,Emma,Stewart,1991-10-12,Female,5375169581,"885 Jessica Green Maldonadobury, IA 62654",Asthma
1948,Norman,Beard,1996-06-08,Male,2460145307,"21746 Rebecca Ferry Suite 520 Lake Kimberlyville, CA 53912",Diabetes
1949,Brooke,Baker,1956-03-16,Male,7009352967,"0377 Landry Extension Apt. 143 New Jackson, PR 06811",COPD
1950,Nicole,Davidson,1999-09-03,Male,3479305955,"03098 Bethany Burg South Matthew, TN 58215",None
1951,Joseph,King,1961-09-24,Male,0085447072,"99560 Wall Lodge New Jonathanstad, CT 04794",Asthma
1952,Maria,Sanchez,1978-08-02,Male,4429591083,"3378 Cobb Knolls Apt. 966 Rogerfort, WA 98667",Heart Disease
1953,Jonathan,Monroe,2004-09-10,Female,0984816333,"0538 Mackenzie Centers Suite 437 Lake Larrybury, NY 98749",Hypertension
1954,Angela,Simpson,1998-12-21,Male,3214017548,"8569 Jason Summit East Kenneth, FM 57132",Hypertension
1955,Albert,Vega,1981-01-13,Female,9683833331,"2670 Randall Cove Jennychester, MD 08960",Asthma
1956,Patrick,Thornton,1960-03-02,Male,0203182249,"05965 Kimberly Squares New Leslie, MO 11057",Diabetes
1957,Christina,Ramirez,2007-04-19,Male,4718459766,"0243 Brown Run Patrickside, WA 40636",None
1958,Michelle,Colon,1944-09-08,Female,2538875974,"2297 Pope Land Apt. 180 New Jeffrey, DC 60702",Heart Disease
1959,Holly,Martin,1952-05-16,Male,2778420838,USNV Palmer FPO AA 98845,COPD
1960,Charles,Park,1969-07-17,Male,0658479781,"10358 Stephanie Row Whiteland, KY 91536",None
1961,Patrick,Wise,1949-02-20,Male,9355274442,Unit 4596 Box 0332 DPO AP 95475,COPD
1962,Brent,Miller,1954-09-21,Male,7942506629,"36637 Gregory Roads Suite 633 Richardsview, TX 93791",Kidney Disease
1963,Michael,May,1944-10-07,Male,9408730170,USCGC Simmons FPO AE 82751,Diabetes
1964,Roberta,Walsh,1948-07-09,Male,6058902218,"611 Wang Station South Deborah, IA 64427",None
1965,Manuel,Edwards,1939-01-23,Female,5285935137,"2385 Deanna Mews Elizabethmouth, ND 45631",Kidney Disease
1966,Jackie,Roberts,1991-03-14,Female,2299429075,"61601 Murphy Square West Robertfurt, PR 17602",Hypertension
1967,Brian,Hernandez,1944-07-22,Male,5796512527,"3336 Nichols Burgs Sophiaport, MH 42531",Diabetes
1968,Caitlin,Rogers,1998-02-15,Female,5975837444,"155 Ashley Orchard Suite 336 Port Christopherland, SC 16419",COPD
1969,William,Hill,1956-08-24,Male,2012879284,"963 Adam Street Apt. 086 Phillipsborough, VT 51820",COPD
1970,Christopher,Harris,1961-12-13,Female,3511928389,"116 Stephen Plaza Lydiaton, WV 90435",COPD
1971,Jeffrey,Sanchez,1967-02-22,Male,0388731319,"605 Greene Cliff Brianhaven, NM 07373",COPD
1972,Timothy,Frye,1985-08-21,Female,2571854885,"PSC 8002, Box 1023 APO AA 10398",None
1973,Candice,Torres,1949-06-14,Male,4060361667,"7916 Cantu Via Baileyhaven, NE 25895",Asthma
1974,Catherine,Porter,1960-09-09,Female,9672440085,"31011 Donna Plains New Ellen, NV 99415",Hypertension
1975,Jennifer,Chavez,1939-02-22,Male,6453466534,"7715 Whitehead Brooks Dannyport, MA 54844",Kidney Disease
1976,William,Vaughan,2007-04-26,Male,6752291779,"PSC 8049, Box 7018 APO AA 86354",Hypertension
1977,Blake,Rhodes,1983-06-24,Male,1987062740,"0933 Young Groves Apt. 424 Derekchester, NH 17456",Kidney Disease
1978,Robert,Lopez,1947-08-22,Male,5258003925,"35622 Katherine Fort Suite 826 Williamberg, AR 31548",Asthma
1979,Haley,Evans,1998-02-01,Female,0632257888,"425 Morgan Harbors Lake Gregoryland, HI 72133",Kidney Disease
1980,Andrew,Clay,1978-04-06,Male,2387939982,"18782 Jimenez Shores Jeffreyburgh, ME 69125",None
1981,Morgan,Lin,1976-12-10,Female,9570918489,"147 Pope Way Suite 708 East Jessica, UT 89227",Diabetes
1982,Cory,George,1982-06-02,Male,8150046285,"31527 Theresa Camp Kylebury, TX 11405",Diabetes
1983,Heather,Newman,2006-06-11,Female,0461293259,"91524 Brandon Center Ambermouth, MN 53229",Kidney Disease
1984,Amanda,Little,1966-12-30,Male,1636971127,"9435 Sanders Ranch Melissaton, FL 91690",Hypertension
1985,Shelly,Morrison,1959-09-27,Female,0227766175,"PSC 8529, Box 3255 APO AE 33862",Kidney Disease
1986,Frank,Williams,1938-05-11,Male,7960207146,Unit 8563 Box 4536 DPO AP 08240,Diabetes
1987,Makayla,Robinson,1976-03-15,Female,8796474608,"2962 Gonzales Locks Suite 734 North Robert, AL 19403",COPD
1988,Daniel,Sanchez,1937-10-23,Male,9760346062,"25397 Hamilton Forges Annaland, NY 85104",Kidney Disease
1989,Jonathan,Hansen,1997-05-17,Male,0856417596,"9300 Austin Orchard Suite 647 New Elizabethburgh, SC 97590",None
1990,Noah,Reese,1979-02-18,Female,6952926294,"038 Thompson Ports Kristinland, WA 91523",Asthma
1991,Steven,Kidd,1957-06-27,Female,3388167395,"PSC 0928, Box 7724 APO AA 82191",Kidney Disease
1992,Jean,George,1940-12-30,Male,5718123002,"57722 Mullins Glens Apt. 657 New Davidview, WA 25429",Kidney Disease
1993,Shane,Johnson,1939-04-12,Male,4094764634,"3052 Ronald Point Apt. 371 East James, AR 92350",Hypertension
1994,Scott,Byrd,1998-02-08,Female,2832269539,"3396 Cowan Trail Suite 680 East Christopher, KY 14103",Diabetes
1995,Nancy,Sampson,1944-11-14,Male,6890966130,"22664 Michael Fort Bankston, VA 74858",Kidney Disease
1996,Robert,Deleon,1975-01-11,Female,7542974343,"345 Wilkins Plains Port George, FL 13593",Asthma
1997,Chelsea,Sanders,1986-08-28,Male,3408734534,"891 Patrick View Sophialand, MO 82172",Hypertension
1998,Dalton,Floyd,2005-05-18,Male,9773638025,"1410 Williams Track Suite 203 Burtonshire, MS 28555",Kidney Disease
1999,Dylan,Lam,1991-01-09,Female,8342959587,"3826 Hobbs Vista Suite 820 North Thomas, WV 78369",Asthma
2000,Emily,Cherry,1992-12-06,Female,3729654194,"PSC 4299, Box 9251 APO AP 35072",Asthma
2001,Rachel,Hicks,2000-06-21,Male,2531012399,"525 Roberson Locks Jenniferport, IL 56380",Hypertension
2002,Kendra,Ramos,1946-10-10,Male,7052102384,"6318 Fred Alley Apt. 849 Lake Jasonview, ME 39612",Heart Disease
2003,Christopher,Wheeler,1958-04-08,Male,2124164446,"8542 Jennifer Branch Apt. 594 Port Joseph, MI 90731",COPD
2004,Bruce,Torres,1964-02-27,Male,3036573226,"15027 Martin Mission Apt. 323 New Justin, WI 59302",COPD
2005,Nathan,Wright,2001-12-02,Male,1992366181,"4661 Courtney Club North Sarah, GU 69078",COPD
2006,Andrew,Mullins,1993-05-16,Female,7627582366,"267 Mark Land Elizabethfort, DC 97263",None
2007,Julie,Santiago,1949-10-01,Female,8684107843,"672 Evans Vista Port Derekland, GA 47935",None
2008,Theresa,Blake,2000-11-16,Female,0806274850,"8181 Alexander Harbor Suite 070 New Jonathanside, GU 84165",Asthma
2009,Paula,Jefferson,1997-04-18,Female,0160734197,"4889 Brandy Pine Rowlandland, RI 44495",Heart Disease
2010,Teresa,Adams,1994-03-04,Male,5026127433,"52075 Wilson Pass Apt. 548 Dixonberg, NC 55212",COPD
2011,John,Mcconnell,1948-08-31,Female,0687311752,"40283 Colleen Trail South Michaelton, WI 13431",Asthma
2012,Aimee,Turner,1941-04-01,Female,6540931386,"003 Cummings Street Durhamhaven, MH 30592",Hypertension
2013,Melissa,Parker,1954-08-06,Female,9032651055,"5806 Samuel Well Apt. 717 West Kendra, NH 32168",Diabetes
2014,Anthony,Allen,1990-11-11,Female,0630677196,"8691 Sean Crossroad North Hannahmouth, MD 75229",Asthma
2015,William,Vasquez,1935-04-18,Male,9740011288,"735 Andrew Extension New Jasminemouth, DC 41541",COPD
2016,Dana,Green,1971-08-11,Female,7549412539,"448 Frances Court Suite 004 Christopherborough, MP 06250",Kidney Disease
2017,Kristina,Hicks,1964-05-01,Male,8605781044,"3749 Johnson Crescent Apt. 774 Greeneport, NM 38559",Diabetes
2018,Julia,Lin,1974-07-22,Male,0285373421,"9344 Cochran Burgs Apt. 947 Lopezhaven, AK 82410",Heart Disease
2019,Ricky,Cunningham,1949-07-24,Male,2896433760,"90168 Mcdonald Green Suite 403 Smithview, PA 97170",Asthma
2020,Jacob,Bryant,1961-11-12,Female,0796116744,"130 Jackson Falls Wrightburgh, PW 96168",Heart Disease
2021,Theresa,Smith,1962-02-07,Male,9784669613,"65788 Jeffery Centers Adamland, NJ 40811",Heart Disease
2022,Stephanie,Cantu,1942-04-21,Male,8925326594,"337 Sherman Flat Lake Susanburgh, UT 15970",Asthma
2023,Angela,Wade,1968-10-12,Female,6183697909,"35874 Bruce Estates Apt. 110 New Megan, KY 61550",Heart Disease
2024,Lindsey,Gomez,1969-04-01,Male,3432165736,"896 Bell Centers Suite 235 Hannahmouth, DC 77914",COPD
2025,Bradley,Bell,1941-10-11,Male,2541721582,"493 Vang Ferry Suite 383 Fullerport, OK 68813",Heart Disease
2026,Heather,Fisher,1960-06-20,Female,7097822353,"342 Taylor Village Suite 543 East David, MN 94251",Kidney Disease
2027,Mary,Chase,1978-05-19,Male,7465638719,"13022 Brenda Ports Suite 076 Lake Christina, GU 61692",Kidney Disease
2028,Brett,Jones,1955-02-21,Male,3345023783,Unit 5918 Box 3444 DPO AA 19491,Kidney Disease
2029,Annette,Long,1965-01-08,Male,6806182267,"28686 Johnson Avenue Williamborough, WV 47433",Hypertension
2030,Kelly,Bell,1976-11-02,Female,5456354571,"7863 Sanders Oval Suite 880 Lewisbury, IN 52474",None
2031,Elizabeth,Hart,1990-10-11,Female,1641234631,"882 Victoria Knolls Suite 880 South Beverly, MT 77587",COPD
2032,Meghan,Manning,2002-06-25,Female,4627989747,"2709 Neal Valleys Oliverport, NH 27627",Asthma
2033,Lori,Mosley,2007-09-17,Female,8677733216,USNV Johnson FPO AP 46180,Kidney Disease
2034,Maria,Cochran,1936-12-11,Male,4000869812,"852 Chang Estate Ryanstad, MS 17363",Asthma
2035,Richard,Baldwin,1959-05-22,Female,4455667213,Unit 1580 Box 1948 DPO AP 27128,None
2036,Karen,Haynes,1972-01-22,Male,3141954127,"707 Harding Alley Suite 875 Atkinstown, WV 48719",Asthma
2037,Lisa,Santiago,1972-11-29,Male,1488752594,"10450 Jesus Trail Jennifershire, CA 65695",Kidney Disease
2038,Debra,Walker,2005-04-01,Male,3615850689,Unit 7799 Box 0875 DPO AA 52353,Diabetes
2039,Robert,Collins,2007-11-08,Male,9881776173,"775 Booker Wells Markston, MI 85529",Asthma
2040,Patrick,Griffith,1994-05-26,Female,3537036855,"332 Candace Junction Reneebury, SD 15345",Asthma
2041,Kim,Nelson,2004-08-18,Male,9218459771,"994 Smith Spring Tabithastad, TN 00672",Kidney Disease
2042,Kimberly,Payne,1994-10-17,Female,1385709785,"PSC 5455, Box 2938 APO AE 18317",Kidney Disease
2043,Stephen,Hernandez,1952-09-19,Female,6486351693,"1599 Kelly Trail Suite 036 Normanview, ND 43475",None
2044,Summer,Thompson,1995-07-01,Female,9957385323,USS Smith FPO AP 03547,COPD
2045,Alexis,Crane,1966-03-06,Female,2739718852,"2419 Kirk Drive Apt. 719 Grayberg, CA 16751",None
2046,Nathan,Moreno,1941-02-16,Female,7304707275,"49609 Avila Square Lake Tracy, AR 02603",None
2047,Spencer,Wells,1968-10-07,Female,9410332520,"04687 Medina Meadows Hillmouth, ID 26474",Kidney Disease
2048,Megan,Atkins,1978-10-01,Female,1294242658,"6999 Wilkins Fork Port Kayla, HI 26516",Heart Disease
2049,Roger,Perez,1969-12-11,Female,1129423869,"88826 Williams Mountain Apt. 271 South Caitlin, AK 66021",Heart Disease
2050,Philip,Lewis,1937-04-05,Male,0610317168,"20152 Brandon Glen Vargasstad, CT 35474",Asthma
2051,Joshua,Reynolds,1957-05-12,Female,1410995160,"00979 Charles Land Apt. 967 West Brittany, NE 85251",COPD
2052,Matthew,Steele,1939-07-08,Male,0123552888,Unit 5651 Box 6156 DPO AP 09985,COPD
2053,Crystal,Hill,2005-06-15,Male,7577546829,"13334 Ramos Fall Lake Martinburgh, MN 90871",Heart Disease
2054,William,Espinoza,1991-11-17,Male,5332513113,Unit 0323 Box 8834 DPO AP 23625,Heart Disease
2055,Steven,Young,1962-05-07,Female,8501792388,"81061 Johnny Parkways Apt. 471 New Cassidyside, MT 77188",Asthma
2056,Tasha,Morgan,1945-08-06,Female,5047020178,"033 Taylor Track Suite 786 Amychester, MO 06178",Diabetes
2057,Kevin,Hardin,1979-12-09,Male,8336168663,"900 Myers Light Apt. 517 Nicoleview, WI 75573",Hypertension
2058,Scott,Archer,1982-08-21,Male,6531132722,"27352 Amanda Turnpike Suite 598 Thompsonland, ID 45688",None
2059,Mary,Cox,1993-11-06,Female,7342547343,"187 Laura Villages Suite 944 East Matthew, CO 95416",Asthma
2060,Megan,Thornton,1989-05-22,Female,5903488034,"384 Brown Fields Suite 272 Glennbury, CO 61359",Heart Disease
2061,Linda,Smith,1947-09-16,Male,8188414039,"62220 Michele Brooks Apt. 719 Hortonmouth, PW 46430",Diabetes
2062,David,Taylor,1962-01-25,Female,2875387194,"754 Dillon Throughway North Amber, ME 19208",None
2063,Robert,Foster,1936-08-03,Female,7552930502,"5061 Mejia Extensions Donaldmouth, CO 93291",Hypertension
2064,Tabitha,Gonzalez,2001-09-26,Male,4865876022,"0994 Thornton Via Suite 873 Lake Christopher, DC 38589",Kidney Disease
2065,David,Franco,1975-02-06,Male,1891219439,"242 Andrea Brooks Michaelmouth, SC 68953",Kidney Disease
2066,Darren,Donovan,2006-02-16,Male,5691227021,"8941 Caitlin Row Suite 266 New James, AK 66059",Asthma
2067,Jonathon,Bowman,1966-08-08,Female,1596148195,"2568 Banks Center Grossstad, CT 06238",Diabetes
2068,Jose,Hughes,2000-03-04,Male,4377421198,"23265 James Plains Suite 107 Rossshire, FM 67147",Diabetes
2069,Brittany,Townsend,1945-04-09,Male,8920405769,USNS George FPO AP 61941,Heart Disease
2070,Matthew,Sanchez,1978-01-05,Male,7431353647,"083 Gross Cape Lake Kevin, UT 43053",Hypertension
2071,Amanda,Jackson,1950-04-23,Male,7440432215,"35891 John Union Williamsbury, OR 55070",Asthma
2072,Cody,Mitchell,1938-01-18,Female,8592137899,"0268 Derek Ports North Christianstad, SD 14060",None
2073,Michelle,Downs,2000-01-08,Female,9763128043,"4847 Love Harbors Suite 560 West Kimberlyland, AZ 48698",Hypertension
2074,Nicole,Mendoza,2002-12-08,Female,8727537422,"08798 Thomas Knolls Davidmouth, GA 77128",Kidney Disease
2075,Leslie,Brown,1979-07-29,Female,9255923522,"5714 Carrie Circles Suite 572 Ericaside, OK 48370",Asthma
2076,Daniel,Dickerson,1953-01-21,Male,6388150736,"145 Anthony Divide Hayneston, CO 49774",Diabetes
2077,Ashley,Lowe,1991-07-17,Female,9628953069,"2125 Spears Well Lake Annatown, ME 39551",COPD
2078,Cheryl,Mcmahon,2008-01-17,Female,2131223619,"08321 Delgado Shores Johnsonville, NH 09201",Diabetes
2079,Andrew,Robinson,1985-01-23,Male,4299464805,"1400 Tamara Spurs Suite 582 Tiffanyburgh, IA 89726",None
2080,Brandon,Reeves,1967-08-23,Male,7308394438,"54218 Angela Glens Suite 818 Gomezville, MN 82592",Hypertension
2081,Kenneth,Logan,2007-02-08,Female,6746096011,"45588 Price Rapid North Philipburgh, MA 16434",Asthma
2082,Tracy,Cabrera,1947-07-07,Male,5472941740,"97928 Simpson Lake South Heatherport, VA 01563",Heart Disease
2083,Anthony,Reynolds,1958-05-24,Male,7373586228,"150 Lambert Plains Apt. 437 Port Saraport, WI 72018",COPD
2084,Nancy,Lopez,1979-08-29,Female,5703507769,"136 Steven Lodge Apt. 333 North Karen, AR 69724",Asthma
2085,Anthony,Peck,1998-10-07,Female,2186711802,"57429 Wendy Junction Apt. 809 Danieltown, MO 56499",Hypertension
2086,Melinda,Page,1970-06-08,Female,0886475774,"555 Jeffery Stravenue Suite 714 New Sandraland, VI 66998",Hypertension
2087,Robert,Brown,1976-02-25,Male,2220175975,"97266 Christine Alley Apt. 849 Lake Savannah, NV 78981",Heart Disease
2088,Charlotte,Yu,1998-07-11,Male,7945687871,"78736 Craig Gateway Apt. 056 North Ashley, PW 72601",Hypertension
2089,Michael,Hunt,1948-06-17,Male,9628065906,"6585 Douglas Tunnel Suite 314 South Amymouth, MT 41613",Diabetes
2090,April,Coffey,1949-03-11,Female,9160805343,"94746 Wolf Extensions South David, FM 90370",Hypertension
2091,Kimberly,Williams,1984-05-15,Female,8888623837,"700 Victoria Walk Suite 703 West Amandaton, WV 58267",Asthma
2092,Paul,Mckenzie,1962-06-29,Male,9717714845,"9693 Michael Villages Thorntonburgh, CA 81014",Diabetes
2093,John,Orr,1967-12-18,Female,0026361430,"728 Baker Terrace Apt. 968 South Kevin, NV 07425",Heart Disease
2094,Amy,Pace,1965-10-18,Male,9349694490,"19256 Gutierrez Orchard Suite 082 Lake Tracyborough, CT 29145",Hypertension
2095,Karina,Williams,1946-06-24,Female,0810309991,"49661 Travis Villages Apt. 437 Anthonybury, AL 54640",Kidney Disease
2096,Sharon,Ross,1995-08-10,Male,3039140505,USNS Rodriguez FPO AE 29288,Hypertension
2097,Frank,Melendez,1973-09-04,Female,0358138196,Unit 1287 Box 2925 DPO AA 43051,Diabetes
2098,Craig,Lam,1953-11-20,Female,2387296228,"50558 Dalton Burg Suite 879 West Marialand, IL 11691",None
2099,Gabriel,Baker,2001-01-28,Female,1740932549,"3724 Wood Common Suite 417 West Gary, PA 16952",Kidney Disease
2100,Wendy,Mendoza,1941-05-28,Female,2782928070,"9746 Miller Station Apt. 272 Melindachester, FM 58707",Kidney Disease
2101,Charles,Martin,2000-04-15,Male,8386301863,"653 Ellen Avenue Suite 457 Washingtonchester, OK 33758",COPD
2102,Crystal,Morales,1967-02-26,Female,8170270738,"988 Kristina Springs Apt. 537 Michaelfurt, DE 41453",Diabetes
2103,Michael,Daniels,1990-11-29,Female,2088425646,"0027 Brian Mountains Suite 113 Wendychester, DE 34168",Kidney Disease
2104,Jeremy,Harrison,1940-11-11,Male,9142851908,"249 Barbara Port Collinsland, MS 52747",Asthma
2105,Tiffany,Harvey,1938-11-24,Male,6005922115,"053 Herrera Squares Brockton, IL 79230",Kidney Disease
2106,Mark,Weber,1982-11-01,Female,8160814882,"8249 Kim Expressway Suite 218 Burgessshire, CA 35321",COPD
2107,Benjamin,Kim,1948-01-21,Male,3293297205,"64057 Vaughn Springs New Kristineport, PR 96539",Diabetes
2108,Danielle,Estes,1940-12-24,Male,2062958675,"334 Michael Vista East Jodi, NE 96710",Hypertension
2109,David,Frank,1963-01-29,Male,5239471264,"PSC 2718, Box 5198 APO AA 28497",None
2110,Tyler,Booker,1960-04-10,Female,8137889011,"094 Hahn Drive Apt. 137 Port Chad, NE 04832",COPD
2111,Brandon,Craig,1954-03-04,Female,0607899194,"25959 Ethan Divide Suite 300 Port David, WA 65064",None
2112,Brandon,Parker,1997-12-13,Male,0632242495,"29941 Graham Parkway East Christopherburgh, CT 30631",None
2113,Vanessa,Butler,1998-08-05,Male,8152253461,USNV Brown FPO AE 19930,Diabetes
2114,Cindy,Shah,1960-01-21,Male,1225673759,Unit 7483 Box 7568 DPO AP 35182,Diabetes
2115,Susan,Bradford,1997-05-21,Female,4641719542,"6898 Sutton Village Suite 813 Lake Zachary, MO 24014",Asthma
2116,Katherine,Robles,1992-03-21,Male,1864114104,"388 Sanchez Well Smithmouth, MP 52106",Asthma
2117,Shane,Winters,1962-03-22,Female,6197383512,"1528 Andrew Row Johnberg, TN 94937",Kidney Disease
2118,Holly,Fry,1996-04-08,Female,2097432275,"4439 Bennett Road Lake Jesusburgh, GU 08246",Hypertension
2119,Kelly,Smith,1993-10-09,Male,0739210473,"423 Peter Light Suite 371 Port Jaredstad, PR 74228",Heart Disease
2120,Jennifer,Baker,1973-08-15,Female,5071982523,"PSC 0753, Box 6011 APO AP 77173",Heart Disease
2121,Devin,Schmidt,1984-06-15,Female,9785938100,"15955 Anthony Court New Ashley, MP 35441",Diabetes
2122,Laura,Blake,1998-12-10,Male,3200676338,"544 Laura Extensions Suite 575 Marshalltown, DE 50112",Heart Disease
2123,David,Hawkins,1995-04-12,Male,9207686584,"51800 Alexandra Grove Suite 954 Lake Kimberlyville, AR 36086",Diabetes
2124,Edward,Banks,1990-06-02,Male,5260262801,"04552 Reed Flats Lake Thomas, MA 10596",Kidney Disease
2125,Edgar,Kennedy,1999-11-06,Female,2875568154,"74649 Russell Views Apt. 739 Lake Morgantown, WA 91061",Kidney Disease
2126,Dorothy,Hebert,1970-11-01,Female,3250619728,"15361 Rios Wall Greenville, HI 08066",Kidney Disease
2127,Robert,Lopez,1987-10-25,Male,3497072384,"0977 Ali Park New Davidberg, MA 75189",Asthma
2128,Katrina,Nelson,1995-04-14,Female,4825001144,"9407 Harmon Square New Ronnie, HI 87488",Asthma
2129,Andrew,Moreno,1974-07-01,Male,8444821441,USCGC Mclean FPO AA 73240,Diabetes
2130,Rachel,Sullivan,1998-12-03,Female,8733937869,"93419 Stephanie Fort New Carlos, KY 02183",Asthma
2131,Dale,Freeman,1989-08-12,Male,9867229595,"1544 Cruz Plains North Jacob, MT 85594",None
2132,Cassandra,Tyler,1945-10-14,Male,8446279469,USS Mckay FPO AA 70269,Asthma
2133,Derek,Jones,1972-07-01,Male,1046930193,"PSC 9957, Box 5648 APO AP 69610",Kidney Disease
2134,Gabrielle,Taylor,1978-09-27,Female,0273515484,"877 Bailey Throughway West Michael, WY 25879",Heart Disease
2135,Donna,Todd,1989-07-16,Female,8249194398,"892 Fowler Corner Port Kelly, LA 78739",COPD
2136,Natalie,Mitchell,1979-04-05,Female,2349653868,"566 Deborah Centers Aprilmouth, MD 21256",Asthma
2137,Isaac,Morris,2002-07-02,Male,5702506980,"99206 Oneill Prairie Apt. 093 Jordanshire, RI 84741",Hypertension
2138,Rhonda,Harrison,1953-12-16,Female,7248918872,"371 Roman Shores Lake Jamesville, OR 15411",Kidney Disease
2139,Jason,Potter,1967-01-14,Female,4063167032,"0276 Kenneth Ville Apt. 383 Rebeccafort, ID 93277",Asthma
2140,Denise,Snyder,1961-11-20,Female,6450562766,"033 Sellers Ford Suite 378 North Kathleenstad, IN 46729",Heart Disease
2141,Michelle,Copeland,1939-11-07,Female,1041134160,"477 Jose Run Suite 690 Fergusonmouth, WY 71398",Heart Disease
2142,Kevin,Prince,1965-04-16,Female,7927459155,"28811 Reed River South Christophershire, IA 81031",Diabetes
2143,Erin,Price,1989-07-22,Male,9010574037,"288 Jensen Spring Apt. 854 East Erica, HI 88696",COPD
2144,Kelsey,Ortiz,1973-02-25,Male,9094784557,Unit 2829 Box 0119 DPO AA 79278,COPD
2145,Shawn,Gonzalez,1949-08-09,Male,1158771540,"131 Lopez Corner Suite 608 Brianmouth, OH 53838",Hypertension
2146,Christine,Cruz,1965-07-24,Female,8496715430,"920 Wilson Manors Pinedafurt, GU 49636",Diabetes
2147,Catherine,Berg,1968-10-01,Male,6118838008,"PSC 8140, Box 0539 APO AA 52872",None
2148,Ryan,Perkins,1938-05-29,Male,9969913598,"834 Johnson Station Suite 477 South Anthony, WV 51515",Heart Disease
2149,James,Nichols,2005-08-04,Female,4227238388,"7654 Khan Ridges Suite 990 Melissaport, WY 39961",Hypertension
2150,David,Garrison,1951-08-12,Male,7340607475,"041 Porter Throughway Suite 332 Lake Jodishire, KS 07745",None
2151,Michael,Tucker,1935-12-05,Female,1420887866,"14710 Willis Village Suite 637 South Rebekahmouth, VI 93136",COPD
2152,Megan,Harrington,1988-10-13,Female,6493061605,"63223 James Streets Suite 199 Timothymouth, NY 97220",Diabetes
2153,Maria,Harris,1955-10-28,Male,7664328948,"7783 Allen Radial Apt. 485 South Mary, MP 42160",None
2154,Stephanie,Robertson,1970-05-15,Female,4087335105,"5124 Stephen Light Suite 733 West Thomasbury, AS 16658",Heart Disease
2155,Sandra,West,2007-08-23,Male,2692532118,"3046 Hernandez Branch Apt. 960 Williamstad, TX 53624",Asthma
2156,Angela,Smith,1987-07-27,Female,9261588770,Unit 6105 Box 9410 DPO AA 95378,Kidney Disease
2157,Erica,Hoffman,2005-02-04,Male,2244549469,"92316 Tony Parks Hernandezchester, LA 43352",COPD
2158,Peter,Simpson,1958-07-28,Male,7691995223,"3545 Fields Port Suite 015 Coxville, NM 43476",None
2159,Dean,Williams,1958-01-27,Female,8742072216,"5025 Troy Orchard Apt. 327 Robertmouth, MD 18840",None
2160,Debra,Stewart,2007-10-01,Male,6565082944,"1923 Anderson Heights Mejiaton, FM 85281",None
2161,Jason,Matthews,1974-11-13,Female,0050226310,"58595 Miller Rapids Suite 129 Hughesburgh, GA 90650",Diabetes
2162,Charles,Mitchell,1958-04-18,Male,9449260140,"90738 Erik Loaf Apt. 010 West Amy, SD 57807",Diabetes
2163,Sharon,Torres,1990-05-05,Female,6557651023,"14203 Wendy Stravenue Seanchester, NY 69208",None
2164,David,West,1953-03-21,Female,7239869137,"3263 Long Loop Suite 322 Lake Dannyton, MS 50196",COPD
2165,Dustin,Gates,1936-04-30,Male,3423217810,"882 Goodman Lakes South Amandashire, VA 96380",Heart Disease
2166,Cameron,Riley,1988-11-05,Female,3673641363,"3119 Mark Circle Wendyborough, PR 16711",Kidney Disease
2167,Alicia,Carrillo,1991-02-12,Female,8413456330,Unit 1466 Box 2087 DPO AP 31642,None
2168,Brittney,Cervantes,1942-03-30,Female,1137823888,"082 Joseph Spur New Craigmouth, KY 31257",Kidney Disease
2169,Yvonne,Myers,1967-02-16,Female,3727312079,"412 Matthew Hills South Nicolechester, AR 21389",None
2170,Benjamin,Becker,1963-02-16,Male,8012383603,"08467 Ryan Ville North Susanborough, AZ 46981",Diabetes
2171,Jacob,Brady,2008-01-17,Male,6194145872,"2596 Devin Stream Suite 356 Lake Crystalland, GA 42985",Diabetes
2172,Lawrence,Smith,1945-05-18,Male,6720278309,"534 Velazquez Knoll Lake Annaton, AR 97645",COPD
2173,Rachel,Ware,1968-02-27,Male,6827285712,"3857 Castaneda Pike Suite 447 Johnsonmouth, GA 19744",Heart Disease
2174,Misty,Lewis,1936-11-02,Female,7522785025,"64128 Justin Alley South Peggy, MS 95391",Heart Disease
2175,Thomas,Reed,1984-05-10,Female,6745111005,"51246 Karen Ports Fernandezport, NH 48260",None
2176,Amanda,Sandoval,1976-02-24,Male,9704838121,"300 Solis Coves Apt. 343 Tyroneside, KY 17956",None
2177,Alan,Mills,2006-02-13,Male,9381099804,"078 Danielle Cape North Katherinetown, VT 22077",Kidney Disease
2178,Michael,Mendez,1964-02-27,Female,1316665132,"78853 Baker Rue Apt. 253 West Lindsey, AR 89147",Diabetes
2179,Nicholas,Adkins,1967-05-28,Female,7161106394,Unit 7900 Box 2615 DPO AE 42336,None
2180,Timothy,Griffith,1941-10-31,Male,7487593169,"5809 Welch Alley Alexisfurt, VT 64553",Heart Disease
2181,Scott,Crosby,1967-04-08,Female,1917892578,"03845 William Flat Whitebury, IA 59340",Hypertension
2182,Rachel,Franklin,1943-01-26,Female,6762196328,"232 Garcia Village Vanessastad, GA 57052",Kidney Disease
2183,Danielle,Banks,1974-09-25,Female,0215561495,"962 Regina River Suite 906 West Kevin, WI 11499",Asthma
2184,Joseph,Sanchez,1990-09-19,Female,6467283576,USCGC Williams FPO AA 75791,Hypertension
2185,Bryce,Lopez,1953-01-06,Female,0983165455,"2573 Theresa Plain North Regina, AL 93848",Heart Disease
2186,Donald,Williams,1954-11-26,Female,9568809472,"PSC 0813, Box 5805 APO AP 19035",Kidney Disease
2187,Caroline,Thomas,1999-08-16,Male,5965844281,"4259 Phillips Row Elizabethfort, NE 18462",None
2188,Yvonne,Lloyd,1966-09-29,Male,4470184446,"65901 Ronald Mission Suite 310 Port Arthurfurt, HI 83201",COPD
2189,Amber,Walker,2005-05-27,Female,8075483288,"871 Ramos Wells Apt. 169 Lake Mary, MO 91474",Asthma
2190,Kevin,Henderson,1984-07-22,Male,4473760090,"46573 Barrett Club West Patrickshire, MH 36857",Heart Disease
2191,Justin,Williams,1986-01-08,Female,0413062721,"61592 Sarah Stravenue Vincentberg, CA 75245",Hypertension
2192,Heather,Browning,1979-06-25,Male,3521715072,"76170 Renee Harbors Apt. 530 Brandyburgh, WV 53160",Kidney Disease
2193,Deanna,Flores,1960-03-13,Male,5938628955,"689 Veronica Junctions Suite 616 South Michaelland, AZ 41191",Heart Disease
2194,Ryan,Cruz,1952-03-12,Female,7581290090,"1829 Hughes Mountain Jenkinsborough, WV 01603",Asthma
2195,Janice,Watson,1981-04-15,Male,8063082983,"546 Scott Via Apt. 821 West Lisa, WI 66530",Asthma
2196,David,Edwards,1958-02-10,Female,9387593257,"74898 Bill Divide Julieberg, AS 76710",Diabetes
2197,James,Foley,1960-07-07,Male,2350919523,"812 Davis Valley Apt. 610 Lake Timothyside, NV 73448",Hypertension
2198,James,Turner,1959-02-04,Male,7733198738,"841 Taylor Falls North Eric, ID 99471",Heart Disease
2199,Nathan,Harris,1959-12-28,Male,5189545266,"PSC 6774, Box 5241 APO AP 60845",Heart Disease
2200,Chad,Thompson,1995-09-14,Female,1730848490,"111 Douglas Extensions West David, HI 45588",Asthma
2201,Cynthia,Allen,1982-12-17,Male,9145971668,"70354 Tamara Knoll Colemanfurt, GU 91981",Diabetes
2202,James,Powell,1987-07-07,Female,3230123512,"63762 Dunn Summit Apt. 203 Reedmouth, WA 52447",COPD
2203,Anthony,Hale,1986-11-19,Female,2394940458,"311 Jesse Crossroad Suite 162 East Dylan, IN 04991",Hypertension
2204,Connie,Lee,1976-02-22,Male,9861363477,"72497 Schaefer Wells Suite 018 New Phillipville, OK 80277",Kidney Disease
2205,Angela,Rogers,1988-10-24,Female,8410852850,"833 Miguel Ramp Apt. 077 East Abigail, TX 15919",Kidney Disease
2206,Wyatt,Morrison,1976-11-21,Female,0820851213,"54243 Smith Islands Suite 190 South Hannahtown, SC 46723",Kidney Disease
2207,Patricia,Cole,1985-10-13,Male,8392559960,"18857 Peter Knolls Apt. 466 West Davidside, IA 17382",Asthma
2208,Evan,Barker,2004-07-22,Male,2255927998,USNV Hernandez FPO AE 26883,Diabetes
2209,Troy,Rodriguez,1966-10-01,Female,9665015345,"9953 Walls Extensions Warrenview, ID 05897",Diabetes
2210,Tamara,Skinner,1937-05-08,Male,1228502692,"002 Heather Trace Apt. 999 Danielburgh, FL 34739",COPD
2211,Brandi,Clay,1952-03-22,Male,8883624479,"0641 Lucero Heights Johnland, CA 86227",Kidney Disease
2212,Tanner,Herring,1957-08-15,Male,4093514308,Unit 8400 Box 6596 DPO AE 77090,None
2213,Nancy,Ewing,1938-01-09,Female,4709581025,"668 Wilson Throughway Suite 351 Jamesmouth, SD 70498",COPD
2214,Joshua,Cunningham,2007-11-28,Female,8906956313,"68993 Abigail Lake New Benjamintown, WV 90319",Asthma
2215,Melissa,Morales,1983-11-01,Female,0599633472,"199 James Highway Suite 494 East Lindaburgh, LA 21184",Heart Disease
2216,Dave,Gonzalez,1958-03-02,Female,7278700895,"6205 Jones Run New Austin, FM 26767",Heart Disease
2217,Jennifer,Hartman,1978-11-22,Male,2944672153,"180 Gary Club Suite 102 Josephshire, IA 27975",Diabetes
2218,Timothy,Turner,1961-04-21,Female,8450389396,"199 Craig Heights South Shannonmouth, VA 75060",Hypertension
2219,Jane,Jackson,1991-12-17,Female,6748898134,"6731 Mclaughlin Squares Apt. 440 Amandamouth, DE 97350",Diabetes
2220,Gary,Mccoy,1955-07-04,Male,4493353865,"69464 Odonnell Throughway East Sandra, NV 98683",Heart Disease
2221,Jessica,Jacobs,1987-12-27,Male,9462457934,"9477 Johnson Corner Reyesville, HI 90992",Asthma
2222,Michael,Garcia,1952-07-27,Male,1327140884,"52927 Guzman Isle East Shannon, HI 92913",COPD
2223,Jamie,Kelley,1969-06-10,Female,2718735203,Unit 4343 Box 8902 DPO AP 18831,Kidney Disease
2224,Thomas,Richmond,1954-05-12,Male,5926377779,"068 Ryan Well Apt. 336 Hancockfurt, NC 22877",None
2225,Michelle,Garcia,1977-11-12,Male,9650420945,"8976 Chen Mountains South William, AS 77940",Heart Disease
2226,James,Stewart,1967-06-04,Male,6704029534,"8373 Ashley Circles Apt. 586 Lake Steve, HI 17256",Asthma
2227,Kellie,Bean,1951-12-04,Male,9592257621,"PSC 1728, Box 4740 APO AE 36331",Heart Disease
2228,Brent,Ayers,1973-02-05,Female,7394980472,Unit 7974 Box 9878 DPO AP 17845,Hypertension
2229,Sarah,Nelson,1972-03-21,Female,8088751063,"35928 Henry Curve Suite 049 Morganshire, NE 13647",Heart Disease
2230,Brad,Hernandez,1952-05-31,Male,9166177045,"752 Ford Lake Apt. 937 Chapmantown, OK 81495",Asthma
2231,Mary,Stephens,1961-12-13,Female,7733515921,"0772 Bennett Avenue West Megan, NY 03015",Kidney Disease
2232,Cynthia,Allen,1966-04-19,Female,0498724209,"74225 Jimenez Place Apt. 834 Millermouth, DE 36752",Kidney Disease
2233,Linda,Cortez,1945-06-01,Male,3095843129,"PSC 0155, Box 7136 APO AA 55239",Asthma
2234,Samantha,Wright,2004-01-26,Female,4122734982,"16261 Jeffrey Parkway North Craigmouth, AL 23795",Diabetes
2235,Cathy,Stephenson,1952-02-01,Female,1086374278,"58391 Coleman Estates Apt. 829 New David, NY 76902",Diabetes
2236,Donna,Livingston,1938-02-17,Male,0577271809,"89196 Hunter Loaf New Kimberlytown, AS 38310",Hypertension
2237,Jessica,Johnson,1979-09-09,Female,6749216172,"65845 Carey Station Henryfurt, OK 25651",Heart Disease
2238,Marie,Carlson,1984-04-12,Female,0955983653,"17872 Yates Shoal Suite 038 Sarahfurt, IN 16903",Kidney Disease
2239,Brenda,Watkins,1946-11-08,Male,2820605241,"8696 Connor Trace Gravesburgh, NJ 04695",None
2240,Douglas,Leblanc,1987-02-10,Female,5440872077,"73918 Dunlap Orchard Harrismouth, KS 75408",COPD
2241,Amy,Allen,1948-02-18,Male,3935187612,"3874 Irwin Mission Edwardsside, UT 80369",Heart Disease
2242,Justin,Ortiz,1994-04-12,Male,8979559098,"80403 Larson Place Gutierrezstad, WV 10867",Kidney Disease
2243,Kristin,Rosario,1948-07-22,Male,0490227465,"1725 Taylor Drive South Julia, WA 78410",Diabetes
2244,Bruce,Phillips,1973-09-20,Female,0772423396,"3494 Gregory Cliff South Andrea, CA 90896",Kidney Disease
2245,Deborah,Lee,1936-12-28,Male,4125386672,"64136 Fields Shoals Warrenville, MH 43757",Kidney Disease
2246,Steven,Hanson,1997-07-05,Male,1281618169,"459 Jennifer Avenue New Timothychester, FM 37062",Heart Disease
2247,Sonya,Collins,2004-11-04,Male,7618030781,"96796 Martin Keys Thomaschester, DE 60394",Asthma
2248,Robert,Chung,1953-04-06,Female,5106389375,"81014 Simmons Hollow Tamaraville, PA 42334",Hypertension
2249,Jonathan,Webb,1991-04-11,Female,5841980962,"2891 Antonio Plaza Kellerchester, HI 52716",Hypertension
2250,Kevin,Martin,2003-05-09,Male,1768614175,"8257 Penny Oval Apt. 268 East Robert, SC 23126",Asthma
2251,Wendy,Reynolds,1989-01-28,Female,3023690356,"294 Christopher Fords Deniseland, FL 28112",Asthma
2252,Brandon,Hunt,1974-05-23,Female,9023357054,"41072 Cobb Island Nealmouth, ND 71719",Heart Disease
2253,Jeremy,Lutz,1992-05-11,Female,8305551588,"21315 Robert Ferry Suite 864 Charlesbury, MP 99709",Hypertension
2254,Rodney,Stark,1993-03-25,Female,7631149972,"99096 Torres Well Suite 781 East Tamaraville, AR 10564",Diabetes
2255,Tracy,Callahan,1963-07-02,Female,5954407161,"3466 Torres Lights Rogersmouth, CT 10751",Diabetes
2256,Kevin,Shaw,1992-12-30,Female,6340313688,"75156 Brendan Falls Apt. 920 Michaelport, PW 30752",COPD
2257,Deanna,Mercer,2001-05-25,Female,0904941181,"48000 Frank Ports Port William, OR 15980",Asthma
2258,John,Contreras,1969-03-15,Female,8282389982,"791 Edward Corners Lake Kimberlyshire, PA 53885",Asthma
2259,Beth,King,1966-06-20,Male,0485019835,"7157 Hughes Village South Jessefort, MO 95216",Diabetes
2260,Alexandra,Bond,1957-10-01,Male,9404564091,"31517 Patricia Grove Suite 064 Ashleyland, DE 48613",None
2261,Lindsay,Parsons,1980-02-10,Male,5298373250,"0357 Sarah Harbors Suite 819 East Lisa, PA 12054",None
2262,Kathleen,Maldonado,1981-08-01,Female,4513135545,"120 Weaver Forges West Angela, MT 33733",None
2263,Shaun,Weber,1951-12-17,Female,6702976414,"19703 Holly Ramp Apt. 861 Lake Oscar, DC 66647",COPD
2264,Amy,Smith,1991-12-23,Male,0591726245,"5768 Harrison Springs North Leslieside, TN 25728",None
2265,Elizabeth,Rowe,2006-08-22,Male,2890260190,"87413 Ellison Inlet Apt. 171 South Nicholas, VI 04783",Kidney Disease
2266,Michael,Lam,1981-12-25,Female,5777287554,"14749 Rowe Fort Andersonmouth, NE 85225",None
2267,Dawn,Taylor,1973-03-10,Male,1693002505,"354 Misty Tunnel Apt. 966 Port Christopherborough, WV 76450",COPD
2268,Timothy,Francis,1941-12-08,Female,7599339015,"878 Steven Alley Suite 372 New Ambertown, OH 82602",Heart Disease
2269,Zachary,Ochoa,1960-06-27,Male,0195747628,"PSC 5457, Box 7666 APO AP 89388",Kidney Disease
2270,Benjamin,Blair,2004-08-30,Male,9593847046,"521 Moss Centers Michaelbury, MH 69636",Heart Disease
2271,John,Webster,1961-03-25,Female,9711501271,"1557 Hess Extension Suite 713 Brownville, VA 99200",Asthma
2272,Cory,Lopez,1964-03-24,Male,3058349039,"798 Horne Turnpike Tiffanyport, OK 72182",None
2273,Barbara,Reynolds,1995-10-15,Male,8519599180,"390 Hart Parkways Apt. 082 North Elaine, FM 31716",Hypertension
2274,Jeffrey,Harris,1983-12-04,Male,9941827376,"198 Stacey Circle Apt. 594 East Richard, NM 01614",COPD
2275,Emily,Harris,1982-07-29,Female,0363039866,"8639 Scott Pass Port Eric, MO 10029",None
2276,Jacob,Bell,1997-06-16,Male,8140815432,"05909 Kramer Squares Suite 902 South Elizabeth, MS 99472",None
2277,Manuel,Turner,1943-03-09,Female,7395299549,"1224 Robert Bridge Suite 683 Sandrachester, LA 21348",None
2278,Louis,Reed,1936-11-13,Male,2656750482,"330 Bennett Keys Apt. 784 East Jennifershire, AL 68158",Kidney Disease
2279,Donald,Wolfe,1987-09-08,Male,7670061444,"21741 Denise Grove Apt. 539 Lake Dalechester, DC 63166",COPD
2280,Caleb,Smith,1998-02-10,Male,9052296382,"22779 Johnson Walks South Kimberlyfort, ME 74024",Hypertension
2281,Michelle,Rodriguez,1957-08-21,Female,3403917122,"5713 James View Suite 278 West Carlaborough, MA 31955",Heart Disease
2282,Crystal,Lamb,1999-09-13,Male,9704183818,"968 Lisa Passage Apt. 020 Jesseshire, AS 20696",Diabetes
2283,Derek,Henry,1948-06-19,Female,3803389283,"185 Elizabeth Union Suite 347 Port Amandamouth, MO 06972",None
2284,Mary,Cain,1951-04-05,Female,0034686624,Unit 7775 Box 6744 DPO AP 86986,Heart Disease
2285,Sheri,Osborne,1973-09-26,Female,6736226026,"9638 Carrillo Orchard Suite 998 Carolbury, VA 46674",Diabetes
2286,Mary,Walls,1969-06-03,Male,8937432595,"25277 David Trace Sanchezchester, IA 42823",Hypertension
2287,William,Fitzpatrick,1975-03-04,Male,7408346116,"672 Ayala Throughway Apt. 637 Lutzberg, GA 50259",Kidney Disease
2288,Mary,Webster,1995-09-22,Female,0725803612,"4799 Velasquez Spurs Apt. 919 East Michelleview, ID 92609",Kidney Disease
2289,Elizabeth,Reed,1989-12-01,Female,1486703016,"781 Benjamin Mountain East Susan, GU 50144",Kidney Disease
2290,Tammy,Costa,1984-05-11,Male,1178311036,"4671 Ware Village Apt. 387 Brownfurt, NH 72004",Hypertension
2291,Matthew,Conrad,2001-12-12,Female,1168045776,"483 Parker Skyway Port Andrewchester, MP 55121",Heart Disease
2292,Heather,Cooper,1949-06-04,Female,5612102955,"6068 Daniel Hollow Lake Jaimeview, RI 68804",COPD
2293,Justin,Smith,1982-10-05,Male,3550327282,"084 Mitchell Fork Port Rebeccahaven, MS 31417",Diabetes
2294,Donna,Dennis,2002-12-09,Male,6803367216,"5256 Beltran Canyon Suite 750 Maysfort, WV 82853",None
2295,Anne,Gordon,1949-04-08,Female,3703083885,"8087 Perkins Flat Lake Mallory, GA 56477",Hypertension
2296,Joshua,Anderson,1956-09-20,Male,6522928145,"188 Perkins Square Martintown, UT 29370",Kidney Disease
2297,Derek,Mcguire,1985-03-09,Female,3936789914,"58996 Mark Lock Coleborough, MD 04235",Kidney Disease
2298,Ashley,Klein,1993-06-03,Female,1806603644,"2287 Hernandez Course Apt. 288 West Amber, NY 15330",Hypertension
2299,Dwayne,Burton,1988-01-02,Male,1397698949,"585 Ann Lights West Thomas, WY 85663",Hypertension
2300,Sarah,Herrera,1949-02-20,Female,2901901338,"9226 Cassandra Pines North Meredithburgh, MI 63723",Hypertension
2301,Jason,Serrano,1954-03-10,Male,1890646035,USNV Bennett FPO AP 19150,None
2302,April,Soto,1994-04-11,Male,3119764532,USNV Meyers FPO AA 28897,Heart Disease
2303,Ryan,Stephenson,1983-10-22,Female,0874037889,"282 Elizabeth Lake Crawfordfort, WA 06852",COPD
2304,Lynn,Williams,1999-07-26,Female,5155520544,"67308 Jason Green Apt. 417 East Bobbyburgh, MA 39667",Heart Disease
2305,Ian,Lopez,1970-11-08,Female,7674837830,"696 Martin Lodge Suite 386 Kristopherstad, AL 51865",None
2306,Marcia,Hawkins,1953-12-20,Female,6677041450,USCGC Mullins FPO AE 21577,Heart Disease
2307,Rachel,Garcia,1977-08-26,Male,8862135314,"63329 Cindy Alley Suite 618 East James, NC 33659",Asthma
2308,Max,Boyer,1952-02-16,Female,1484879301,"PSC 5591, Box 9834 APO AP 67959",Kidney Disease
2309,Micheal,Manning,1964-11-21,Female,6354632294,"349 Carson Inlet Griffinborough, NE 09506",None
2310,Michael,Clark,1970-10-22,Female,0713137590,"93177 Kathleen Expressway North Juliebury, RI 80607",Kidney Disease
2311,Joseph,Wilson,1942-11-20,Male,0543362293,"72773 Shields Mountain West Susan, CA 08714",Heart Disease
2312,Dakota,Garcia,1950-05-01,Male,3916294798,"00113 Johnson Overpass East Louis, CO 55023",None
2313,David,Medina,1985-08-04,Male,6924285815,"5762 Harris Ramp Suite 576 Trevinoside, MD 31873",None
2314,Haley,Johnson,1953-12-25,Male,7907296647,"91425 Adam Drives Suite 630 East Johnnyton, FL 99041",Hypertension
2315,Michael,Smith,1956-02-26,Male,1389013863,"91154 Richard Center Suite 232 New Julie, IA 73632",Diabetes
2316,James,Pace,1983-06-03,Female,3732897722,"705 Pierce Crossing Apt. 250 Sophiaborough, MA 23256",Asthma
2317,Patricia,Moore,1957-07-29,Female,7069119064,"607 Tiffany Squares West Williamfort, NC 00986",Hypertension
2318,Gabriel,French,1964-06-24,Male,3676271294,"829 Henry Square Suzanneshire, NE 58374",Kidney Disease
2319,Brent,Brown,1995-01-31,Female,4095672305,"4627 Laura Ports Port Benjamin, VT 81036",Asthma
2320,Ryan,Abbott,1948-08-01,Female,9400940308,"37119 Clark Fort Port Danielburgh, CO 05305",Kidney Disease
2321,Brent,Young,1995-08-20,Male,1239748301,"979 Lloyd Hills West Davidside, IA 19966",None
2322,Jerry,Powers,1950-08-23,Male,6727511157,"84641 Spencer Gardens Biancafurt, WV 30550",Hypertension
2323,Carlos,Walker,1981-12-12,Male,5376075090,"70061 Bailey Vista Apt. 089 East Gwendolynfurt, CO 75259",Diabetes
2324,Tonya,Miller,1970-06-14,Male,8897120802,"011 Deborah Ports Suite 530 West Joelland, OR 75311",Heart Disease
2325,John,Kelley,1975-10-15,Female,2145147397,"846 Johnson Cape Valenciaberg, FM 33969",Hypertension
2326,Harry,Haynes,1951-04-02,Female,4154193563,"45222 Charles Highway Port Frank, MS 97678",Hypertension
2327,Mary,Fernandez,1957-06-28,Male,1401483464,"8249 Seth Wells Suite 094 Port April, UT 78817",Heart Disease
2328,Stephanie,Mcdaniel,1935-07-02,Female,1731094063,USNS Smith FPO AA 78928,Hypertension
2329,Anthony,Crosby,1991-01-03,Male,8129184016,"80210 Nicole Spurs Lake Michael, FL 75836",None
2330,Jessica,Morgan,1959-12-01,Female,5034227003,"6862 Wilson Streets North Reginabury, PR 97240",None
2331,Tamara,Carlson,2006-05-02,Female,3083807239,"2515 Jonathan Hills New Michelleland, FM 64062",COPD
2332,Vincent,Simmons,1998-12-25,Male,5932614011,"12310 Bruce Ville Apt. 360 Port Jessica, MT 18009",Diabetes
2333,Emily,Dean,1990-05-14,Male,4473187249,"2609 Lopez Village Davidhaven, OR 87864",Hypertension
2334,Alicia,Gray,1988-01-19,Male,3971494777,"21247 Benson Views Nicholasmouth, CO 43867",Heart Disease
2335,Mike,Brooks,1959-03-19,Female,9221438025,"688 Watkins Mall Apt. 560 Charlestown, LA 75088",None
2336,Brian,Trujillo,1981-12-29,Female,5965588250,"63913 Smith Rapid East Chad, RI 26544",Hypertension
2337,Karen,Hudson,1935-12-03,Male,9735941002,"64085 Johnson Camp Suite 911 New Feliciaberg, DE 17458",Heart Disease
2338,Robert,Reeves,1972-10-16,Male,6210263039,"36219 Charles Freeway Guzmanburgh, GA 19635",Asthma
2339,Brenda,Barnes,1961-11-08,Male,8169945613,"7141 Owens Cape South Robinmouth, AS 59857",COPD
2340,Christian,Phillips,2002-10-20,Female,6391825095,"9279 Elijah Mount Apt. 469 Knightburgh, IA 26997",Diabetes
2341,Terrence,Rice,1945-02-02,Male,1148581602,Unit 4452 Box 6820 DPO AE 36897,Hypertension
2342,Susan,Everett,1959-11-05,Female,7414193823,"2160 Horton Crossroad Apt. 228 East Amy, NH 11940",Asthma
2343,Bradley,Sharp,1981-03-19,Male,2514553203,Unit 5608 Box 5735 DPO AP 98133,Kidney Disease
2344,Matthew,Mason,1984-09-27,Male,3216851281,"0703 Maria Corner Garymouth, CA 46074",Heart Disease
2345,Kimberly,Brown,1949-01-20,Female,5454210479,"82127 Travis Station Stanleybury, MO 27018",Hypertension
2346,Lisa,Lowe,1958-09-15,Female,4926797792,"270 Alexander Locks Suite 190 North Kristi, MS 31765",None
2347,Gloria,Harrison,1962-04-10,Male,1135430337,"38689 Rios Ridges Suite 310 Lindaport, MT 54739",Diabetes
2348,Robert,Wood,2005-09-21,Male,3072396442,"5247 Kevin Plaza Apt. 508 South Julie, NJ 11760",Kidney Disease
2349,Catherine,Mills,1961-07-02,Female,6844011944,"PSC 4739, Box 7154 APO AP 39701",Asthma
2350,Rebecca,Sims,1995-08-27,Male,3995670471,"2290 Foley Burgs Suite 513 Robinsonfurt, CO 58580",Heart Disease
2351,Anthony,Allen,1948-07-28,Male,7916922794,"90900 Jesse Canyon Apt. 539 Scottland, MD 53097",Diabetes
2352,Jennifer,Gould,1981-06-11,Male,5010274348,"0884 Angela Corners Apt. 109 West Brittany, PR 65182",Heart Disease
2353,Sean,Baker,1957-06-07,Female,1438891860,"032 Wendy Island Garciaport, PR 17802",Hypertension
2354,Brian,Curry,1954-09-11,Male,8854801184,"596 Hoffman Circles New Aliciashire, CA 11764",Heart Disease
2355,Kyle,Gonzalez,1967-08-04,Female,3282286605,"1201 Delgado Port Apt. 608 Baileybury, MT 29237",Heart Disease
2356,Christopher,Jenkins,2006-06-23,Female,6014100206,"52797 Perry Keys Apt. 785 Lake April, TX 15554",COPD
2357,Erika,Tran,1990-05-26,Male,1502698929,"684 Alan Roads Suite 374 Lake Kimberlystad, WY 08980",COPD
2358,James,Bailey,1985-02-22,Female,8099297284,"7101 Jennifer Common East Walter, MS 47882",Asthma
2359,David,Perez,1976-07-11,Female,1950786172,"6421 Brown Flat Apt. 807 Sandraborough, ID 93469",Asthma
2360,Joel,Lopez,1988-11-05,Female,8070331038,Unit 8937 Box 6696 DPO AE 38570,Kidney Disease
2361,Steven,Rodriguez,1976-12-01,Female,3624152910,"312 Wilson Ranch New Nancyville, NV 37918",Asthma
2362,Courtney,Hudson,1937-04-04,Male,2462589277,"8009 Thomas Unions East Kimberlyview, ME 17859",Hypertension
2363,Erin,Webb,1962-12-30,Female,0820365810,"0005 Gregory Shores West Michelle, WI 85039",Kidney Disease
2364,Carlos,Lester,1936-04-13,Female,7610117228,"9994 Hurst Mews Apt. 425 Stephanieborough, NC 15462",None
2365,Ryan,Kelly,1988-12-24,Female,9090109080,"3659 Megan Field Apt. 536 Lake Jamesville, PA 18557",COPD
2366,Victoria,Newman,1947-03-01,Male,1374155571,"3616 Shannon Fords Apt. 180 Ritterstad, AL 07764",Kidney Disease
2367,Marc,Hanson,1945-02-10,Female,2964396859,"78960 Stone Point Apt. 211 Jordanhaven, TX 28221",Hypertension
2368,Micheal,White,1975-10-27,Male,1046564662,"393 Evans Drive East April, NJ 06244",Hypertension
2369,Scott,Davis,1983-06-23,Male,7464389017,"71053 Jarvis Forge Apt. 954 South Nicholas, WV 09738",Heart Disease
2370,Rhonda,Davis,1939-03-02,Female,2014622226,"6030 Elizabeth Circles Russellville, MD 39163",None
2371,Karen,Gonzales,1976-10-22,Male,4848823083,"4878 Phillips Meadow Port Laurachester, CO 98307",Diabetes
2372,Yvette,Paul,1996-06-23,Male,9282183217,"972 Beth Island East Amberton, SD 72926",None
2373,Holly,Stout,1959-03-06,Female,4598826174,Unit 6543 Box 6762 DPO AP 22090,Heart Disease
2374,Elizabeth,Hansen,1966-02-02,Male,8915753815,"714 Christopher Avenue Tinaton, WA 03173",Heart Disease
2375,Jennifer,Johnson,1994-07-15,Male,0017863529,"0630 Parker Oval Apt. 425 Kingshire, AL 84032",Heart Disease
2376,Tara,Floyd,1943-12-21,Male,8587341012,"20550 Jeremy Junction East Matthew, NJ 65270",Heart Disease
2377,Michael,Chang,1941-07-27,Male,1351027277,"7363 Galvan Shoal West Amanda, GU 07906",Asthma
2378,David,Davis,1965-10-30,Female,7799557709,"197 Katherine Stream Rebeccaberg, AR 23310",Asthma
2379,Amanda,Norman,1980-10-03,Female,7613142033,"026 Bryant Center Darrenchester, ME 35365",Hypertension
2380,Richard,Marks,2004-09-22,Male,8812592607,"66723 Brown Stream Alejandromouth, WY 22473",Hypertension
2381,Melissa,Garrett,1986-05-24,Male,1150603150,"31452 Wendy Dale East Jerry, CT 28905",None
2382,Stacy,Lopez,1984-09-08,Female,1898317850,"064 Mcdonald View Suite 839 Jessicaside, AK 95940",Asthma
2383,Carol,Lyons,1943-12-04,Female,1511467253,"5871 Friedman Mountains New Jeffreyport, OR 10000",COPD
2384,Kevin,Jennings,1999-05-09,Female,0979307565,"277 Smith Alley Apt. 335 North Cynthia, FM 31171",COPD
2385,John,Cooper,1946-01-19,Female,6451456304,"4843 Randy Station Jasontown, AS 03386",None
2386,Thomas,Howard,1937-09-27,Male,3289193207,"9536 Rojas Mills North Kylehaven, KY 36085",Hypertension
2387,Amanda,Williams,1937-06-30,Female,7564625309,"2786 Rose Ports New Chadchester, HI 33505",COPD
2388,Nicole,Holland,1945-05-03,Male,9715014344,"340 Joseph Parks East Rebekah, MO 55035",Asthma
2389,Audrey,Weiss,1947-08-07,Female,4655552057,"6674 Veronica Isle Suite 379 North Randallside, AS 24880",COPD
2390,Paul,Young,1955-12-16,Female,0201695140,"485 Brian Crescent Apt. 209 West Frederickmouth, IN 63018",Diabetes
2391,Emily,Waters,1981-03-12,Male,8752044759,Unit 5791 Box 9489 DPO AA 97323,Diabetes
2392,John,Patterson,1992-12-06,Female,8762856541,Unit 2950 Box 2218 DPO AE 02359,Diabetes
2393,Larry,Martin,1947-02-24,Male,3716049769,Unit 4088 Box 9334 DPO AE 20590,Diabetes
2394,Jeffrey,Key,1971-09-06,Female,6109029106,"PSC 0011, Box 8323 APO AA 20115",Kidney Disease
2395,Dana,Romero,1979-02-19,Female,8478047262,"37208 Lopez Canyon Suite 534 New Brianfurt, VA 94551",Heart Disease
2396,Kimberly,Barr,1981-04-30,Male,2114836427,"49608 Brett Field Suite 207 Websterview, KS 90766",Heart Disease
2397,Kyle,Martinez,1975-01-22,Female,2885603135,"7504 Jeremy Avenue Apt. 754 Port Courtneyview, OK 81608",Kidney Disease
2398,Ryan,Mcdonald,1952-04-22,Male,9325497165,"0853 Brittany Ferry Port Brianfort, PW 76938",Kidney Disease
2399,James,Bradley,1968-10-13,Female,0715998433,"072 Joseph Ports Jonathanstad, WI 15761",Heart Disease
2400,Laura,Porter,1951-09-10,Male,6230537981,"48296 Tiffany Mission Apt. 657 West Julie, MP 26652",Heart Disease
2401,Robert,Payne,1978-11-26,Female,3315466698,"65976 Heather Hills West Laurenshire, PR 04232",Kidney Disease
2402,Roberto,Cook,1949-10-18,Male,6529723243,"2175 Heather Drive Apt. 589 West Robertland, MT 59534",Kidney Disease
2403,Nicole,Oneal,1985-07-28,Female,7601433338,"993 Mark Courts Apt. 037 West Holly, CT 13916",COPD
2404,Hannah,Harper,1953-05-26,Female,2024455539,"07758 Foster Avenue South Davidmouth, MS 23388",COPD
2405,Emily,Kim,1958-06-02,Male,5614224944,"2761 Mary Union Suite 698 Sullivanshire, KY 18623",Asthma
2406,Robin,Green,1937-09-13,Male,4411909337,"65437 Barajas Tunnel Port Christophermouth, KY 08635",Hypertension
2407,Yolanda,Boyer,1993-07-10,Male,5996865754,"73962 Williams Parkway Jillborough, GA 61888",None
2408,Jacqueline,Foley,1956-09-10,Male,5644473888,"65345 Laura Ville Port Raymondbury, NJ 05656",COPD
2409,Jay,Hansen,1998-07-20,Female,6365740892,"35306 Kayla Hills East Johnbury, NC 96443",Heart Disease
2410,Christina,Cuevas,1940-08-28,Female,1596110852,"3632 Allen Estates Hopkinsburgh, VA 94530",Heart Disease
2411,Abigail,Martinez,1961-07-19,Male,2208467383,"5056 Beard Island Apt. 304 New Daisyberg, ME 38182",Diabetes
2412,Heather,Park,1963-03-26,Male,8290388287,"6854 James Route Suite 295 New Amanda, KY 07971",Asthma
2413,Ashley,Powell,1961-08-05,Male,2767752521,USS Scott FPO AE 66610,Kidney Disease
2414,Phyllis,Martin,1997-11-14,Female,2034000786,"7835 Ortiz Mountain Port Josephborough, CO 99179",Diabetes
2415,Amanda,Brown,1993-04-22,Female,1985858674,"840 Ortiz Plaza Suite 186 Joshuashire, MP 86310",Diabetes
2416,Cory,Kelly,1950-02-03,Female,0525828662,USS Wells FPO AE 32593,Heart Disease
2417,Sally,Combs,1965-07-14,Male,1659863942,"8332 Keith Rest Apt. 870 Camachoberg, VA 80295",Diabetes
2418,Jessica,Wallace,1967-07-16,Female,7755065227,"43796 Samantha Inlet South Haroldview, SC 59750",Diabetes
2419,Justin,Fitzgerald,1997-12-16,Female,8124243073,"6654 Donald Estate Apt. 790 Josephfurt, OR 60456",Heart Disease
2420,Matthew,Brown,1979-04-04,Female,0446138873,"99176 Johnson Hill Apt. 478 Andreahaven, DE 03051",None
2421,Robert,Hayes,1977-06-27,Female,6594668205,"604 Anderson Views South Ambermouth, NH 82496",Diabetes
2422,Caroline,Duffy,1964-06-20,Female,9502645072,"8084 Travis Stream Suite 215 Susanport, TN 86656",COPD
2423,Nathan,Rodriguez,1975-08-25,Male,0346889067,"58347 Decker Brooks Apt. 150 North Warrenfurt, NY 64576",Heart Disease
2424,Brett,Perry,1946-07-13,Male,8189479861,"18914 Patricia Summit Port Kathryn, AZ 35962",Diabetes
2425,Ashley,Rice,1964-12-22,Male,7313667650,USCGC Meyer FPO AE 39469,Asthma
2426,Bruce,Williams,1955-09-03,Male,5632868628,"1053 Spencer Rue Apt. 424 Ritterhaven, IA 12276",Hypertension
2427,Janice,Williamson,1986-03-15,Female,6954682725,"4675 Hudson Terrace Apt. 619 Janetshire, NM 97494",Asthma
2428,Ronald,Mitchell,2007-02-03,Male,4341840251,"957 Danielle Park Edwardsview, FM 88325",Asthma
2429,Kathleen,Barber,1984-04-17,Female,1737120931,"73753 Mary Vista Apt. 746 Fullertown, PR 71773",COPD
2430,Robert,Perkins,1935-08-13,Male,0266655946,"078 Harper Knoll Suite 195 Fosterbury, LA 46828",COPD
2431,Ethan,Smith,1980-12-15,Male,2696999167,"630 Johnson Ville Barnesville, NY 89106",Hypertension
2432,Nancy,Hester,1955-09-21,Female,9250126969,"42175 Campbell Pines Amandaview, AZ 01554",None
2433,Hannah,Olson,2007-04-12,Male,7985733789,"296 Steve Ramp Caldwellville, MH 30225",Hypertension
2434,Daniel,Guerrero,1983-10-11,Female,8183499976,"530 Paul Centers South Thomasfort, DC 77544",Heart Disease
2435,Timothy,Collins,2005-08-06,Male,4404078646,"1859 Garcia Mills East Andreaside, NY 64972",Heart Disease
2436,Mark,Clark,2003-03-22,Male,7850807182,"57827 Andrew Centers Apt. 082 Josephtown, PW 23689",Asthma
2437,Alexis,Butler,1948-05-21,Female,3073229826,"33286 Crawford Drive East Jennifertown, NE 04338",Asthma
2438,Sara,Lyons,1956-04-14,Female,9395033476,"76623 William Via South Jonathanfort, SD 36270",Heart Disease
2439,Sarah,Arias,1985-10-21,Female,4533101098,"360 Pena Fork Murphymouth, VA 92373",Hypertension
2440,Sheena,Evans,1982-03-28,Male,2553699841,"541 Gregory Station Suite 110 Kristiside, CT 49579",Heart Disease
2441,Nicole,Hines,1974-04-20,Male,1015586740,"91163 Melissa Extension Lloydchester, KY 11013",Hypertension
2442,John,Hebert,1982-05-07,Female,7441535400,"73771 John Fall Suite 644 Wolfeland, NH 50255",Kidney Disease
2443,Sandra,Williams,1961-11-30,Female,3126909297,"9818 Miller Parkway Suite 057 South William, NJ 89933",Kidney Disease
2444,Daniel,Ramos,1957-10-28,Male,0690788031,"0951 Michael Path Larsentown, NV 63021",Hypertension
2445,Nicolas,Elliott,1941-04-27,Female,8245243871,"710 Michael Well Alexisview, NJ 19187",Asthma
2446,Melanie,Mccullough,1969-08-25,Male,6076455289,"950 Jeffrey Views North Jay, NH 85194",None
2447,Andrea,White,2007-05-13,Male,1941591191,USCGC Wilson FPO AA 67810,Hypertension
2448,Tiffany,Phillips,1987-02-05,Male,5298730565,"PSC 0133, Box 8164 APO AP 57128",COPD
2449,Cody,Knight,1975-04-29,Female,1391448991,"116 Cheryl Summit Suite 051 Amyport, HI 54077",Kidney Disease
2450,Kimberly,Roy,1996-02-07,Female,4018761499,Unit 1970 Box 2241 DPO AP 06983,Asthma
2451,Jason,Arnold,1946-09-28,Male,6705904863,"876 Henderson Canyon Veronicaville, FM 31254",Hypertension
2452,Thomas,Mcdaniel,1944-02-17,Female,3765630471,"818 Robert Route Suite 030 South Mark, WY 55798",COPD
2453,Melody,Everett,1980-01-13,Male,0694221373,"12720 Washington Street Shepardhaven, MD 88726",Diabetes
2454,Connor,Carroll,1960-07-21,Male,4353081840,"1674 Aaron Knoll Suite 770 Johnathanview, AR 79433",COPD
2455,April,Berger,1986-04-14,Female,8100936771,"6432 Christopher Crossing South Jessica, NJ 16612",Asthma
2456,Linda,Cisneros,2000-01-29,Female,5926778359,"PSC 3956, Box 9280 APO AA 30949",Kidney Disease
2457,Tammy,Davis,1973-09-08,Female,9978216807,"43309 Hall Manor Nataliefurt, NJ 95696",None
2458,Stanley,Smith,1970-09-12,Female,1611875971,"326 Weaver Isle Suite 132 Lake Adrianastad, IA 18198",Diabetes
2459,Maurice,Peterson,1964-07-07,Female,5731961042,"PSC 5145, Box 7829 APO AE 24735",Diabetes
2460,Christina,Lee,1964-11-16,Male,4079830996,Unit 5000 Box 1546 DPO AA 05951,Heart Disease
2461,Katherine,Torres,1989-03-28,Male,9379691274,Unit 0593 Box 0493 DPO AE 57683,COPD
2462,Hannah,Campbell,1936-07-30,Male,9558425697,"254 Mary Run Frankberg, NJ 31316",Diabetes
2463,Aaron,Stout,1978-03-19,Female,4898600559,"7890 Gutierrez Manors West Timothy, MI 36900",Asthma
2464,Lisa,Johnson,1961-02-04,Female,0707971122,"04828 Wagner Views Elizabethport, GU 85119",Kidney Disease
2465,Melissa,Martin,1943-06-07,Female,7560193474,"379 Nancy Wall Garyborough, AR 02335",Diabetes
2466,Destiny,Rios,1969-01-13,Male,6593756375,"9756 Reyes Cliff Apt. 216 Lake Sonya, AL 09702",Hypertension
2467,Vickie,Rangel,1962-07-10,Male,8793833360,"14042 Phillip Dale Port Helen, MI 01831",COPD
2468,Sheri,Taylor,1936-06-02,Male,5494009070,"7694 Ortega Land Suite 929 Williamburgh, MA 83868",Kidney Disease
2469,Victoria,Dominguez,1997-02-02,Female,2918783775,"855 Ashley Causeway Port Melissa, WI 80452",Heart Disease
2470,Tammy,Andrews,1965-01-05,Male,1840580966,"310 Matthew Radial Blackfurt, OK 10263",COPD
2471,Carla,Maynard,1966-08-25,Male,8528096088,Unit 8645 Box 0067 DPO AA 32713,Hypertension
2472,Kelsey,Lambert,1939-05-19,Female,0362325665,"605 Smith Islands West Andrew, TN 90493",Asthma
2473,Justin,Miranda,1963-01-02,Female,6806290237,"703 Walton Causeway South Jason, RI 97294",COPD
2474,Traci,Randolph,1992-03-19,Female,9321530389,"2574 Crystal Loop New Josephview, WA 14294",None
2475,Paul,Day,1999-02-09,Female,7725887683,"28130 Ross Common Apt. 677 Sarahmouth, NV 16683",Hypertension
2476,Monica,Pacheco,1992-12-26,Male,8558462321,"PSC 3109, Box 6394 APO AP 45364",Heart Disease
2477,Robert,Marquez,1955-07-27,Male,7958275470,"0175 Richard Gardens Apt. 436 East Amyhaven, NC 08205",None
2478,Rachel,Brady,1962-12-28,Male,2084735264,"904 Green Radial Apt. 603 New Taylorshire, WV 44897",Heart Disease
2479,Virginia,Williams,1935-03-31,Female,4189016606,"7552 Anderson River Apt. 062 Kathrynshire, LA 05853",COPD
2480,Heather,Bowers,1964-04-10,Male,0130516087,"0549 Lee Locks Apt. 684 Danielberg, ID 58911",Hypertension
2481,Rebecca,Williams,1942-03-21,Female,8219194979,"1752 Ramsey Underpass Hernandezport, MO 54707",Kidney Disease
2482,Kimberly,Hall,1949-12-21,Male,6325111098,"4039 Chad Cliff North Cassandraland, LA 14848",Hypertension
2483,Amanda,Bryant,1985-06-12,Female,3020395011,Unit 1542 Box 0644 DPO AE 62276,COPD
2484,Kelly,Bailey,2000-02-19,Female,6196841672,"2568 Megan Plaza Port Robert, ME 40052",COPD
2485,John,Martinez,1938-01-28,Female,0984771829,"77032 Dennis Forge East Rachelfort, CT 16910",Asthma
2486,Rebecca,Smith,1943-01-30,Female,8331198105,USS Thomas FPO AA 76421,Asthma
2487,Richard,Wallace,2006-04-02,Female,4079159360,"76742 Sherry Glens Apt. 945 Port William, VT 64348",COPD
2488,Deanna,Howell,1953-02-06,Male,3064617230,"739 Willie Burgs Lake Antonio, UT 13634",Heart Disease
2489,Bryan,Jenkins,1960-10-04,Male,5439546226,"482 Smith Pike Geraldborough, NC 27845",None
2490,Cameron,Owens,1956-07-30,Female,7380760308,"59198 Gonzales Crescent Suite 374 Lake Sylvia, AS 79330",Asthma
2491,Richard,Brooks,1996-08-13,Female,2360020943,USNS Reid FPO AP 73985,Asthma
2492,Andre,Tate,2007-06-17,Female,2256608302,"995 Martinez Lake East Tylerville, WI 08679",Diabetes
2493,William,Fletcher,1937-09-30,Female,4918336291,"025 Mills Plains Suite 827 Port Matthewstad, ID 20155",COPD
2494,Matthew,Henderson,1961-09-29,Female,9200696864,"PSC 7372, Box 6685 APO AP 33781",Diabetes
2495,Jessica,Kaufman,1981-03-03,Female,4113909605,"57014 Donald Unions East Kevinton, PR 52401",Heart Disease
2496,Patricia,Brown,1993-04-14,Female,5832357556,"132 Mary Prairie Suite 276 Juarezside, UT 35376",None
2497,Sara,Marshall,2001-10-18,Male,9960755526,"8626 Rhonda Landing Apt. 914 East Charles, TN 02847",Kidney Disease
2498,Katherine,Smith,1989-10-27,Female,8357351242,"553 Lisa Causeway Suite 908 Connerton, RI 18924",Heart Disease
2499,Amy,Harris,1979-07-14,Male,9210375720,Unit 6737 Box 6400 DPO AA 41858,Heart Disease
2500,Cindy,Gonzalez,1967-06-29,Male,6697863584,"597 Lori Harbors Jenniferburgh, VT 86774",COPD
2501,James,Bradshaw,1959-03-26,Female,5618597134,"86114 Cory Harbor Apt. 427 Lake Jeffreyland, AL 30879",Heart Disease
2502,Stephanie,Banks,1975-05-13,Male,7674047358,Unit 8928 Box 6708 DPO AE 74628,Diabetes
2503,Samantha,Watkins,1958-08-09,Male,2865425431,"63651 James Falls Suite 002 East Angela, RI 18016",Hypertension
2504,Mitchell,Nelson,1952-04-17,Male,7514287516,USNS Riddle FPO AP 62695,Heart Disease
2505,Steven,Garcia,1988-01-25,Male,2248166052,"23598 Dana Street Apt. 621 Port Christianfurt, SD 19473",Heart Disease
2506,William,Wright,2003-03-12,Male,3051152665,"221 Raymond Forges Suite 751 New Monicaberg, AL 32683",Hypertension
2507,Jason,Smith,1958-01-16,Female,6819518931,"724 Kristie Lights North Tiffanyland, NE 94434",Diabetes
2508,Jay,Randolph,1963-03-16,Male,0771966667,"8781 Anderson Terrace Apt. 543 Matthewsfort, MD 40075",Heart Disease
2509,Jared,Warren,1979-09-19,Male,2311887616,"6273 Victor Locks Suite 308 Martinton, PR 02738",Asthma
2510,Desiree,Mccoy,1978-09-23,Female,0646067806,"70059 Kevin Springs East Markhaven, CA 07618",Heart Disease
2511,Helen,Blair,1945-06-01,Female,1149688135,"30526 Allen Shoals East Shelly, DC 60820",None
2512,Amy,Weaver,1959-09-05,Male,8639798646,"36623 Ramos Estates Suite 066 West Courtney, GA 49360",Hypertension
2513,Daniel,Ramirez,2005-06-05,Male,2072310988,Unit 1631 Box 1948 DPO AE 10755,COPD
2514,Casey,Brown,1951-04-11,Male,0806759283,"463 Timothy Station East Troy, CO 84106",Heart Disease
2515,Brandy,Riley,1945-08-06,Female,2310323369,"001 Klein Curve Kylechester, PW 39769",COPD
2516,Frank,Rodgers,1994-04-03,Male,3218564553,"9238 Sherry Lane West Williamfort, MI 91448",COPD
2517,Jeffrey,Moore,1980-02-21,Male,1861008835,"PSC 0227, Box 8067 APO AE 43526",None
2518,Alexander,Hudson,1944-06-23,Male,2251790935,"4618 Conley River South Sean, CA 63298",Hypertension
2519,John,Richards,1936-12-17,Male,4171195598,"83165 Anna Square Georgehaven, CA 90476",Heart Disease
2520,Christy,Brown,1973-09-11,Male,6915637899,"PSC 8170, Box 6737 APO AA 62703",Kidney Disease
2521,Sharon,Shepherd,1983-12-12,Male,0521177988,"10589 Jackson Throughway Suite 786 South Susanborough, OK 00645",Kidney Disease
2522,Erica,Watkins,1963-09-25,Female,4590018336,"850 Moore Valleys Suite 146 East Jonathan, FL 21979",None
2523,Carrie,Pearson,1992-11-03,Male,8966800777,"98714 Nguyen Plaza Suite 600 Jessicashire, AZ 00763",Asthma
2524,Yvette,Waters,2006-08-30,Female,5251069885,"5929 Tracy Neck Johnsontown, MO 83260",None
2525,Kristin,Khan,1990-02-04,Female,6577732053,"41912 Chapman Gardens Lake Megan, MP 88414",Diabetes
2526,Kimberly,Boyd,1952-03-26,Male,6744501994,"888 Rogers Trail Suite 699 East Jessicahaven, OR 27725",Kidney Disease
2527,Pamela,Macdonald,1991-09-16,Male,1961804560,"PSC 0810, Box 9554 APO AP 39347",Asthma
2528,Calvin,Joyce,1984-05-07,Female,9947706047,"0795 Amanda Estates South Rachelfurt, VA 16821",Asthma
2529,Mikayla,Tapia,1962-09-23,Male,7280388061,"94825 Christopher Union Marcusmouth, NE 61395",Hypertension
2530,Jeffrey,Atkinson,1957-05-23,Female,1749480996,"360 Ashley Stream West Stephanieburgh, DE 45007",Asthma
2531,Troy,Goodwin,2001-06-09,Female,9128567937,USCGC Johnson FPO AP 80413,Diabetes
2532,Matthew,Ewing,1981-10-07,Female,3102017119,"624 Anderson Island Suite 354 South Aaronshire, NH 79443",COPD
2533,Paul,Contreras,1988-07-26,Female,5381734326,"83195 Cobb Via Apt. 346 Heathermouth, AS 55075",Hypertension
2534,Anthony,Johnson,1968-05-11,Female,5997704961,"353 Moore Square New Davidshire, GU 13297",Asthma
2535,Catherine,Walker,1936-01-02,Female,0357395727,"675 Elizabeth Crossroad Lake Patricia, GU 80896",Hypertension
2536,Susan,Dixon,1966-05-14,Male,6923235381,"65911 Ware Fords Suite 013 Justinport, RI 16807",COPD
2537,David,Fisher,1981-10-28,Male,3393406164,"18720 Price Mountain Cruztown, PR 66871",Heart Disease
2538,Eduardo,Chandler,1967-10-25,Female,0895266038,"9889 Lewis Via Amandaport, MS 27941",None
2539,Christopher,Perez,2000-08-30,Male,1463010958,Unit 3638 Box 8665 DPO AP 70677,Diabetes
2540,Susan,Costa,1968-06-15,Female,5685155105,"929 Johnson Island Lake Susanstad, MP 43729",Diabetes
2541,Joseph,Horton,1968-01-04,Male,8482021040,"5414 Ramos Corner Jenningshaven, NY 74780",Hypertension
2542,Melissa,Garcia,1942-11-07,Female,3243604487,"9509 Robert Harbors Brianland, LA 61884",Kidney Disease
2543,David,Lloyd,1941-01-13,Male,9974178013,"2732 Joseph Ramp Suite 016 Rossmouth, NV 97750",Asthma
2544,Tammy,Williams,1937-02-24,Male,1656725297,"56702 Timothy Mission North Matthew, LA 51196",Kidney Disease
2545,Sarah,Allen,1948-06-26,Female,9359651219,"4961 Tiffany Way South Katietown, CO 87291",Heart Disease
2546,Nathan,Wells,2004-08-27,Female,2483555661,"1483 Jeremy Camp North Gregorychester, OH 38794",COPD
2547,Benjamin,Harris,1946-01-13,Female,7315180884,"641 Crawford Pike Edwardmouth, LA 81171",Diabetes
2548,Jennifer,Vasquez,1936-08-20,Male,8407366873,Unit 4945 Box 0066 DPO AA 62281,Heart Disease
2549,George,Johnson,1986-11-26,Female,8771869714,"7997 Summers Mountain Suite 100 East Richard, HI 82281",Kidney Disease
2550,Jackson,Hansen,1965-09-06,Male,1826512044,"974 Baker Fords Franklintown, AZ 75756",Diabetes
2551,John,Nash,1935-11-01,Female,3907269592,"29256 Hansen Fall Apt. 284 Gilbertville, OH 55791",Kidney Disease
2552,Kevin,Garrison,1981-03-18,Male,6400596917,"90077 Gordon Squares Wrightborough, PA 64763",COPD
2553,Michelle,Shaw,1937-12-16,Female,7506192780,"84856 Carolyn View Suite 423 Loweryburgh, VI 36624",Hypertension
2554,Kari,Mcgee,1941-06-11,Female,7333893767,"578 Butler Rest Lake Manuel, IN 97937",Asthma
2555,Ricky,Key,1972-08-12,Female,8903488726,"950 Clark Mission Ruizburgh, TX 40440",COPD
2556,Timothy,Salinas,1991-03-17,Male,1274202771,"5726 Sydney Cove Martinberg, VA 21752",Kidney Disease
2557,Christian,Campbell,1936-09-09,Female,0129479959,"PSC 8538, Box 7960 APO AA 19410",Diabetes
2558,Carl,Richards,1991-02-05,Female,8221458978,"16432 Rivera Keys Apt. 982 Garyfurt, OK 84967",None
2559,Tonya,King,1942-04-07,Female,7578331674,"260 Michael Plain Alexanderland, AR 42502",Kidney Disease
2560,Tracy,Bentley,1974-11-23,Female,2362761880,"4517 Amanda Turnpike Mccarthyberg, OH 86708",Kidney Disease
2561,Carrie,Murphy,2002-10-05,Female,6909247520,"8504 Smith Rapid Mitchellside, VT 50316",Hypertension
2562,Douglas,Miller,1952-11-07,Male,4590447561,"85429 Holt Falls West Rebeccaborough, MT 55680",COPD
2563,Miranda,Vaughn,1953-08-02,Male,6853088641,"09934 Paul Burgs Newmanbury, DC 75924",Hypertension
2564,Marc,Garcia,1943-11-02,Female,3528971123,"2992 Mallory Brooks Suite 677 Reedburgh, MT 13624",Hypertension
2565,Joshua,Blankenship,1957-04-26,Female,4300750936,"278 Fuller Lock Suite 137 Farmerville, NC 70651",Diabetes
2566,Chad,Schroeder,1960-08-31,Male,9745583477,"052 Alexandra Lodge Apt. 095 Christopherstad, AK 08152",Kidney Disease
2567,Caroline,Jensen,1990-06-29,Male,3473546786,"4221 Darrell Cape Blackwellborough, MD 81819",Kidney Disease
2568,Kelsey,Jones,2004-09-19,Female,7475196731,"2893 Henderson Estates South Ashleyborough, WY 64031",COPD
2569,John,Bennett,1949-12-04,Male,4732084238,"85000 Cole Plains Steelehaven, HI 56304",Kidney Disease
2570,Jamie,Shelton,1971-05-06,Male,6066775177,"4611 Parrish Forks Suite 323 New Toddborough, RI 19240",Asthma
2571,Julian,Hunter,2007-08-20,Female,9816799426,"981 Lucas Road East Gina, AL 61272",COPD
2572,Stephanie,Christian,1983-07-22,Female,6625699007,"11814 Joshua Walks Apt. 021 East Keith, CO 11407",Diabetes
2573,Mary,Moon,1949-09-09,Female,2678366094,"1311 Smith Run North Charles, PA 86034",Diabetes
2574,Charles,Martinez,1935-12-09,Female,3000455397,"7322 Paul Cliff Apt. 398 Andersonport, IL 16197",Hypertension
2575,Darryl,Steele,1941-02-11,Female,7886737287,"8612 Brittany Branch Suite 138 West Samuelville, OR 51241",Heart Disease
2576,Thomas,Bradley,1974-02-06,Female,5248456934,"4420 Mary Meadow Suite 846 South Alishafort, IN 01250",Kidney Disease
2577,Nicole,Grimes,1993-10-18,Female,1836031557,"694 Brittany Course South Kaylahaven, UT 51252",COPD
2578,Andrew,Roman,2005-10-26,Female,5018910642,Unit 0738 Box 9511 DPO AA 07766,Asthma
2579,Alyssa,Mcconnell,1994-06-17,Female,8695090075,"77882 Christopher Extensions Apt. 567 Katherineberg, OH 44447",Kidney Disease
2580,Olivia,Fitzpatrick,1949-06-08,Male,2155182281,"943 Garcia Green Apt. 401 East Amandamouth, CT 27318",COPD
2581,Becky,Moss,1963-05-26,Male,2698789813,USS Bruce FPO AP 47710,None
2582,Jared,Reynolds,1960-07-31,Female,8705874289,"13420 Corey Hollow Clarkshire, OR 51602",Heart Disease
2583,Cassandra,Robinson,1974-06-21,Female,1459433739,"6305 Evans Spring Suite 873 Adamport, NY 82788",Asthma
2584,Wendy,Collins,1949-02-28,Male,5848171259,"188 Christopher Club Peterberg, IA 46841",None
2585,Craig,Brooks,1949-03-24,Female,2552290569,"3615 Duncan Square Apt. 159 Lake Charleschester, NJ 60974",Diabetes
2586,Jennifer,Thomas,1946-05-11,Female,1644125068,"11971 Timothy Coves Suite 518 West Ebony, VA 98559",Asthma
2587,Denise,Porter,1968-06-04,Female,9699650664,"6399 Victor Cape Apt. 384 Sharonville, AS 32714",COPD
2588,Darrell,Smith,1974-10-10,Male,7025528184,"630 Audrey Haven New David, ND 49268",Diabetes
2589,Bridget,Brown,2005-08-12,Female,5758410740,"56973 Smith Mountains Apt. 463 Kaylamouth, NC 70896",Hypertension
2590,Anita,Peters,1973-07-16,Male,8507599905,"6163 Anderson Throughway South Tyler, NV 66641",COPD
2591,Robert,Bailey,1947-03-26,Male,6335190476,"0998 Samuel Lake Suite 358 Changview, OR 71737",Asthma
2592,Todd,Turner,1967-09-17,Female,8167129875,"3007 Brian Trail North Jessica, MD 28026",Hypertension
2593,Jennifer,Freeman,1957-11-23,Female,0571120348,"963 Jennifer Track Port Robertshire, CT 23025",None
2594,Jacqueline,Chandler,1992-03-12,Female,5311507496,"71191 Cassidy Plains Dorisstad, TN 29480",Hypertension
2595,Laura,Greer,1976-11-04,Female,4727836173,"9765 David Summit Suite 376 Samanthamouth, HI 92715",None
2596,Jason,Garrett,2002-02-06,Female,0368549989,"14326 Shawn Route Apt. 885 Chelseaborough, TX 72001",Diabetes
2597,Robert,Rowe,1939-06-25,Male,7128333431,"28179 Fuentes Lights Suite 663 North Anthonystad, NM 04477",Kidney Disease
2598,Dorothy,Alvarez,1947-08-27,Female,0195518563,"920 Ellis Orchard Suite 838 New Perry, MO 91699",Asthma
2599,Taylor,Rodriguez,1970-09-07,Male,7182013632,USNS Schmidt FPO AA 00954,Hypertension
2600,Christina,Jones,1995-10-17,Male,7063527992,"433 Evan Plain Apt. 753 Richardfurt, OR 69727",COPD
2601,Deborah,Cummings,1963-02-02,Male,5072409325,"58917 Shaw Center Suite 584 Lake Leroy, OR 65407",Diabetes
2602,Michael,Gonzalez,1947-08-24,Male,5855030719,"948 Christopher Springs Suite 110 Port Susanview, PA 02072",Kidney Disease
2603,Wanda,Stewart,2007-11-30,Male,7613166004,"1768 Henry Rue Apt. 276 Vasquezland, GA 91083",None
2604,Nancy,Rush,1941-08-02,Male,5493069904,"1095 Lee Views Byrdview, IN 19546",Hypertension
2605,Jennifer,Estrada,2007-01-12,Male,0915198434,"227 Mitchell Lights Caitlinfort, ND 59631",Asthma
2606,Jeffrey,Williams,1937-03-29,Female,6020787191,USCGC Murray FPO AE 67427,Asthma
2607,Elizabeth,Robbins,1951-07-09,Male,2278712549,Unit 6977 Box 0121 DPO AP 65735,COPD
2608,Stephen,Booth,2005-01-10,Female,9212080994,"6233 Miles Rapid Suite 284 Bryantport, VI 39222",Kidney Disease
2609,Jacob,Ortega,1944-07-02,Male,6284358673,"306 Raymond Hills Suite 512 Jamiefurt, LA 31279",Heart Disease
2610,Lawrence,Moore,1999-04-16,Female,9229861574,"961 Henry Isle Apt. 131 Sharonstad, VT 67461",COPD
2611,Cynthia,Klein,1991-07-08,Female,8983765094,"61382 Olsen Passage Suite 094 Carolineton, OK 57846",None
2612,Paul,Lloyd,2001-04-25,Female,3980882519,"38638 Danielle Roads Nelsonberg, MN 74591",Kidney Disease
2613,Kimberly,Willis,1963-10-08,Female,0845823384,"6188 John Pines Michaelshire, TX 15505",Kidney Disease
2614,Jaime,James,1960-12-06,Female,6285169112,"24217 Jones Oval Lake Tom, MN 36032",Kidney Disease
2615,Monica,Bowers,1972-06-10,Male,4357169143,USS Phillips FPO AA 67007,Asthma
2616,Gregory,Combs,1962-04-14,Male,4468565966,USNV Dawson FPO AP 50033,Diabetes
2617,Mary,Horn,1978-08-14,Female,8172419244,"1197 Emily Valley Apt. 854 Lawrencemouth, TX 32722",Diabetes
2618,Mary,Buckley,1957-05-17,Male,8274208742,"738 Angela Fields South Henry, MP 86859",Heart Disease
2619,Anthony,Bennett,1954-03-15,Female,2445784561,"063 Campbell Fork Suite 185 North Paulhaven, TN 08039",Kidney Disease
2620,Carlos,Young,1988-08-06,Female,2657952378,"2883 Arellano Alley Wardfort, LA 70682",Heart Disease
2621,John,Reilly,1969-05-02,Female,5396333142,"50834 Michael Squares West Ericborough, CT 56915",Kidney Disease
2622,Sarah,Patrick,1971-12-20,Male,2586378652,"814 Jon Mill New Alanview, KS 40365",Hypertension
2623,Timothy,Davis,1989-12-09,Female,5349775454,USNV Smith FPO AE 56846,Asthma
2624,Andrew,Villegas,1938-06-12,Female,8050226026,Unit 8205 Box 4885 DPO AE 23738,COPD
2625,Dana,Jackson,2005-11-07,Male,8113285182,"9616 Gomez Ville Lake Michellefurt, HI 57528",Diabetes
2626,Jack,Gutierrez,1956-06-08,Female,5746414055,"63395 Vickie Point North Ginaport, GA 44168",COPD
2627,Mikayla,Roberts,1952-12-15,Male,9972730440,"0154 Kelly Drive Apt. 191 New Cynthia, TN 83015",Hypertension
2628,Jessica,Wilkins,1985-08-09,Male,7361548826,"382 Sarah Well North Joyton, RI 63490",Hypertension
2629,Jeffrey,Howell,2000-06-23,Female,4464754646,"010 Conley Lodge Suite 408 Russellside, MI 04596",Kidney Disease
2630,Kristina,Floyd,2007-09-16,Female,4372144646,"95509 Aaron Terrace West Heather, AL 35666",Diabetes
2631,Patrick,Powell,1956-10-31,Male,4741279592,"0000 David Overpass Lake Lindsey, SC 27576",Asthma
2632,Lori,Murillo,1985-04-06,Female,2454293781,"728 Sarah Neck North Catherine, AK 19599",None
2633,Samantha,Foster,1960-07-02,Male,0130367239,"5255 Mason Valleys North Brian, FM 95952",Hypertension
2634,Michael,Abbott,1937-10-06,Female,4278779668,"9288 Allen Groves Suite 841 Morseside, OK 14173",Heart Disease
2635,Beth,Powell,1972-03-19,Female,6272028602,"20737 Morgan Ferry Michelemouth, FM 54097",Asthma
2636,Alexandra,Garcia,1974-05-23,Female,8549039801,"808 Robinson Way Suite 192 Shelleyfort, ND 35879",Kidney Disease
2637,Daniel,Martinez,1995-12-04,Female,1260999906,"04085 Amanda Avenue Port Kara, MN 62204",Asthma
2638,Daniel,Walker,1948-03-29,Female,6830206214,"49999 Boyd Place Apt. 835 Thompsonview, NE 02481",Heart Disease
2639,Kevin,Daniels,1980-11-17,Male,3173810993,"67467 Adrian Road Apt. 385 Brittanyville, AK 07010",None
2640,James,Walker,1988-10-12,Male,2851406021,"928 Smith Track Susanmouth, GA 97221",COPD
2641,Terrence,Li,1987-04-04,Male,2101248660,"704 Pham Springs Jimmymouth, OH 96081",None
2642,Brandi,Miller,1949-02-28,Female,8364570861,"8924 Bartlett Manor Lake Carolynbury, PW 21420",None
2643,David,Young,1943-04-04,Male,9526333650,"780 Thompson Cove Fosterfort, WA 48913",Asthma
2644,Brendan,Jones,1978-06-23,Male,0742877100,"5416 Laura Crescent South Alexander, TX 77350",Diabetes
2645,Eric,Perry,1999-01-08,Female,5448523656,"302 Jacqueline Club Apt. 798 Port Dawn, WY 47673",Hypertension
2646,Justin,Nunez,1947-05-31,Female,7038988703,"635 Lynn Valley Suite 677 Johnsonview, GU 97879",None
2647,Marissa,Murphy,1949-12-28,Male,1155829719,"0955 Jeremy Fall Brownborough, GU 88402",None
2648,Theresa,Washington,1997-01-14,Female,0923645845,"9485 Brown Garden Brandonmouth, SC 54399",Diabetes
2649,Kyle,Ferguson,1958-09-23,Male,4476861884,"6042 George Points Apt. 670 Lake Carolhaven, SD 35428",None
2650,Theresa,Riley,1949-12-04,Female,7886846930,"8389 Smith Drive East Carrieland, KS 45645",COPD
2651,Vanessa,Cameron,1975-10-24,Male,4542548621,"408 Ross Square Yvettefort, MH 46934",COPD
2652,Crystal,Thompson,1953-08-04,Male,6327296595,"531 Martin Mount East Jeremyville, NC 77022",Kidney Disease
2653,Jessica,Bell,1953-07-25,Male,5032861815,"166 Steven Port Suite 560 South Kimberlystad, KY 92097",Hypertension
2654,Kimberly,Lee,1975-05-22,Female,8498345618,"375 Darren Divide Mcdonaldville, PA 63473",None
2655,Jerry,Trevino,1986-09-25,Male,0880269251,"PSC 0480, Box 8278 APO AA 89736",Heart Disease
2656,Mitchell,Gray,1956-04-01,Female,8183588155,"3491 Steven River Suite 191 North Kari, IL 96707",Kidney Disease
2657,Nicholas,Lewis,1956-09-19,Female,3930228110,"314 Hall Forge Apt. 043 Jamesstad, PR 32065",Heart Disease
2658,Brad,Rodriguez,1998-09-08,Male,3159893190,"82482 Lauren Stream Suite 687 Lake Brenda, ID 78145",Hypertension
2659,John,Levine,1974-01-16,Female,0053265217,"156 Palmer Forge Apt. 942 Andersonshire, GA 91185",Diabetes
2660,Ryan,Mueller,1950-03-12,Male,1419199939,"8020 Kristen Pass Apt. 292 Amberhaven, MO 81903",Asthma
2661,Jason,Page,1951-06-27,Female,5777379614,"52841 Benjamin Row Meganbury, IA 53378",None
2662,William,Robinson,2001-07-31,Female,0313639874,"789 Arthur Terrace Suite 591 New Kimberlyview, IN 77623",Heart Disease
2663,Dylan,Sanchez,1976-08-24,Female,8322712205,"958 Gerald Estates North Mathew, MD 44096",None
2664,Nancy,Dean,1951-04-28,Female,3818014276,"8065 David Square Lake Timothy, ND 33192",COPD
2665,Melissa,Salinas,1988-09-29,Male,9901229590,"2736 Ramirez Route East James, UT 53939",COPD
2666,Nathaniel,Leblanc,1993-05-28,Female,0094453897,"7524 Hall Trail Apt. 704 Port Carrie, SC 44655",Heart Disease
2667,Pamela,Krueger,1980-12-20,Male,6019268473,"99029 Nathaniel Locks Port Aaron, WA 40048",None
2668,Joseph,Garner,1968-12-13,Female,6758207124,"PSC 3890, Box 9421 APO AA 99470",None
2669,Terry,Allen,1961-03-27,Male,5131343161,"34718 Meza Freeway Alvarezfort, WY 66728",None
2670,Steven,Taylor,2005-07-24,Male,5601509510,"075 Johnson Crossing Solisstad, PR 65805",Asthma
2671,Meghan,Jenkins,1946-06-17,Female,6663708735,"021 Jacob Springs Apt. 416 Riceview, NC 41616",Kidney Disease
2672,Brandon,Lopez,1981-11-16,Female,3556298898,"25048 Cesar Crossroad Apt. 170 New Lesliebury, MN 74662",COPD
2673,Drew,Summers,1998-05-04,Female,0448663239,"6122 Mann Roads New Allison, AZ 13727",Heart Disease
2674,Aimee,Walker,1969-06-29,Female,6883922261,"94926 Soto Plains Apt. 118 Ashleyland, OK 39851",Diabetes
2675,Ruth,Washington,1983-01-24,Male,8415335630,"24755 Mccoy Union New Amanda, OK 04650",COPD
2676,Angela,Henry,1972-06-22,Male,6813948447,"7455 Benjamin Turnpike Floresmouth, HI 17087",Hypertension
2677,Phillip,Poole,1958-03-31,Female,9549663187,"86163 Scott Rue Suite 722 South Nathan, VI 82589",Heart Disease
2678,Michael,Coleman,1974-11-24,Male,6755956581,"8519 Sydney Corners Kirkchester, IA 36692",Asthma
2679,Donald,Robinson,1998-06-06,Male,7322846069,"359 Moore Keys North Lindamouth, MA 26480",Kidney Disease
2680,Ronald,Johnson,1970-08-09,Female,7129329433,"9719 Julie Points Yolandaport, WV 21186",Hypertension
2681,Alexander,Nguyen,1960-02-05,Male,2809034338,"16811 Hutchinson Ports Apt. 316 West Charles, GU 40523",Heart Disease
2682,Matthew,Smith,1941-12-19,Female,8834653240,Unit 1059 Box 0651 DPO AE 77182,Asthma
2683,Tracy,Gonzalez,2000-05-29,Male,3800443269,"46157 Donald Extensions Apt. 249 Timothyfort, MO 41519",Hypertension
2684,Michelle,Knox,1937-04-30,Female,0906916411,"3779 Nathaniel Gardens Suite 506 East Jacobhaven, MT 17677",Asthma
2685,Bethany,Gibson,1976-05-17,Female,0938026627,"9197 Hunter Route North Melissa, UT 64802",Asthma
2686,Kathryn,Davila,1979-05-17,Male,1476313582,"014 Toni Freeway Charlesview, MD 91910",None
2687,Jason,Mcgrath,2005-08-06,Male,9389435874,"27629 Bradley Points Apt. 666 Lake Christopherborough, AK 45159",Asthma
2688,Pamela,Nolan,1946-07-26,Male,5917820377,"0092 Miller Manor Apt. 990 East Cheyenne, CT 01835",Hypertension
2689,Tonya,Alvarez,1969-02-11,Male,8295795410,Unit 4965 Box 2395 DPO AE 84886,Diabetes
2690,Catherine,Morgan,1998-11-24,Female,6061863085,"91188 Walton Corner Suite 943 Smithborough, MP 73884",Kidney Disease
