treatment_id,admission_id,treatment_date,procedure,medication,dosage
7001,2001,2025-05-12,IV Fluid Therapy,Atorvastatin,10mg daily
7002,2001,2025-12-20,IV Fluid Therapy,Atorvastatin,50mg daily
7003,2001,2025-07-28,IV Fluid Therapy,Atorvastatin,25mg daily
7004,2001,2025-07-06,IV Fluid Therapy,Atorvastatin,50mg daily
7005,2002,2026-02-07,ECG Monitoring,Aspirin,25mg daily
7006,2003,2025-10-04,Nebulization,Salbutamol,25mg daily
7007,2003,2025-12-21,Nebulization,Salbutamol,100mg daily
7008,2003,2025-04-21,Nebulization,Salbutamol,25mg daily
7009,2003,2025-06-17,Nebulization,Salbutamol,25mg daily
7010,2004,2026-01-13,Oxygen Therapy,Amoxicillin,50mg daily
7011,2004,2025-11-02,Oxygen Therapy,Amoxicillin,25mg daily
7012,2005,2025-05-26,Oxygen Therapy,Amoxicillin,50mg daily
7013,2005,2025-12-08,Oxygen Therapy,Amoxicillin,10mg daily
7014,2006,2026-02-26,Oxygen Therapy,Amoxicillin,25mg daily
7015,2007,2025-08-17,Oxygen Therapy,Amoxicillin,10mg daily
7016,2008,2025-09-29,Oxygen Therapy,Amoxicillin,10mg daily
7017,2008,2025-04-17,Oxygen Therapy,Amoxicillin,50mg daily
7018,2008,2025-12-16,Oxygen Therapy,Amoxicillin,25mg daily
7019,2009,2025-06-18,Nebulization,Salbutamol,50mg daily
7020,2009,2025-09-07,Nebulization,Salbutamol,25mg daily
7021,2009,2025-10-08,Nebulization,Salbutamol,25mg daily
7022,2010,2025-07-16,Oxygen Therapy,Amoxicillin,100mg daily
7023,2011,2025-03-13,Oxygen Therapy,Amoxicillin,10mg daily
7024,2011,2025-11-23,Oxygen Therapy,Amoxicillin,10mg daily
7025,2011,2025-10-03,Oxygen Therapy,Amoxicillin,50mg daily
7026,2012,2026-03-02,Oxygen Therapy,Amoxicillin,50mg daily
7027,2013,2026-01-24,Oxygen Therapy,Amoxicillin,100mg daily
7028,2013,2025-07-21,Oxygen Therapy,Amoxicillin,10mg daily
7029,2014,2025-05-06,Nebulization,Salbutamol,100mg daily
7030,2014,2025-04-14,Nebulization,Salbutamol,100mg daily
7031,2015,2025-09-09,ECG Monitoring,Aspirin,10mg daily
7032,2015,2025-05-06,ECG Monitoring,Aspirin,25mg daily
7033,2015,2025-03-11,ECG Monitoring,Aspirin,50mg daily
7034,2016,2025-10-06,ECG Monitoring,Aspirin,100mg daily
7035,2016,2025-11-20,ECG Monitoring,Aspirin,50mg daily
7036,2016,2025-07-04,ECG Monitoring,Aspirin,50mg daily
7037,2016,2025-08-29,ECG Monitoring,Aspirin,10mg daily
7038,2017,2025-03-12,Oxygen Therapy,Amoxicillin,10mg daily
7039,2018,2025-10-19,Oxygen Therapy,Amoxicillin,100mg daily
7040,2018,2026-02-20,Oxygen Therapy,Amoxicillin,25mg daily
7041,2018,2025-10-23,Oxygen Therapy,Amoxicillin,100mg daily
7042,2019,2025-08-10,Oxygen Therapy,Amoxicillin,50mg daily
7043,2019,2025-05-19,Oxygen Therapy,Amoxicillin,25mg daily
7044,2020,2025-10-20,ECG Monitoring,Aspirin,50mg daily
7045,2020,2026-01-08,ECG Monitoring,Aspirin,25mg daily
7046,2020,2026-01-25,ECG Monitoring,Aspirin,25mg daily
7047,2021,2025-08-14,ECG Monitoring,Aspirin,100mg daily
7048,2021,2025-05-19,ECG Monitoring,Aspirin,10mg daily
7049,2021,2025-05-20,ECG Monitoring,Aspirin,10mg daily
7050,2021,2025-11-18,ECG Monitoring,Aspirin,25mg daily
7051,2022,2025-04-30,Blood Pressure Monitoring,Metoprolol,50mg daily
7052,2023,2025-04-06,ECG Monitoring,Aspirin,25mg daily
7053,2023,2025-06-11,ECG Monitoring,Aspirin,25mg daily
7054,2023,2026-02-17,ECG Monitoring,Aspirin,10mg daily
7055,2023,2025-10-06,ECG Monitoring,Aspirin,50mg daily
7056,2024,2025-12-31,Oxygen Therapy,Amoxicillin,100mg daily
7057,2024,2025-11-15,Oxygen Therapy,Amoxicillin,50mg daily
7058,2025,2025-12-13,Oxygen Therapy,Amoxicillin,10mg daily
7059,2025,2025-10-01,Oxygen Therapy,Amoxicillin,10mg daily
7060,2025,2025-09-20,Oxygen Therapy,Amoxicillin,10mg daily
7061,2026,2025-03-18,IV Fluid Therapy,Atorvastatin,50mg daily
7062,2027,2026-01-12,ECG Monitoring,Aspirin,25mg daily
7063,2027,2025-12-09,ECG Monitoring,Aspirin,10mg daily
7064,2027,2025-09-08,ECG Monitoring,Aspirin,50mg daily
7065,2027,2025-06-26,ECG Monitoring,Aspirin,10mg daily
7066,2028,2026-02-03,Blood Pressure Monitoring,Metoprolol,100mg daily
7067,2028,2025-08-03,Blood Pressure Monitoring,Metoprolol,10mg daily
7068,2028,2026-03-06,Blood Pressure Monitoring,Metoprolol,100mg daily
7069,2028,2025-04-05,Blood Pressure Monitoring,Metoprolol,25mg daily
7070,2029,2025-04-11,Blood Pressure Monitoring,Metoprolol,50mg daily
7071,2030,2026-01-06,Oxygen Therapy,Amoxicillin,50mg daily
7072,2030,2025-12-29,Oxygen Therapy,Amoxicillin,50mg daily
7073,2030,2026-02-19,Oxygen Therapy,Amoxicillin,100mg daily
7074,2031,2025-05-30,IV Fluid Therapy,Atorvastatin,100mg daily
7075,2032,2026-02-09,Oxygen Therapy,Amoxicillin,100mg daily
7076,2032,2025-11-05,Oxygen Therapy,Amoxicillin,50mg daily
7077,2033,2026-02-05,ECG Monitoring,Aspirin,10mg daily
7078,2033,2026-01-09,ECG Monitoring,Aspirin,25mg daily
7079,2034,2025-03-11,ECG Monitoring,Aspirin,100mg daily
7080,2034,2025-07-12,ECG Monitoring,Aspirin,25mg daily
7081,2034,2025-04-25,ECG Monitoring,Aspirin,25mg daily
7082,2034,2026-01-13,ECG Monitoring,Aspirin,100mg daily
7083,2035,2025-09-26,ECG Monitoring,Aspirin,25mg daily
7084,2035,2025-10-13,ECG Monitoring,Aspirin,10mg daily
7085,2035,2025-12-26,ECG Monitoring,Aspirin,25mg daily
7086,2036,2025-04-09,Nebulization,Salbutamol,50mg daily
7087,2037,2026-02-04,Nebulization,Salbutamol,100mg daily
7088,2037,2026-01-21,Nebulization,Salbutamol,100mg daily
7089,2037,2025-08-21,Nebulization,Salbutamol,50mg daily
7090,2038,2025-09-13,Oxygen Therapy,Amoxicillin,50mg daily
7091,2038,2025-09-05,Oxygen Therapy,Amoxicillin,50mg daily
7092,2038,2025-04-28,Oxygen Therapy,Amoxicillin,10mg daily
7093,2039,2025-04-12,ECG Monitoring,Aspirin,100mg daily
7094,2039,2025-12-14,ECG Monitoring,Aspirin,50mg daily
7095,2040,2026-03-11,ECG Monitoring,Aspirin,50mg daily
7096,2040,2025-07-26,ECG Monitoring,Aspirin,100mg daily
7097,2041,2025-04-21,ECG Monitoring,Aspirin,25mg daily
7098,2041,2026-01-07,ECG Monitoring,Aspirin,25mg daily
7099,2041,2026-02-27,ECG Monitoring,Aspirin,100mg daily
7100,2042,2025-03-20,Oxygen Therapy,Amoxicillin,25mg daily
7101,2042,2025-10-01,Oxygen Therapy,Amoxicillin,25mg daily
7102,2043,2025-05-14,ECG Monitoring,Aspirin,50mg daily
7103,2043,2025-09-09,ECG Monitoring,Aspirin,25mg daily
7104,2044,2025-09-28,Oxygen Therapy,Amoxicillin,50mg daily
7105,2044,2025-05-04,Oxygen Therapy,Amoxicillin,50mg daily
7106,2044,2026-02-11,Oxygen Therapy,Amoxicillin,10mg daily
7107,2045,2025-05-13,IV Fluid Therapy,Atorvastatin,25mg daily
7108,2045,2025-06-12,IV Fluid Therapy,Atorvastatin,50mg daily
7109,2045,2025-04-03,IV Fluid Therapy,Atorvastatin,25mg daily
7110,2046,2025-07-28,IV Fluid Therapy,Atorvastatin,50mg daily
7111,2046,2025-03-26,IV Fluid Therapy,Atorvastatin,10mg daily
7112,2046,2025-04-27,IV Fluid Therapy,Atorvastatin,10mg daily
7113,2046,2026-03-02,IV Fluid Therapy,Atorvastatin,25mg daily
7114,2047,2025-08-02,ECG Monitoring,Aspirin,50mg daily
7115,2047,2025-05-19,ECG Monitoring,Aspirin,100mg daily
7116,2048,2026-01-12,Oxygen Therapy,Amoxicillin,100mg daily
7117,2048,2025-04-12,Oxygen Therapy,Amoxicillin,50mg daily
7118,2049,2025-12-16,Oxygen Therapy,Amoxicillin,100mg daily
7119,2049,2025-05-04,Oxygen Therapy,Amoxicillin,25mg daily
7120,2049,2026-01-15,Oxygen Therapy,Amoxicillin,100mg daily
7121,2050,2025-11-22,Oxygen Therapy,Amoxicillin,100mg daily
7122,2050,2025-06-26,Oxygen Therapy,Amoxicillin,50mg daily
7123,2051,2025-05-17,Blood Pressure Monitoring,Metoprolol,100mg daily
7124,2051,2025-04-14,Blood Pressure Monitoring,Metoprolol,10mg daily
7125,2051,2025-08-24,Blood Pressure Monitoring,Metoprolol,10mg daily
7126,2052,2025-09-04,Blood Pressure Monitoring,Metoprolol,10mg daily
7127,2053,2025-05-15,Blood Pressure Monitoring,Metoprolol,10mg daily
7128,2054,2025-03-22,Oxygen Therapy,Amoxicillin,25mg daily
7129,2054,2025-10-04,Oxygen Therapy,Amoxicillin,10mg daily
7130,2055,2025-07-01,Oxygen Therapy,Amoxicillin,10mg daily
7131,2055,2025-10-02,Oxygen Therapy,Amoxicillin,50mg daily
7132,2056,2025-07-13,Oxygen Therapy,Amoxicillin,25mg daily
7133,2056,2025-10-06,Oxygen Therapy,Amoxicillin,25mg daily
7134,2057,2025-12-07,Blood Pressure Monitoring,Metoprolol,100mg daily
7135,2057,2025-12-25,Blood Pressure Monitoring,Metoprolol,100mg daily
7136,2057,2025-07-19,Blood Pressure Monitoring,Metoprolol,50mg daily
7137,2058,2025-06-14,Blood Pressure Monitoring,Metoprolol,100mg daily
7138,2058,2025-06-30,Blood Pressure Monitoring,Metoprolol,50mg daily
7139,2059,2025-06-26,Blood Pressure Monitoring,Metoprolol,100mg daily
7140,2060,2025-04-21,Oxygen Therapy,Amoxicillin,100mg daily
7141,2061,2025-07-17,Oxygen Therapy,Amoxicillin,50mg daily
7142,2061,2025-09-27,Oxygen Therapy,Amoxicillin,25mg daily
7143,2061,2026-02-08,Oxygen Therapy,Amoxicillin,25mg daily
7144,2062,2025-05-23,ECG Monitoring,Aspirin,25mg daily
7145,2063,2025-04-08,ECG Monitoring,Aspirin,25mg daily
7146,2063,2025-10-10,ECG Monitoring,Aspirin,100mg daily
7147,2063,2025-09-26,ECG Monitoring,Aspirin,100mg daily
7148,2063,2025-05-30,ECG Monitoring,Aspirin,10mg daily
7149,2064,2025-05-13,ECG Monitoring,Aspirin,100mg daily
7150,2065,2025-09-12,Blood Pressure Monitoring,Metoprolol,10mg daily
7151,2065,2026-01-07,Blood Pressure Monitoring,Metoprolol,25mg daily
7152,2065,2025-10-18,Blood Pressure Monitoring,Metoprolol,100mg daily
7153,2065,2026-02-19,Blood Pressure Monitoring,Metoprolol,10mg daily
7154,2066,2025-11-11,Blood Pressure Monitoring,Metoprolol,50mg daily
7155,2066,2026-01-24,Blood Pressure Monitoring,Metoprolol,50mg daily
7156,2067,2025-09-23,Blood Pressure Monitoring,Metoprolol,50mg daily
7157,2067,2025-07-07,Blood Pressure Monitoring,Metoprolol,25mg daily
7158,2067,2026-01-30,Blood Pressure Monitoring,Metoprolol,100mg daily
7159,2068,2025-08-10,Nebulization,Salbutamol,25mg daily
7160,2068,2025-05-21,Nebulization,Salbutamol,10mg daily
7161,2069,2025-09-01,Oxygen Therapy,Amoxicillin,100mg daily
7162,2069,2025-03-29,Oxygen Therapy,Amoxicillin,10mg daily
7163,2069,2025-11-17,Oxygen Therapy,Amoxicillin,100mg daily
7164,2070,2025-09-27,IV Fluid Therapy,Atorvastatin,50mg daily
7165,2070,2025-04-05,IV Fluid Therapy,Atorvastatin,25mg daily
7166,2070,2025-08-03,IV Fluid Therapy,Atorvastatin,10mg daily
7167,2070,2025-10-18,IV Fluid Therapy,Atorvastatin,50mg daily
7168,2071,2025-04-24,Blood Pressure Monitoring,Metoprolol,25mg daily
7169,2071,2025-03-24,Blood Pressure Monitoring,Metoprolol,50mg daily
7170,2071,2026-02-07,Blood Pressure Monitoring,Metoprolol,25mg daily
7171,2072,2025-08-25,Blood Pressure Monitoring,Metoprolol,25mg daily
7172,2072,2025-07-13,Blood Pressure Monitoring,Metoprolol,100mg daily
7173,2072,2025-09-07,Blood Pressure Monitoring,Metoprolol,100mg daily
7174,2073,2025-12-27,ECG Monitoring,Aspirin,10mg daily
7175,2073,2025-06-18,ECG Monitoring,Aspirin,50mg daily
7176,2073,2025-04-21,ECG Monitoring,Aspirin,50mg daily
7177,2074,2025-03-28,ECG Monitoring,Aspirin,10mg daily
7178,2074,2025-04-10,ECG Monitoring,Aspirin,25mg daily
7179,2075,2025-09-08,IV Fluid Therapy,Atorvastatin,10mg daily
7180,2075,2025-11-02,IV Fluid Therapy,Atorvastatin,25mg daily
7181,2075,2025-11-15,IV Fluid Therapy,Atorvastatin,10mg daily
7182,2076,2025-09-15,ECG Monitoring,Aspirin,10mg daily
7183,2076,2025-10-07,ECG Monitoring,Aspirin,25mg daily
7184,2076,2025-03-23,ECG Monitoring,Aspirin,10mg daily
7185,2077,2025-07-28,Blood Pressure Monitoring,Metoprolol,10mg daily
7186,2077,2025-12-31,Blood Pressure Monitoring,Metoprolol,25mg daily
7187,2077,2025-05-20,Blood Pressure Monitoring,Metoprolol,25mg daily
7188,2077,2025-11-05,Blood Pressure Monitoring,Metoprolol,10mg daily
7189,2078,2025-07-09,Blood Pressure Monitoring,Metoprolol,50mg daily
7190,2078,2025-09-27,Blood Pressure Monitoring,Metoprolol,50mg daily
7191,2078,2025-06-17,Blood Pressure Monitoring,Metoprolol,50mg daily
7192,2078,2025-08-03,Blood Pressure Monitoring,Metoprolol,50mg daily
7193,2079,2025-04-12,Blood Pressure Monitoring,Metoprolol,100mg daily
7194,2079,2025-09-26,Blood Pressure Monitoring,Metoprolol,50mg daily
7195,2079,2025-04-14,Blood Pressure Monitoring,Metoprolol,10mg daily
7196,2080,2025-05-17,Blood Pressure Monitoring,Metoprolol,25mg daily
7197,2081,2025-11-18,Blood Pressure Monitoring,Metoprolol,100mg daily
7198,2081,2025-10-28,Blood Pressure Monitoring,Metoprolol,10mg daily
7199,2081,2025-12-28,Blood Pressure Monitoring,Metoprolol,50mg daily
7200,2081,2025-08-27,Blood Pressure Monitoring,Metoprolol,50mg daily
7201,2082,2025-06-07,Oxygen Therapy,Amoxicillin,50mg daily
7202,2082,2025-03-11,Oxygen Therapy,Amoxicillin,10mg daily
7203,2083,2025-10-30,Oxygen Therapy,Amoxicillin,10mg daily
7204,2084,2025-09-30,Blood Pressure Monitoring,Metoprolol,25mg daily
7205,2085,2025-07-19,Oxygen Therapy,Amoxicillin,50mg daily
7206,2085,2025-12-15,Oxygen Therapy,Amoxicillin,100mg daily
7207,2085,2025-04-27,Oxygen Therapy,Amoxicillin,100mg daily
7208,2085,2025-10-03,Oxygen Therapy,Amoxicillin,10mg daily
7209,2086,2026-01-19,Oxygen Therapy,Amoxicillin,100mg daily
7210,2086,2025-12-18,Oxygen Therapy,Amoxicillin,100mg daily
7211,2086,2026-01-12,Oxygen Therapy,Amoxicillin,100mg daily
7212,2086,2025-03-12,Oxygen Therapy,Amoxicillin,100mg daily
7213,2087,2025-07-09,Oxygen Therapy,Amoxicillin,10mg daily
7214,2087,2026-02-15,Oxygen Therapy,Amoxicillin,10mg daily
7215,2088,2026-01-07,ECG Monitoring,Aspirin,100mg daily
7216,2088,2025-10-28,ECG Monitoring,Aspirin,10mg daily
7217,2088,2025-04-26,ECG Monitoring,Aspirin,10mg daily
7218,2088,2025-06-07,ECG Monitoring,Aspirin,100mg daily
7219,2089,2026-02-18,ECG Monitoring,Aspirin,100mg daily
7220,2089,2025-10-10,ECG Monitoring,Aspirin,10mg daily
7221,2090,2025-05-16,Oxygen Therapy,Amoxicillin,25mg daily
7222,2090,2026-01-05,Oxygen Therapy,Amoxicillin,50mg daily
7223,2090,2025-05-31,Oxygen Therapy,Amoxicillin,10mg daily
7224,2090,2026-02-23,Oxygen Therapy,Amoxicillin,50mg daily
7225,2091,2025-12-08,Oxygen Therapy,Amoxicillin,50mg daily
7226,2091,2025-09-22,Oxygen Therapy,Amoxicillin,100mg daily
7227,2092,2025-08-10,Oxygen Therapy,Amoxicillin,10mg daily
7228,2092,2026-01-08,Oxygen Therapy,Amoxicillin,25mg daily
7229,2092,2025-12-22,Oxygen Therapy,Amoxicillin,25mg daily
7230,2092,2025-10-23,Oxygen Therapy,Amoxicillin,50mg daily
7231,2093,2025-07-20,Blood Pressure Monitoring,Metoprolol,10mg daily
7232,2093,2025-07-13,Blood Pressure Monitoring,Metoprolol,50mg daily
7233,2093,2025-10-18,Blood Pressure Monitoring,Metoprolol,100mg daily
7234,2094,2025-09-14,Blood Pressure Monitoring,Metoprolol,10mg daily
7235,2095,2025-09-23,ECG Monitoring,Aspirin,25mg daily
7236,2095,2025-09-25,ECG Monitoring,Aspirin,50mg daily
7237,2095,2025-05-14,ECG Monitoring,Aspirin,10mg daily
7238,2095,2025-07-04,ECG Monitoring,Aspirin,100mg daily
7239,2096,2025-11-30,Nebulization,Salbutamol,25mg daily
7240,2096,2025-07-02,Nebulization,Salbutamol,25mg daily
7241,2097,2025-09-10,ECG Monitoring,Aspirin,50mg daily
7242,2097,2025-11-04,ECG Monitoring,Aspirin,25mg daily
7243,2098,2025-04-16,ECG Monitoring,Aspirin,10mg daily
7244,2098,2025-11-20,ECG Monitoring,Aspirin,25mg daily
7245,2098,2025-04-23,ECG Monitoring,Aspirin,25mg daily
7246,2099,2025-08-01,IV Fluid Therapy,Atorvastatin,50mg daily
7247,2100,2025-06-05,IV Fluid Therapy,Atorvastatin,50mg daily
7248,2100,2025-07-03,IV Fluid Therapy,Atorvastatin,25mg daily
7249,2100,2025-09-19,IV Fluid Therapy,Atorvastatin,50mg daily
7250,2101,2026-02-21,ECG Monitoring,Aspirin,50mg daily
7251,2101,2025-08-12,ECG Monitoring,Aspirin,50mg daily
7252,2101,2025-03-29,ECG Monitoring,Aspirin,10mg daily
7253,2101,2025-09-21,ECG Monitoring,Aspirin,100mg daily
7254,2102,2025-06-24,ECG Monitoring,Aspirin,50mg daily
7255,2102,2025-12-06,ECG Monitoring,Aspirin,25mg daily
7256,2103,2025-06-18,Oxygen Therapy,Amoxicillin,10mg daily
7257,2103,2025-10-02,Oxygen Therapy,Amoxicillin,50mg daily
7258,2104,2025-09-19,Oxygen Therapy,Amoxicillin,50mg daily
7259,2105,2025-12-26,Blood Pressure Monitoring,Metoprolol,25mg daily
7260,2105,2025-09-27,Blood Pressure Monitoring,Metoprolol,100mg daily
7261,2105,2025-08-24,Blood Pressure Monitoring,Metoprolol,10mg daily
7262,2105,2025-09-18,Blood Pressure Monitoring,Metoprolol,50mg daily
7263,2106,2025-12-05,Oxygen Therapy,Amoxicillin,50mg daily
7264,2107,2025-08-22,Oxygen Therapy,Amoxicillin,50mg daily
7265,2107,2025-07-11,Oxygen Therapy,Amoxicillin,50mg daily
7266,2107,2025-04-16,Oxygen Therapy,Amoxicillin,100mg daily
7267,2107,2025-07-31,Oxygen Therapy,Amoxicillin,10mg daily
7268,2108,2025-04-11,ECG Monitoring,Aspirin,10mg daily
7269,2109,2025-05-29,Blood Pressure Monitoring,Metoprolol,100mg daily
7270,2109,2025-06-10,Blood Pressure Monitoring,Metoprolol,100mg daily
7271,2109,2025-04-27,Blood Pressure Monitoring,Metoprolol,25mg daily
7272,2109,2025-12-30,Blood Pressure Monitoring,Metoprolol,100mg daily
7273,2110,2025-03-17,ECG Monitoring,Aspirin,10mg daily
7274,2111,2025-08-18,Oxygen Therapy,Amoxicillin,100mg daily
7275,2112,2025-09-22,Oxygen Therapy,Amoxicillin,50mg daily
7276,2112,2025-07-05,Oxygen Therapy,Amoxicillin,10mg daily
7277,2112,2025-06-11,Oxygen Therapy,Amoxicillin,25mg daily
7278,2113,2025-07-02,Nebulization,Salbutamol,100mg daily
7279,2113,2025-09-28,Nebulization,Salbutamol,25mg daily
7280,2113,2025-06-08,Nebulization,Salbutamol,100mg daily
7281,2113,2025-11-18,Nebulization,Salbutamol,10mg daily
7282,2114,2025-08-06,Nebulization,Salbutamol,50mg daily
7283,2114,2025-04-08,Nebulization,Salbutamol,50mg daily
7284,2114,2025-09-12,Nebulization,Salbutamol,100mg daily
7285,2114,2025-08-03,Nebulization,Salbutamol,50mg daily
7286,2115,2025-12-21,Oxygen Therapy,Amoxicillin,100mg daily
7287,2115,2025-05-05,Oxygen Therapy,Amoxicillin,10mg daily
7288,2115,2025-11-06,Oxygen Therapy,Amoxicillin,10mg daily
7289,2115,2025-07-29,Oxygen Therapy,Amoxicillin,50mg daily
7290,2116,2026-03-03,IV Fluid Therapy,Atorvastatin,10mg daily
7291,2116,2025-08-23,IV Fluid Therapy,Atorvastatin,25mg daily
7292,2116,2025-08-02,IV Fluid Therapy,Atorvastatin,25mg daily
7293,2117,2025-07-17,IV Fluid Therapy,Atorvastatin,10mg daily
7294,2118,2026-02-25,IV Fluid Therapy,Atorvastatin,100mg daily
7295,2119,2025-03-30,Oxygen Therapy,Amoxicillin,25mg daily
7296,2119,2025-06-21,Oxygen Therapy,Amoxicillin,100mg daily
7297,2119,2025-11-26,Oxygen Therapy,Amoxicillin,10mg daily
7298,2119,2025-05-27,Oxygen Therapy,Amoxicillin,100mg daily
7299,2120,2025-12-19,ECG Monitoring,Aspirin,100mg daily
7300,2120,2025-03-16,ECG Monitoring,Aspirin,10mg daily
7301,2120,2026-01-08,ECG Monitoring,Aspirin,100mg daily
7302,2120,2025-04-06,ECG Monitoring,Aspirin,50mg daily
7303,2121,2025-04-11,ECG Monitoring,Aspirin,25mg daily
7304,2121,2026-03-10,ECG Monitoring,Aspirin,50mg daily
7305,2121,2025-07-23,ECG Monitoring,Aspirin,25mg daily
7306,2122,2025-09-17,Nebulization,Salbutamol,25mg daily
7307,2122,2025-07-22,Nebulization,Salbutamol,25mg daily
7308,2122,2025-11-20,Nebulization,Salbutamol,25mg daily
7309,2122,2026-02-07,Nebulization,Salbutamol,10mg daily
7310,2123,2025-05-17,Nebulization,Salbutamol,25mg daily
7311,2123,2025-03-13,Nebulization,Salbutamol,25mg daily
7312,2123,2025-03-24,Nebulization,Salbutamol,50mg daily
7313,2124,2025-05-27,Nebulization,Salbutamol,10mg daily
7314,2125,2025-11-27,Oxygen Therapy,Amoxicillin,25mg daily
7315,2125,2025-07-06,Oxygen Therapy,Amoxicillin,10mg daily
7316,2125,2025-06-03,Oxygen Therapy,Amoxicillin,100mg daily
7317,2125,2025-05-24,Oxygen Therapy,Amoxicillin,50mg daily
7318,2126,2025-07-14,Oxygen Therapy,Amoxicillin,50mg daily
7319,2126,2025-11-11,Oxygen Therapy,Amoxicillin,50mg daily
7320,2127,2025-06-12,Oxygen Therapy,Amoxicillin,10mg daily
7321,2128,2025-04-25,Oxygen Therapy,Amoxicillin,25mg daily
7322,2128,2025-09-17,Oxygen Therapy,Amoxicillin,100mg daily
7323,2128,2026-02-28,Oxygen Therapy,Amoxicillin,100mg daily
7324,2128,2025-05-17,Oxygen Therapy,Amoxicillin,100mg daily
7325,2129,2026-02-01,Blood Pressure Monitoring,Metoprolol,10mg daily
7326,2129,2025-03-29,Blood Pressure Monitoring,Metoprolol,50mg daily
7327,2130,2025-07-15,Blood Pressure Monitoring,Metoprolol,50mg daily
7328,2131,2026-02-09,Oxygen Therapy,Amoxicillin,25mg daily
7329,2131,2025-08-07,Oxygen Therapy,Amoxicillin,25mg daily
7330,2132,2025-12-13,ECG Monitoring,Aspirin,100mg daily
7331,2132,2025-07-11,ECG Monitoring,Aspirin,10mg daily
7332,2132,2025-10-09,ECG Monitoring,Aspirin,10mg daily
7333,2133,2025-07-22,ECG Monitoring,Aspirin,25mg daily
7334,2133,2025-07-11,ECG Monitoring,Aspirin,10mg daily
7335,2133,2025-10-11,ECG Monitoring,Aspirin,25mg daily
7336,2133,2025-11-29,ECG Monitoring,Aspirin,100mg daily
7337,2134,2026-01-23,ECG Monitoring,Aspirin,10mg daily
7338,2135,2026-02-15,ECG Monitoring,Aspirin,100mg daily
7339,2135,2026-01-03,ECG Monitoring,Aspirin,100mg daily
7340,2135,2025-07-02,ECG Monitoring,Aspirin,10mg daily
7341,2136,2025-11-21,ECG Monitoring,Aspirin,10mg daily
7342,2136,2025-07-24,ECG Monitoring,Aspirin,50mg daily
7343,2136,2025-04-10,ECG Monitoring,Aspirin,50mg daily
7344,2137,2025-09-19,ECG Monitoring,Aspirin,10mg daily
7345,2137,2025-03-27,ECG Monitoring,Aspirin,50mg daily
7346,2137,2025-12-23,ECG Monitoring,Aspirin,50mg daily
7347,2138,2025-03-29,ECG Monitoring,Aspirin,100mg daily
7348,2139,2025-12-09,ECG Monitoring,Aspirin,10mg daily
7349,2140,2025-11-04,ECG Monitoring,Aspirin,10mg daily
7350,2141,2026-02-12,Blood Pressure Monitoring,Metoprolol,25mg daily
7351,2142,2025-09-11,ECG Monitoring,Aspirin,10mg daily
7352,2142,2025-11-15,ECG Monitoring,Aspirin,100mg daily
7353,2142,2025-03-25,ECG Monitoring,Aspirin,25mg daily
7354,2142,2025-10-06,ECG Monitoring,Aspirin,100mg daily
7355,2143,2025-08-12,IV Fluid Therapy,Atorvastatin,100mg daily
7356,2143,2025-08-07,IV Fluid Therapy,Atorvastatin,50mg daily
7357,2143,2025-03-16,IV Fluid Therapy,Atorvastatin,50mg daily
7358,2143,2025-08-16,IV Fluid Therapy,Atorvastatin,25mg daily
7359,2144,2025-07-29,ECG Monitoring,Aspirin,25mg daily
7360,2145,2025-12-19,Oxygen Therapy,Amoxicillin,50mg daily
7361,2145,2025-12-15,Oxygen Therapy,Amoxicillin,25mg daily
7362,2145,2025-05-13,Oxygen Therapy,Amoxicillin,25mg daily
7363,2145,2025-05-13,Oxygen Therapy,Amoxicillin,25mg daily
7364,2146,2026-02-25,Oxygen Therapy,Amoxicillin,10mg daily
7365,2146,2025-06-18,Oxygen Therapy,Amoxicillin,10mg daily
7366,2147,2025-04-16,Oxygen Therapy,Amoxicillin,25mg daily
7367,2148,2025-03-14,ECG Monitoring,Aspirin,100mg daily
7368,2148,2025-10-31,ECG Monitoring,Aspirin,50mg daily
7369,2148,2025-12-30,ECG Monitoring,Aspirin,25mg daily
7370,2148,2025-08-02,ECG Monitoring,Aspirin,10mg daily
7371,2149,2025-07-09,Blood Pressure Monitoring,Metoprolol,50mg daily
7372,2150,2025-07-19,Blood Pressure Monitoring,Metoprolol,25mg daily
7373,2151,2025-06-15,Blood Pressure Monitoring,Metoprolol,25mg daily
7374,2151,2026-02-02,Blood Pressure Monitoring,Metoprolol,100mg daily
7375,2151,2025-03-16,Blood Pressure Monitoring,Metoprolol,100mg daily
7376,2151,2026-03-11,Blood Pressure Monitoring,Metoprolol,25mg daily
7377,2152,2025-08-12,Nebulization,Salbutamol,25mg daily
7378,2153,2025-06-12,Oxygen Therapy,Amoxicillin,100mg daily
7379,2153,2025-09-09,Oxygen Therapy,Amoxicillin,50mg daily
7380,2153,2025-07-08,Oxygen Therapy,Amoxicillin,10mg daily
7381,2153,2025-10-24,Oxygen Therapy,Amoxicillin,25mg daily
7382,2154,2025-07-31,ECG Monitoring,Aspirin,100mg daily
7383,2155,2026-02-17,ECG Monitoring,Aspirin,10mg daily
7384,2155,2025-11-18,ECG Monitoring,Aspirin,100mg daily
7385,2155,2025-11-01,ECG Monitoring,Aspirin,100mg daily
7386,2155,2025-12-24,ECG Monitoring,Aspirin,10mg daily
7387,2156,2025-08-21,IV Fluid Therapy,Atorvastatin,10mg daily
7388,2156,2025-10-15,IV Fluid Therapy,Atorvastatin,100mg daily
7389,2156,2025-11-21,IV Fluid Therapy,Atorvastatin,50mg daily
7390,2157,2025-07-20,IV Fluid Therapy,Atorvastatin,10mg daily
7391,2157,2025-08-03,IV Fluid Therapy,Atorvastatin,50mg daily
7392,2157,2025-09-22,IV Fluid Therapy,Atorvastatin,10mg daily
7393,2157,2025-09-17,IV Fluid Therapy,Atorvastatin,10mg daily
7394,2158,2025-03-23,Oxygen Therapy,Amoxicillin,100mg daily
7395,2158,2025-07-29,Oxygen Therapy,Amoxicillin,10mg daily
7396,2159,2026-03-10,Oxygen Therapy,Amoxicillin,10mg daily
7397,2159,2025-07-28,Oxygen Therapy,Amoxicillin,10mg daily
7398,2159,2025-09-20,Oxygen Therapy,Amoxicillin,10mg daily
7399,2160,2025-03-19,Oxygen Therapy,Amoxicillin,50mg daily
7400,2160,2025-08-04,Oxygen Therapy,Amoxicillin,25mg daily
7401,2160,2025-03-23,Oxygen Therapy,Amoxicillin,100mg daily
7402,2161,2025-07-28,ECG Monitoring,Aspirin,100mg daily
7403,2161,2025-09-06,ECG Monitoring,Aspirin,10mg daily
7404,2161,2025-12-24,ECG Monitoring,Aspirin,50mg daily
7405,2162,2026-01-05,ECG Monitoring,Aspirin,10mg daily
7406,2162,2025-12-11,ECG Monitoring,Aspirin,10mg daily
7407,2162,2026-03-08,ECG Monitoring,Aspirin,50mg daily
7408,2163,2025-06-14,ECG Monitoring,Aspirin,50mg daily
7409,2163,2025-11-12,ECG Monitoring,Aspirin,100mg daily
7410,2163,2025-04-21,ECG Monitoring,Aspirin,10mg daily
7411,2163,2026-02-25,ECG Monitoring,Aspirin,100mg daily
7412,2164,2025-06-28,Blood Pressure Monitoring,Metoprolol,50mg daily
7413,2165,2026-02-06,Blood Pressure Monitoring,Metoprolol,100mg daily
7414,2165,2025-04-22,Blood Pressure Monitoring,Metoprolol,50mg daily
7415,2165,2025-07-26,Blood Pressure Monitoring,Metoprolol,10mg daily
7416,2166,2026-03-04,Blood Pressure Monitoring,Metoprolol,10mg daily
7417,2166,2025-06-20,Blood Pressure Monitoring,Metoprolol,10mg daily
7418,2166,2026-01-19,Blood Pressure Monitoring,Metoprolol,100mg daily
7419,2167,2025-09-28,Blood Pressure Monitoring,Metoprolol,10mg daily
7420,2167,2025-12-24,Blood Pressure Monitoring,Metoprolol,10mg daily
7421,2167,2025-07-07,Blood Pressure Monitoring,Metoprolol,100mg daily
7422,2168,2025-06-02,Blood Pressure Monitoring,Metoprolol,50mg daily
7423,2168,2025-07-27,Blood Pressure Monitoring,Metoprolol,50mg daily
7424,2169,2025-12-06,Blood Pressure Monitoring,Metoprolol,100mg daily
7425,2169,2025-08-26,Blood Pressure Monitoring,Metoprolol,25mg daily
7426,2170,2026-02-03,Oxygen Therapy,Amoxicillin,25mg daily
7427,2170,2025-03-26,Oxygen Therapy,Amoxicillin,10mg daily
7428,2170,2025-04-10,Oxygen Therapy,Amoxicillin,50mg daily
7429,2171,2026-02-07,Oxygen Therapy,Amoxicillin,10mg daily
7430,2171,2025-05-29,Oxygen Therapy,Amoxicillin,25mg daily
7431,2171,2025-03-30,Oxygen Therapy,Amoxicillin,50mg daily
7432,2172,2025-09-01,Oxygen Therapy,Amoxicillin,100mg daily
7433,2173,2025-06-09,IV Fluid Therapy,Atorvastatin,50mg daily
7434,2173,2026-03-08,IV Fluid Therapy,Atorvastatin,100mg daily
7435,2173,2025-12-15,IV Fluid Therapy,Atorvastatin,25mg daily
7436,2173,2026-01-19,IV Fluid Therapy,Atorvastatin,25mg daily
7437,2174,2025-04-18,Nebulization,Salbutamol,50mg daily
7438,2174,2025-04-11,Nebulization,Salbutamol,25mg daily
7439,2175,2025-10-08,ECG Monitoring,Aspirin,10mg daily
7440,2175,2026-02-07,ECG Monitoring,Aspirin,50mg daily
7441,2176,2025-08-16,Blood Pressure Monitoring,Metoprolol,50mg daily
7442,2176,2025-12-18,Blood Pressure Monitoring,Metoprolol,50mg daily
7443,2176,2025-03-23,Blood Pressure Monitoring,Metoprolol,10mg daily
7444,2176,2025-04-02,Blood Pressure Monitoring,Metoprolol,10mg daily
7445,2177,2026-02-20,Blood Pressure Monitoring,Metoprolol,10mg daily
7446,2178,2025-03-19,Oxygen Therapy,Amoxicillin,50mg daily
7447,2179,2025-07-30,ECG Monitoring,Aspirin,25mg daily
7448,2179,2026-02-23,ECG Monitoring,Aspirin,50mg daily
7449,2179,2025-06-26,ECG Monitoring,Aspirin,25mg daily
7450,2179,2025-06-29,ECG Monitoring,Aspirin,25mg daily
7451,2180,2025-12-15,IV Fluid Therapy,Atorvastatin,50mg daily
7452,2180,2025-05-30,IV Fluid Therapy,Atorvastatin,100mg daily
7453,2181,2025-03-26,IV Fluid Therapy,Atorvastatin,50mg daily
7454,2181,2025-07-02,IV Fluid Therapy,Atorvastatin,10mg daily
7455,2182,2025-10-19,Oxygen Therapy,Amoxicillin,100mg daily
7456,2183,2025-03-30,Oxygen Therapy,Amoxicillin,50mg daily
7457,2183,2025-10-06,Oxygen Therapy,Amoxicillin,25mg daily
7458,2183,2025-08-04,Oxygen Therapy,Amoxicillin,100mg daily
7459,2184,2025-04-09,Oxygen Therapy,Amoxicillin,25mg daily
7460,2184,2025-03-25,Oxygen Therapy,Amoxicillin,25mg daily
7461,2184,2025-07-07,Oxygen Therapy,Amoxicillin,50mg daily
7462,2185,2025-04-26,Oxygen Therapy,Amoxicillin,10mg daily
7463,2186,2025-05-05,Nebulization,Salbutamol,10mg daily
7464,2186,2025-04-02,Nebulization,Salbutamol,100mg daily
7465,2187,2025-07-15,Oxygen Therapy,Amoxicillin,100mg daily
7466,2187,2025-10-11,Oxygen Therapy,Amoxicillin,25mg daily
7467,2187,2025-09-03,Oxygen Therapy,Amoxicillin,25mg daily
7468,2188,2025-05-07,Oxygen Therapy,Amoxicillin,50mg daily
7469,2188,2025-07-22,Oxygen Therapy,Amoxicillin,10mg daily
7470,2188,2025-11-20,Oxygen Therapy,Amoxicillin,10mg daily
7471,2188,2025-05-19,Oxygen Therapy,Amoxicillin,50mg daily
7472,2189,2025-09-24,Oxygen Therapy,Amoxicillin,100mg daily
7473,2189,2026-03-08,Oxygen Therapy,Amoxicillin,10mg daily
7474,2189,2025-05-06,Oxygen Therapy,Amoxicillin,100mg daily
7475,2189,2025-12-02,Oxygen Therapy,Amoxicillin,10mg daily
7476,2190,2025-08-09,ECG Monitoring,Aspirin,100mg daily
7477,2191,2026-01-31,ECG Monitoring,Aspirin,25mg daily
7478,2191,2026-02-20,ECG Monitoring,Aspirin,50mg daily
7479,2191,2025-05-24,ECG Monitoring,Aspirin,10mg daily
7480,2192,2026-03-05,Oxygen Therapy,Amoxicillin,100mg daily
7481,2192,2025-04-29,Oxygen Therapy,Amoxicillin,50mg daily
7482,2193,2025-08-20,Oxygen Therapy,Amoxicillin,50mg daily
7483,2193,2025-10-06,Oxygen Therapy,Amoxicillin,50mg daily
7484,2193,2026-02-06,Oxygen Therapy,Amoxicillin,25mg daily
7485,2194,2026-02-16,Blood Pressure Monitoring,Metoprolol,100mg daily
7486,2194,2025-08-18,Blood Pressure Monitoring,Metoprolol,10mg daily
7487,2194,2025-11-30,Blood Pressure Monitoring,Metoprolol,25mg daily
7488,2194,2025-07-25,Blood Pressure Monitoring,Metoprolol,50mg daily
7489,2195,2025-08-20,Blood Pressure Monitoring,Metoprolol,10mg daily
7490,2196,2025-07-28,Blood Pressure Monitoring,Metoprolol,10mg daily
7491,2196,2025-04-20,Blood Pressure Monitoring,Metoprolol,50mg daily
7492,2197,2025-07-09,Nebulization,Salbutamol,50mg daily
7493,2197,2025-05-05,Nebulization,Salbutamol,25mg daily
7494,2197,2025-09-23,Nebulization,Salbutamol,25mg daily
7495,2198,2025-08-01,Blood Pressure Monitoring,Metoprolol,50mg daily
7496,2198,2025-04-09,Blood Pressure Monitoring,Metoprolol,100mg daily
7497,2198,2025-10-04,Blood Pressure Monitoring,Metoprolol,100mg daily
7498,2199,2025-11-13,Blood Pressure Monitoring,Metoprolol,25mg daily
7499,2199,2025-09-06,Blood Pressure Monitoring,Metoprolol,100mg daily
7500,2199,2025-09-19,Blood Pressure Monitoring,Metoprolol,50mg daily
7501,2200,2025-05-02,Blood Pressure Monitoring,Metoprolol,100mg daily
7502,2200,2025-08-12,Blood Pressure Monitoring,Metoprolol,10mg daily
7503,2200,2025-03-19,Blood Pressure Monitoring,Metoprolol,100mg daily
7504,2200,2025-09-03,Blood Pressure Monitoring,Metoprolol,10mg daily
7505,2201,2025-03-27,IV Fluid Therapy,Atorvastatin,10mg daily
7506,2201,2025-05-29,IV Fluid Therapy,Atorvastatin,50mg daily
7507,2201,2025-08-14,IV Fluid Therapy,Atorvastatin,100mg daily
7508,2201,2025-10-11,IV Fluid Therapy,Atorvastatin,10mg daily
7509,2202,2025-04-24,IV Fluid Therapy,Atorvastatin,50mg daily
7510,2203,2026-02-24,Oxygen Therapy,Amoxicillin,10mg daily
7511,2204,2026-02-16,Oxygen Therapy,Amoxicillin,10mg daily
7512,2204,2025-10-19,Oxygen Therapy,Amoxicillin,10mg daily
7513,2204,2026-02-15,Oxygen Therapy,Amoxicillin,100mg daily
7514,2204,2025-10-27,Oxygen Therapy,Amoxicillin,100mg daily
7515,2205,2026-02-11,Oxygen Therapy,Amoxicillin,25mg daily
7516,2205,2025-06-01,Oxygen Therapy,Amoxicillin,10mg daily
7517,2205,2025-08-24,Oxygen Therapy,Amoxicillin,10mg daily
7518,2205,2025-04-11,Oxygen Therapy,Amoxicillin,10mg daily
7519,2206,2025-12-26,Nebulization,Salbutamol,25mg daily
7520,2206,2025-11-21,Nebulization,Salbutamol,25mg daily
7521,2206,2025-06-01,Nebulization,Salbutamol,100mg daily
7522,2206,2026-01-27,Nebulization,Salbutamol,100mg daily
7523,2207,2025-05-07,ECG Monitoring,Aspirin,100mg daily
7524,2207,2025-08-06,ECG Monitoring,Aspirin,25mg daily
7525,2207,2025-06-12,ECG Monitoring,Aspirin,25mg daily
7526,2208,2026-02-19,Oxygen Therapy,Amoxicillin,10mg daily
7527,2209,2025-05-09,Oxygen Therapy,Amoxicillin,50mg daily
7528,2209,2025-09-29,Oxygen Therapy,Amoxicillin,25mg daily
7529,2209,2025-06-13,Oxygen Therapy,Amoxicillin,25mg daily
7530,2209,2025-06-14,Oxygen Therapy,Amoxicillin,25mg daily
7531,2210,2025-05-10,Oxygen Therapy,Amoxicillin,50mg daily
7532,2210,2025-03-22,Oxygen Therapy,Amoxicillin,100mg daily
7533,2210,2025-04-15,Oxygen Therapy,Amoxicillin,50mg daily
7534,2210,2025-09-28,Oxygen Therapy,Amoxicillin,100mg daily
7535,2211,2025-10-30,IV Fluid Therapy,Atorvastatin,100mg daily
7536,2211,2025-10-09,IV Fluid Therapy,Atorvastatin,100mg daily
7537,2212,2026-02-09,Blood Pressure Monitoring,Metoprolol,50mg daily
7538,2212,2025-06-11,Blood Pressure Monitoring,Metoprolol,10mg daily
7539,2212,2025-03-29,Blood Pressure Monitoring,Metoprolol,25mg daily
7540,2213,2025-03-25,Blood Pressure Monitoring,Metoprolol,25mg daily
7541,2214,2025-04-14,Oxygen Therapy,Amoxicillin,10mg daily
7542,2214,2026-03-10,Oxygen Therapy,Amoxicillin,100mg daily
7543,2214,2025-07-02,Oxygen Therapy,Amoxicillin,10mg daily
7544,2214,2025-10-12,Oxygen Therapy,Amoxicillin,100mg daily
7545,2215,2025-12-26,Oxygen Therapy,Amoxicillin,25mg daily
7546,2215,2025-09-19,Oxygen Therapy,Amoxicillin,25mg daily
7547,2215,2025-06-26,Oxygen Therapy,Amoxicillin,10mg daily
7548,2215,2026-02-05,Oxygen Therapy,Amoxicillin,25mg daily
7549,2216,2026-03-03,Oxygen Therapy,Amoxicillin,100mg daily
7550,2216,2025-05-31,Oxygen Therapy,Amoxicillin,50mg daily
7551,2216,2025-07-15,Oxygen Therapy,Amoxicillin,50mg daily
7552,2217,2025-06-19,Blood Pressure Monitoring,Metoprolol,25mg daily
7553,2217,2025-10-07,Blood Pressure Monitoring,Metoprolol,10mg daily
7554,2217,2025-05-23,Blood Pressure Monitoring,Metoprolol,50mg daily
7555,2218,2025-10-30,Blood Pressure Monitoring,Metoprolol,10mg daily
7556,2218,2025-11-05,Blood Pressure Monitoring,Metoprolol,50mg daily
7557,2218,2025-12-28,Blood Pressure Monitoring,Metoprolol,25mg daily
7558,2218,2025-09-24,Blood Pressure Monitoring,Metoprolol,100mg daily
7559,2219,2025-12-30,Blood Pressure Monitoring,Metoprolol,10mg daily
7560,2219,2025-08-23,Blood Pressure Monitoring,Metoprolol,25mg daily
7561,2219,2025-11-02,Blood Pressure Monitoring,Metoprolol,50mg daily
7562,2220,2026-01-07,ECG Monitoring,Aspirin,25mg daily
7563,2220,2025-10-13,ECG Monitoring,Aspirin,50mg daily
7564,2221,2025-12-14,ECG Monitoring,Aspirin,50mg daily
7565,2221,2025-10-01,ECG Monitoring,Aspirin,10mg daily
7566,2221,2026-01-17,ECG Monitoring,Aspirin,25mg daily
7567,2221,2026-02-07,ECG Monitoring,Aspirin,100mg daily
7568,2222,2026-01-12,Oxygen Therapy,Amoxicillin,50mg daily
7569,2222,2025-06-26,Oxygen Therapy,Amoxicillin,50mg daily
7570,2222,2025-04-26,Oxygen Therapy,Amoxicillin,25mg daily
7571,2223,2025-08-31,Oxygen Therapy,Amoxicillin,25mg daily
7572,2224,2025-11-25,Oxygen Therapy,Amoxicillin,25mg daily
7573,2224,2026-03-09,Oxygen Therapy,Amoxicillin,50mg daily
7574,2225,2025-10-15,Blood Pressure Monitoring,Metoprolol,100mg daily
7575,2225,2026-02-16,Blood Pressure Monitoring,Metoprolol,50mg daily
7576,2225,2025-06-08,Blood Pressure Monitoring,Metoprolol,100mg daily
7577,2226,2025-06-27,ECG Monitoring,Aspirin,25mg daily
7578,2227,2025-12-07,ECG Monitoring,Aspirin,50mg daily
7579,2227,2025-08-15,ECG Monitoring,Aspirin,50mg daily
7580,2228,2025-05-13,IV Fluid Therapy,Atorvastatin,50mg daily
7581,2228,2025-08-31,IV Fluid Therapy,Atorvastatin,100mg daily
7582,2228,2025-04-05,IV Fluid Therapy,Atorvastatin,25mg daily
7583,2229,2025-06-30,ECG Monitoring,Aspirin,50mg daily
7584,2229,2025-05-11,ECG Monitoring,Aspirin,50mg daily
7585,2230,2025-11-18,ECG Monitoring,Aspirin,50mg daily
7586,2230,2025-07-26,ECG Monitoring,Aspirin,25mg daily
7587,2231,2025-11-30,Oxygen Therapy,Amoxicillin,25mg daily
7588,2231,2025-04-16,Oxygen Therapy,Amoxicillin,100mg daily
7589,2231,2025-08-01,Oxygen Therapy,Amoxicillin,10mg daily
7590,2231,2025-04-12,Oxygen Therapy,Amoxicillin,25mg daily
7591,2232,2025-05-11,Oxygen Therapy,Amoxicillin,50mg daily
7592,2233,2025-12-28,Oxygen Therapy,Amoxicillin,100mg daily
7593,2234,2025-03-24,IV Fluid Therapy,Atorvastatin,10mg daily
7594,2234,2025-10-14,IV Fluid Therapy,Atorvastatin,25mg daily
7595,2235,2026-01-28,IV Fluid Therapy,Atorvastatin,100mg daily
7596,2236,2025-07-03,IV Fluid Therapy,Atorvastatin,50mg daily
7597,2236,2025-07-10,IV Fluid Therapy,Atorvastatin,100mg daily
7598,2236,2025-07-16,IV Fluid Therapy,Atorvastatin,10mg daily
7599,2236,2025-08-30,IV Fluid Therapy,Atorvastatin,10mg daily
7600,2237,2025-07-11,ECG Monitoring,Aspirin,100mg daily
7601,2237,2025-09-17,ECG Monitoring,Aspirin,100mg daily
7602,2238,2025-10-29,Nebulization,Salbutamol,50mg daily
7603,2238,2026-01-22,Nebulization,Salbutamol,100mg daily
7604,2238,2026-01-30,Nebulization,Salbutamol,50mg daily
7605,2239,2025-11-14,Oxygen Therapy,Amoxicillin,100mg daily
7606,2240,2026-03-05,ECG Monitoring,Aspirin,10mg daily
7607,2240,2025-12-17,ECG Monitoring,Aspirin,10mg daily
7608,2241,2026-03-02,IV Fluid Therapy,Atorvastatin,100mg daily
7609,2241,2025-09-23,IV Fluid Therapy,Atorvastatin,25mg daily
7610,2241,2025-04-25,IV Fluid Therapy,Atorvastatin,100mg daily
7611,2241,2026-03-08,IV Fluid Therapy,Atorvastatin,100mg daily
7612,2242,2025-06-20,ECG Monitoring,Aspirin,25mg daily
7613,2242,2025-07-27,ECG Monitoring,Aspirin,25mg daily
7614,2242,2025-07-01,ECG Monitoring,Aspirin,10mg daily
7615,2243,2026-01-29,ECG Monitoring,Aspirin,10mg daily
7616,2244,2026-01-15,ECG Monitoring,Aspirin,25mg daily
7617,2244,2025-06-15,ECG Monitoring,Aspirin,100mg daily
7618,2244,2025-09-03,ECG Monitoring,Aspirin,100mg daily
7619,2244,2026-02-18,ECG Monitoring,Aspirin,10mg daily
7620,2245,2026-02-22,ECG Monitoring,Aspirin,25mg daily
7621,2245,2025-08-26,ECG Monitoring,Aspirin,25mg daily
7622,2245,2025-10-18,ECG Monitoring,Aspirin,100mg daily
7623,2245,2025-06-01,ECG Monitoring,Aspirin,100mg daily
7624,2246,2025-05-27,Oxygen Therapy,Amoxicillin,100mg daily
7625,2247,2025-06-08,Oxygen Therapy,Amoxicillin,10mg daily
7626,2247,2025-04-16,Oxygen Therapy,Amoxicillin,100mg daily
7627,2247,2025-12-29,Oxygen Therapy,Amoxicillin,10mg daily
7628,2248,2025-06-22,Oxygen Therapy,Amoxicillin,50mg daily
7629,2248,2025-07-28,Oxygen Therapy,Amoxicillin,100mg daily
7630,2249,2025-06-20,Oxygen Therapy,Amoxicillin,25mg daily
7631,2249,2025-09-13,Oxygen Therapy,Amoxicillin,10mg daily
7632,2249,2025-09-19,Oxygen Therapy,Amoxicillin,10mg daily
7633,2249,2025-06-06,Oxygen Therapy,Amoxicillin,25mg daily
7634,2250,2025-05-25,Oxygen Therapy,Amoxicillin,25mg daily
7635,2250,2025-10-03,Oxygen Therapy,Amoxicillin,50mg daily
7636,2251,2025-04-30,Oxygen Therapy,Amoxicillin,50mg daily
7637,2251,2025-05-28,Oxygen Therapy,Amoxicillin,25mg daily
7638,2251,2025-12-07,Oxygen Therapy,Amoxicillin,100mg daily
7639,2251,2026-03-02,Oxygen Therapy,Amoxicillin,50mg daily
7640,2252,2026-02-09,Oxygen Therapy,Amoxicillin,100mg daily
7641,2252,2025-10-23,Oxygen Therapy,Amoxicillin,100mg daily
7642,2252,2025-04-25,Oxygen Therapy,Amoxicillin,10mg daily
7643,2253,2026-02-28,Oxygen Therapy,Amoxicillin,25mg daily
7644,2254,2025-10-21,Oxygen Therapy,Amoxicillin,50mg daily
7645,2254,2025-04-27,Oxygen Therapy,Amoxicillin,100mg daily
7646,2255,2025-06-07,Oxygen Therapy,Amoxicillin,50mg daily
7647,2255,2025-11-22,Oxygen Therapy,Amoxicillin,50mg daily
7648,2256,2025-03-19,Oxygen Therapy,Amoxicillin,10mg daily
7649,2256,2025-04-25,Oxygen Therapy,Amoxicillin,50mg daily
7650,2257,2025-05-09,Blood Pressure Monitoring,Metoprolol,100mg daily
7651,2258,2025-03-20,IV Fluid Therapy,Atorvastatin,100mg daily
7652,2258,2025-10-27,IV Fluid Therapy,Atorvastatin,50mg daily
7653,2259,2025-04-28,ECG Monitoring,Aspirin,10mg daily
7654,2259,2025-08-17,ECG Monitoring,Aspirin,10mg daily
7655,2260,2025-04-08,Blood Pressure Monitoring,Metoprolol,25mg daily
7656,2260,2025-12-08,Blood Pressure Monitoring,Metoprolol,25mg daily
7657,2260,2025-12-07,Blood Pressure Monitoring,Metoprolol,50mg daily
7658,2261,2025-11-19,Blood Pressure Monitoring,Metoprolol,50mg daily
7659,2262,2026-01-01,Blood Pressure Monitoring,Metoprolol,100mg daily
7660,2262,2026-02-15,Blood Pressure Monitoring,Metoprolol,100mg daily
7661,2262,2025-07-12,Blood Pressure Monitoring,Metoprolol,50mg daily
7662,2263,2026-02-17,Oxygen Therapy,Amoxicillin,50mg daily
7663,2263,2025-11-09,Oxygen Therapy,Amoxicillin,10mg daily
7664,2263,2025-10-25,Oxygen Therapy,Amoxicillin,50mg daily
7665,2263,2025-05-22,Oxygen Therapy,Amoxicillin,50mg daily
7666,2264,2025-06-13,Oxygen Therapy,Amoxicillin,25mg daily
7667,2264,2025-05-20,Oxygen Therapy,Amoxicillin,10mg daily
7668,2265,2025-08-08,Oxygen Therapy,Amoxicillin,10mg daily
7669,2266,2025-03-29,Oxygen Therapy,Amoxicillin,10mg daily
7670,2266,2025-07-14,Oxygen Therapy,Amoxicillin,100mg daily
7671,2266,2025-10-02,Oxygen Therapy,Amoxicillin,25mg daily
7672,2266,2025-12-15,Oxygen Therapy,Amoxicillin,10mg daily
7673,2267,2025-05-15,Oxygen Therapy,Amoxicillin,100mg daily
7674,2267,2025-07-06,Oxygen Therapy,Amoxicillin,25mg daily
7675,2267,2025-04-02,Oxygen Therapy,Amoxicillin,100mg daily
7676,2267,2025-07-20,Oxygen Therapy,Amoxicillin,25mg daily
7677,2268,2025-11-09,ECG Monitoring,Aspirin,50mg daily
7678,2268,2025-08-31,ECG Monitoring,Aspirin,25mg daily
7679,2268,2025-05-18,ECG Monitoring,Aspirin,25mg daily
7680,2268,2026-02-19,ECG Monitoring,Aspirin,50mg daily
7681,2269,2025-09-24,ECG Monitoring,Aspirin,10mg daily
7682,2269,2025-05-27,ECG Monitoring,Aspirin,100mg daily
7683,2270,2025-07-02,Oxygen Therapy,Amoxicillin,50mg daily
7684,2271,2025-06-19,Oxygen Therapy,Amoxicillin,50mg daily
7685,2271,2025-06-09,Oxygen Therapy,Amoxicillin,50mg daily
7686,2271,2025-10-13,Oxygen Therapy,Amoxicillin,50mg daily
7687,2271,2025-11-27,Oxygen Therapy,Amoxicillin,100mg daily
7688,2272,2025-10-05,Nebulization,Salbutamol,50mg daily
7689,2272,2025-03-15,Nebulization,Salbutamol,100mg daily
7690,2272,2025-10-24,Nebulization,Salbutamol,25mg daily
7691,2273,2025-09-06,Nebulization,Salbutamol,100mg daily
7692,2273,2025-06-02,Nebulization,Salbutamol,100mg daily
7693,2273,2026-01-16,Nebulization,Salbutamol,50mg daily
7694,2274,2025-05-08,ECG Monitoring,Aspirin,25mg daily
7695,2274,2025-06-07,ECG Monitoring,Aspirin,25mg daily
7696,2274,2026-01-28,ECG Monitoring,Aspirin,100mg daily
7697,2274,2025-12-18,ECG Monitoring,Aspirin,50mg daily
7698,2275,2025-04-02,ECG Monitoring,Aspirin,10mg daily
7699,2276,2025-04-21,ECG Monitoring,Aspirin,100mg daily
7700,2277,2025-07-04,Oxygen Therapy,Amoxicillin,25mg daily
7701,2278,2025-12-06,Oxygen Therapy,Amoxicillin,50mg daily
7702,2278,2025-09-13,Oxygen Therapy,Amoxicillin,100mg daily
7703,2278,2026-01-21,Oxygen Therapy,Amoxicillin,25mg daily
7704,2278,2025-12-23,Oxygen Therapy,Amoxicillin,50mg daily
7705,2279,2025-05-13,ECG Monitoring,Aspirin,10mg daily
7706,2279,2025-10-27,ECG Monitoring,Aspirin,25mg daily
7707,2279,2025-12-12,ECG Monitoring,Aspirin,10mg daily
7708,2280,2025-04-13,ECG Monitoring,Aspirin,50mg daily
7709,2281,2025-04-11,ECG Monitoring,Aspirin,50mg daily
7710,2281,2025-08-02,ECG Monitoring,Aspirin,25mg daily
7711,2281,2025-03-11,ECG Monitoring,Aspirin,10mg daily
7712,2282,2025-04-07,Oxygen Therapy,Amoxicillin,100mg daily
7713,2283,2025-04-03,Oxygen Therapy,Amoxicillin,10mg daily
7714,2283,2025-07-21,Oxygen Therapy,Amoxicillin,25mg daily
7715,2284,2025-06-06,Oxygen Therapy,Amoxicillin,100mg daily
7716,2284,2025-08-03,Oxygen Therapy,Amoxicillin,25mg daily
7717,2284,2025-07-23,Oxygen Therapy,Amoxicillin,50mg daily
7718,2285,2025-09-24,Oxygen Therapy,Amoxicillin,50mg daily
7719,2285,2025-04-08,Oxygen Therapy,Amoxicillin,25mg daily
7720,2285,2025-12-31,Oxygen Therapy,Amoxicillin,10mg daily
7721,2286,2025-09-30,ECG Monitoring,Aspirin,50mg daily
7722,2287,2025-06-29,Oxygen Therapy,Amoxicillin,100mg daily
7723,2287,2025-09-30,Oxygen Therapy,Amoxicillin,25mg daily
7724,2287,2025-09-28,Oxygen Therapy,Amoxicillin,50mg daily
7725,2288,2025-08-19,Oxygen Therapy,Amoxicillin,50mg daily
7726,2288,2025-07-01,Oxygen Therapy,Amoxicillin,50mg daily
7727,2288,2025-03-25,Oxygen Therapy,Amoxicillin,25mg daily
7728,2288,2026-01-18,Oxygen Therapy,Amoxicillin,25mg daily
7729,2289,2025-04-15,Oxygen Therapy,Amoxicillin,10mg daily
7730,2289,2025-12-31,Oxygen Therapy,Amoxicillin,10mg daily
7731,2290,2026-02-09,Oxygen Therapy,Amoxicillin,100mg daily
7732,2290,2025-04-27,Oxygen Therapy,Amoxicillin,100mg daily
7733,2290,2026-01-09,Oxygen Therapy,Amoxicillin,100mg daily
7734,2290,2025-07-16,Oxygen Therapy,Amoxicillin,50mg daily
7735,2291,2025-05-06,Oxygen Therapy,Amoxicillin,100mg daily
7736,2291,2025-04-20,Oxygen Therapy,Amoxicillin,50mg daily
7737,2292,2025-07-13,Blood Pressure Monitoring,Metoprolol,25mg daily
7738,2292,2025-06-21,Blood Pressure Monitoring,Metoprolol,25mg daily
7739,2292,2025-11-06,Blood Pressure Monitoring,Metoprolol,100mg daily
7740,2292,2026-03-02,Blood Pressure Monitoring,Metoprolol,50mg daily
7741,2293,2025-05-16,Oxygen Therapy,Amoxicillin,10mg daily
7742,2293,2026-02-24,Oxygen Therapy,Amoxicillin,10mg daily
7743,2293,2026-01-17,Oxygen Therapy,Amoxicillin,25mg daily
7744,2293,2025-05-22,Oxygen Therapy,Amoxicillin,100mg daily
7745,2294,2025-05-12,Oxygen Therapy,Amoxicillin,10mg daily
7746,2295,2025-04-20,Oxygen Therapy,Amoxicillin,100mg daily
7747,2295,2025-09-15,Oxygen Therapy,Amoxicillin,25mg daily
7748,2296,2025-07-01,Blood Pressure Monitoring,Metoprolol,25mg daily
7749,2296,2025-07-06,Blood Pressure Monitoring,Metoprolol,50mg daily
7750,2297,2026-01-05,ECG Monitoring,Aspirin,50mg daily
7751,2297,2025-05-12,ECG Monitoring,Aspirin,25mg daily
7752,2297,2025-08-31,ECG Monitoring,Aspirin,100mg daily
7753,2297,2025-12-18,ECG Monitoring,Aspirin,10mg daily
7754,2298,2025-04-14,Blood Pressure Monitoring,Metoprolol,100mg daily
7755,2299,2025-08-20,Blood Pressure Monitoring,Metoprolol,100mg daily
7756,2299,2026-02-26,Blood Pressure Monitoring,Metoprolol,50mg daily
7757,2300,2026-02-24,Blood Pressure Monitoring,Metoprolol,100mg daily
7758,2300,2025-12-21,Blood Pressure Monitoring,Metoprolol,50mg daily
7759,2300,2025-03-31,Blood Pressure Monitoring,Metoprolol,10mg daily
7760,2301,2025-06-27,ECG Monitoring,Aspirin,25mg daily
7761,2301,2025-05-15,ECG Monitoring,Aspirin,100mg daily
7762,2302,2025-07-01,Oxygen Therapy,Amoxicillin,10mg daily
7763,2302,2025-10-31,Oxygen Therapy,Amoxicillin,25mg daily
7764,2303,2026-02-27,Nebulization,Salbutamol,10mg daily
7765,2303,2025-07-03,Nebulization,Salbutamol,50mg daily
7766,2303,2025-07-08,Nebulization,Salbutamol,25mg daily
7767,2304,2025-08-22,Nebulization,Salbutamol,10mg daily
7768,2304,2025-05-06,Nebulization,Salbutamol,10mg daily
7769,2304,2025-10-12,Nebulization,Salbutamol,25mg daily
7770,2305,2025-08-27,Oxygen Therapy,Amoxicillin,100mg daily
7771,2305,2025-11-20,Oxygen Therapy,Amoxicillin,50mg daily
7772,2305,2025-11-03,Oxygen Therapy,Amoxicillin,50mg daily
7773,2305,2025-10-09,Oxygen Therapy,Amoxicillin,50mg daily
7774,2306,2026-01-10,Oxygen Therapy,Amoxicillin,100mg daily
7775,2306,2026-02-12,Oxygen Therapy,Amoxicillin,25mg daily
7776,2306,2025-07-19,Oxygen Therapy,Amoxicillin,100mg daily
7777,2306,2025-08-23,Oxygen Therapy,Amoxicillin,25mg daily
7778,2307,2026-01-04,Oxygen Therapy,Amoxicillin,100mg daily
7779,2307,2025-07-11,Oxygen Therapy,Amoxicillin,10mg daily
7780,2307,2025-11-04,Oxygen Therapy,Amoxicillin,25mg daily
7781,2307,2026-01-09,Oxygen Therapy,Amoxicillin,10mg daily
7782,2308,2025-10-19,Oxygen Therapy,Amoxicillin,25mg daily
7783,2308,2025-05-08,Oxygen Therapy,Amoxicillin,50mg daily
7784,2308,2026-01-27,Oxygen Therapy,Amoxicillin,25mg daily
7785,2308,2025-07-03,Oxygen Therapy,Amoxicillin,100mg daily
7786,2309,2025-08-06,Oxygen Therapy,Amoxicillin,10mg daily
7787,2310,2025-12-01,Blood Pressure Monitoring,Metoprolol,10mg daily
7788,2310,2025-09-22,Blood Pressure Monitoring,Metoprolol,25mg daily
7789,2310,2025-07-09,Blood Pressure Monitoring,Metoprolol,100mg daily
7790,2310,2025-08-20,Blood Pressure Monitoring,Metoprolol,50mg daily
7791,2311,2026-02-27,Blood Pressure Monitoring,Metoprolol,25mg daily
7792,2311,2025-07-26,Blood Pressure Monitoring,Metoprolol,10mg daily
7793,2312,2026-02-19,ECG Monitoring,Aspirin,10mg daily
7794,2313,2026-01-07,ECG Monitoring,Aspirin,10mg daily
7795,2313,2026-01-04,ECG Monitoring,Aspirin,50mg daily
7796,2313,2025-05-08,ECG Monitoring,Aspirin,25mg daily
7797,2314,2025-04-25,ECG Monitoring,Aspirin,25mg daily
7798,2314,2025-05-09,ECG Monitoring,Aspirin,100mg daily
7799,2314,2025-05-31,ECG Monitoring,Aspirin,25mg daily
7800,2315,2025-05-14,ECG Monitoring,Aspirin,100mg daily
7801,2315,2025-09-29,ECG Monitoring,Aspirin,50mg daily
7802,2315,2025-05-20,ECG Monitoring,Aspirin,10mg daily
7803,2316,2025-09-06,ECG Monitoring,Aspirin,100mg daily
7804,2316,2025-09-25,ECG Monitoring,Aspirin,50mg daily
7805,2317,2025-12-14,IV Fluid Therapy,Atorvastatin,50mg daily
7806,2318,2025-12-11,Oxygen Therapy,Amoxicillin,100mg daily
7807,2318,2026-02-17,Oxygen Therapy,Amoxicillin,25mg daily
7808,2318,2025-07-24,Oxygen Therapy,Amoxicillin,50mg daily
7809,2319,2025-09-26,Oxygen Therapy,Amoxicillin,100mg daily
7810,2320,2026-02-13,Nebulization,Salbutamol,50mg daily
7811,2320,2025-07-08,Nebulization,Salbutamol,25mg daily
7812,2320,2025-10-10,Nebulization,Salbutamol,25mg daily
7813,2321,2025-10-08,Oxygen Therapy,Amoxicillin,50mg daily
7814,2321,2026-01-31,Oxygen Therapy,Amoxicillin,25mg daily
7815,2322,2026-01-05,Oxygen Therapy,Amoxicillin,25mg daily
7816,2322,2026-03-03,Oxygen Therapy,Amoxicillin,50mg daily
7817,2323,2025-10-21,Oxygen Therapy,Amoxicillin,25mg daily
7818,2324,2026-02-20,IV Fluid Therapy,Atorvastatin,50mg daily
7819,2324,2025-11-03,IV Fluid Therapy,Atorvastatin,50mg daily
7820,2324,2025-11-19,IV Fluid Therapy,Atorvastatin,100mg daily
7821,2325,2025-12-11,IV Fluid Therapy,Atorvastatin,50mg daily
7822,2325,2025-03-22,IV Fluid Therapy,Atorvastatin,100mg daily
7823,2325,2025-04-16,IV Fluid Therapy,Atorvastatin,50mg daily
7824,2326,2025-06-08,Oxygen Therapy,Amoxicillin,50mg daily
7825,2326,2025-07-24,Oxygen Therapy,Amoxicillin,50mg daily
7826,2326,2026-02-21,Oxygen Therapy,Amoxicillin,100mg daily
7827,2327,2025-11-16,Oxygen Therapy,Amoxicillin,25mg daily
7828,2328,2026-01-05,Oxygen Therapy,Amoxicillin,100mg daily
7829,2328,2025-09-05,Oxygen Therapy,Amoxicillin,10mg daily
7830,2329,2025-09-20,Oxygen Therapy,Amoxicillin,10mg daily
7831,2329,2025-10-12,Oxygen Therapy,Amoxicillin,100mg daily
7832,2329,2026-03-03,Oxygen Therapy,Amoxicillin,50mg daily
7833,2330,2026-01-14,ECG Monitoring,Aspirin,50mg daily
7834,2330,2026-03-05,ECG Monitoring,Aspirin,50mg daily
7835,2331,2026-02-23,ECG Monitoring,Aspirin,25mg daily
7836,2331,2025-05-09,ECG Monitoring,Aspirin,100mg daily
7837,2331,2025-11-04,ECG Monitoring,Aspirin,25mg daily
7838,2332,2025-12-21,IV Fluid Therapy,Atorvastatin,100mg daily
7839,2333,2025-08-22,ECG Monitoring,Aspirin,100mg daily
7840,2334,2025-11-17,Blood Pressure Monitoring,Metoprolol,50mg daily
7841,2335,2025-03-25,Blood Pressure Monitoring,Metoprolol,10mg daily
7842,2335,2025-10-12,Blood Pressure Monitoring,Metoprolol,10mg daily
7843,2336,2025-05-30,Oxygen Therapy,Amoxicillin,10mg daily
7844,2336,2026-02-19,Oxygen Therapy,Amoxicillin,10mg daily
7845,2336,2025-04-03,Oxygen Therapy,Amoxicillin,10mg daily
7846,2337,2025-07-17,Oxygen Therapy,Amoxicillin,25mg daily
7847,2338,2025-11-21,Oxygen Therapy,Amoxicillin,25mg daily
7848,2339,2025-09-30,Blood Pressure Monitoring,Metoprolol,100mg daily
7849,2339,2025-03-12,Blood Pressure Monitoring,Metoprolol,100mg daily
7850,2339,2025-09-23,Blood Pressure Monitoring,Metoprolol,25mg daily
7851,2340,2025-04-17,Blood Pressure Monitoring,Metoprolol,25mg daily
7852,2340,2025-11-17,Blood Pressure Monitoring,Metoprolol,10mg daily
7853,2340,2025-04-05,Blood Pressure Monitoring,Metoprolol,50mg daily
7854,2341,2025-08-11,Blood Pressure Monitoring,Metoprolol,50mg daily
7855,2341,2025-07-02,Blood Pressure Monitoring,Metoprolol,25mg daily
7856,2341,2025-11-22,Blood Pressure Monitoring,Metoprolol,25mg daily
7857,2342,2025-09-03,Nebulization,Salbutamol,100mg daily
7858,2342,2025-07-20,Nebulization,Salbutamol,100mg daily
7859,2343,2025-05-12,Oxygen Therapy,Amoxicillin,25mg daily
7860,2344,2025-08-30,Blood Pressure Monitoring,Metoprolol,10mg daily
7861,2344,2025-04-27,Blood Pressure Monitoring,Metoprolol,50mg daily
7862,2344,2025-03-12,Blood Pressure Monitoring,Metoprolol,25mg daily
7863,2345,2025-05-26,ECG Monitoring,Aspirin,10mg daily
7864,2346,2025-11-14,Oxygen Therapy,Amoxicillin,100mg daily
7865,2347,2025-06-23,Oxygen Therapy,Amoxicillin,100mg daily
7866,2348,2025-05-18,Oxygen Therapy,Amoxicillin,25mg daily
7867,2348,2025-12-31,Oxygen Therapy,Amoxicillin,100mg daily
7868,2348,2025-11-11,Oxygen Therapy,Amoxicillin,10mg daily
7869,2349,2026-01-03,Oxygen Therapy,Amoxicillin,25mg daily
7870,2349,2025-09-29,Oxygen Therapy,Amoxicillin,10mg daily
7871,2349,2025-08-29,Oxygen Therapy,Amoxicillin,10mg daily
7872,2350,2025-09-09,Oxygen Therapy,Amoxicillin,25mg daily
7873,2351,2025-06-11,Nebulization,Salbutamol,50mg daily
7874,2351,2025-11-14,Nebulization,Salbutamol,100mg daily
7875,2351,2025-09-21,Nebulization,Salbutamol,10mg daily
7876,2352,2026-01-06,Oxygen Therapy,Amoxicillin,100mg daily
7877,2352,2026-01-25,Oxygen Therapy,Amoxicillin,10mg daily
7878,2353,2025-11-08,Blood Pressure Monitoring,Metoprolol,10mg daily
7879,2353,2025-06-20,Blood Pressure Monitoring,Metoprolol,25mg daily
7880,2354,2026-01-30,Blood Pressure Monitoring,Metoprolol,100mg daily
7881,2355,2025-04-28,ECG Monitoring,Aspirin,25mg daily
7882,2355,2025-09-24,ECG Monitoring,Aspirin,100mg daily
7883,2355,2025-11-11,ECG Monitoring,Aspirin,25mg daily
7884,2356,2025-11-02,ECG Monitoring,Aspirin,25mg daily
7885,2356,2025-07-16,ECG Monitoring,Aspirin,25mg daily
7886,2357,2025-08-23,ECG Monitoring,Aspirin,10mg daily
7887,2357,2025-12-05,ECG Monitoring,Aspirin,10mg daily
7888,2357,2025-06-22,ECG Monitoring,Aspirin,50mg daily
7889,2357,2025-11-25,ECG Monitoring,Aspirin,10mg daily
7890,2358,2025-08-06,ECG Monitoring,Aspirin,10mg daily
7891,2358,2025-06-07,ECG Monitoring,Aspirin,100mg daily
7892,2358,2026-02-08,ECG Monitoring,Aspirin,100mg daily
7893,2359,2026-01-25,ECG Monitoring,Aspirin,100mg daily
7894,2359,2025-06-26,ECG Monitoring,Aspirin,10mg daily
7895,2359,2025-03-23,ECG Monitoring,Aspirin,10mg daily
7896,2360,2025-06-18,IV Fluid Therapy,Atorvastatin,10mg daily
7897,2360,2026-02-19,IV Fluid Therapy,Atorvastatin,25mg daily
7898,2361,2025-09-30,Oxygen Therapy,Amoxicillin,50mg daily
7899,2361,2025-07-11,Oxygen Therapy,Amoxicillin,50mg daily
7900,2361,2025-07-15,Oxygen Therapy,Amoxicillin,25mg daily
7901,2362,2025-07-02,Blood Pressure Monitoring,Metoprolol,50mg daily
7902,2363,2025-07-01,Blood Pressure Monitoring,Metoprolol,10mg daily
7903,2363,2025-11-05,Blood Pressure Monitoring,Metoprolol,10mg daily
7904,2364,2025-09-29,Oxygen Therapy,Amoxicillin,10mg daily
7905,2364,2026-02-18,Oxygen Therapy,Amoxicillin,10mg daily
7906,2365,2025-11-11,Oxygen Therapy,Amoxicillin,100mg daily
7907,2365,2025-12-29,Oxygen Therapy,Amoxicillin,25mg daily
7908,2366,2025-03-23,Oxygen Therapy,Amoxicillin,25mg daily
7909,2366,2025-06-27,Oxygen Therapy,Amoxicillin,10mg daily
7910,2366,2025-05-16,Oxygen Therapy,Amoxicillin,25mg daily
7911,2366,2025-05-04,Oxygen Therapy,Amoxicillin,50mg daily
7912,2367,2025-06-23,Oxygen Therapy,Amoxicillin,50mg daily
7913,2367,2025-11-03,Oxygen Therapy,Amoxicillin,100mg daily
7914,2367,2025-08-10,Oxygen Therapy,Amoxicillin,10mg daily
7915,2368,2025-06-03,Oxygen Therapy,Amoxicillin,25mg daily
7916,2369,2025-06-25,Oxygen Therapy,Amoxicillin,10mg daily
7917,2370,2025-06-24,Blood Pressure Monitoring,Metoprolol,10mg daily
7918,2370,2025-11-27,Blood Pressure Monitoring,Metoprolol,10mg daily
7919,2370,2026-01-10,Blood Pressure Monitoring,Metoprolol,100mg daily
7920,2371,2025-05-10,ECG Monitoring,Aspirin,10mg daily
7921,2371,2025-11-27,ECG Monitoring,Aspirin,25mg daily
7922,2371,2026-03-11,ECG Monitoring,Aspirin,100mg daily
7923,2371,2025-06-17,ECG Monitoring,Aspirin,25mg daily
7924,2372,2025-06-07,Nebulization,Salbutamol,10mg daily
7925,2372,2026-02-12,Nebulization,Salbutamol,50mg daily
7926,2373,2025-06-04,Nebulization,Salbutamol,25mg daily
7927,2373,2025-10-29,Nebulization,Salbutamol,100mg daily
7928,2373,2025-12-07,Nebulization,Salbutamol,50mg daily
7929,2374,2025-07-15,IV Fluid Therapy,Atorvastatin,10mg daily
7930,2374,2026-02-05,IV Fluid Therapy,Atorvastatin,25mg daily
7931,2375,2026-02-22,ECG Monitoring,Aspirin,10mg daily
7932,2375,2025-10-11,ECG Monitoring,Aspirin,100mg daily
7933,2376,2026-02-04,ECG Monitoring,Aspirin,10mg daily
7934,2377,2026-02-23,ECG Monitoring,Aspirin,50mg daily
7935,2378,2025-12-07,ECG Monitoring,Aspirin,10mg daily
7936,2379,2025-12-25,Oxygen Therapy,Amoxicillin,50mg daily
7937,2379,2025-10-02,Oxygen Therapy,Amoxicillin,50mg daily
7938,2379,2025-07-19,Oxygen Therapy,Amoxicillin,100mg daily
7939,2379,2025-05-03,Oxygen Therapy,Amoxicillin,50mg daily
7940,2380,2025-05-10,Nebulization,Salbutamol,10mg daily
7941,2380,2025-11-23,Nebulization,Salbutamol,100mg daily
7942,2381,2025-12-04,Blood Pressure Monitoring,Metoprolol,50mg daily
7943,2382,2025-03-27,Blood Pressure Monitoring,Metoprolol,25mg daily
7944,2382,2025-05-21,Blood Pressure Monitoring,Metoprolol,10mg daily
7945,2382,2026-01-27,Blood Pressure Monitoring,Metoprolol,10mg daily
7946,2382,2025-05-16,Blood Pressure Monitoring,Metoprolol,25mg daily
7947,2383,2026-01-28,Oxygen Therapy,Amoxicillin,100mg daily
7948,2384,2025-09-22,Nebulization,Salbutamol,25mg daily
7949,2384,2025-05-20,Nebulization,Salbutamol,50mg daily
7950,2384,2025-06-15,Nebulization,Salbutamol,50mg daily
7951,2385,2025-07-10,Nebulization,Salbutamol,50mg daily
7952,2385,2025-06-09,Nebulization,Salbutamol,50mg daily
7953,2386,2025-12-05,Blood Pressure Monitoring,Metoprolol,50mg daily
7954,2386,2025-11-16,Blood Pressure Monitoring,Metoprolol,10mg daily
7955,2386,2025-07-22,Blood Pressure Monitoring,Metoprolol,100mg daily
7956,2386,2026-01-06,Blood Pressure Monitoring,Metoprolol,10mg daily
7957,2387,2025-06-04,IV Fluid Therapy,Atorvastatin,25mg daily
7958,2387,2025-10-18,IV Fluid Therapy,Atorvastatin,100mg daily
7959,2387,2025-04-28,IV Fluid Therapy,Atorvastatin,10mg daily
7960,2388,2025-05-13,IV Fluid Therapy,Atorvastatin,100mg daily
7961,2388,2025-06-03,IV Fluid Therapy,Atorvastatin,25mg daily
7962,2389,2025-08-29,IV Fluid Therapy,Atorvastatin,100mg daily
7963,2389,2026-02-06,IV Fluid Therapy,Atorvastatin,100mg daily
7964,2390,2025-09-01,ECG Monitoring,Aspirin,50mg daily
7965,2390,2025-12-08,ECG Monitoring,Aspirin,50mg daily
7966,2391,2026-01-01,ECG Monitoring,Aspirin,100mg daily
7967,2391,2025-08-26,ECG Monitoring,Aspirin,25mg daily
7968,2391,2025-09-13,ECG Monitoring,Aspirin,50mg daily
7969,2391,2025-05-22,ECG Monitoring,Aspirin,100mg daily
7970,2392,2025-08-19,ECG Monitoring,Aspirin,50mg daily
7971,2392,2026-03-08,ECG Monitoring,Aspirin,10mg daily
7972,2392,2025-04-09,ECG Monitoring,Aspirin,50mg daily
7973,2392,2025-05-19,ECG Monitoring,Aspirin,100mg daily
7974,2393,2026-01-29,Blood Pressure Monitoring,Metoprolol,25mg daily
7975,2393,2026-03-09,Blood Pressure Monitoring,Metoprolol,50mg daily
7976,2393,2025-10-02,Blood Pressure Monitoring,Metoprolol,50mg daily
7977,2394,2025-06-19,Blood Pressure Monitoring,Metoprolol,50mg daily
7978,2395,2025-05-10,Blood Pressure Monitoring,Metoprolol,25mg daily
7979,2395,2026-01-15,Blood Pressure Monitoring,Metoprolol,50mg daily
7980,2395,2025-11-29,Blood Pressure Monitoring,Metoprolol,10mg daily
7981,2395,2025-11-21,Blood Pressure Monitoring,Metoprolol,50mg daily
7982,2396,2026-02-10,Oxygen Therapy,Amoxicillin,25mg daily
7983,2396,2026-02-21,Oxygen Therapy,Amoxicillin,25mg daily
7984,2396,2025-03-25,Oxygen Therapy,Amoxicillin,100mg daily
7985,2396,2025-12-27,Oxygen Therapy,Amoxicillin,25mg daily
7986,2397,2025-10-02,Oxygen Therapy,Amoxicillin,25mg daily
7987,2398,2026-01-30,Oxygen Therapy,Amoxicillin,50mg daily
7988,2398,2025-03-14,Oxygen Therapy,Amoxicillin,10mg daily
7989,2398,2026-02-15,Oxygen Therapy,Amoxicillin,50mg daily
7990,2399,2025-04-24,IV Fluid Therapy,Atorvastatin,25mg daily
7991,2399,2026-03-08,IV Fluid Therapy,Atorvastatin,50mg daily
7992,2400,2025-07-15,ECG Monitoring,Aspirin,50mg daily
7993,2400,2025-11-16,ECG Monitoring,Aspirin,25mg daily
7994,2400,2025-10-24,ECG Monitoring,Aspirin,10mg daily
7995,2401,2025-08-28,Nebulization,Salbutamol,100mg daily
7996,2401,2025-11-09,Nebulization,Salbutamol,10mg daily
7997,2401,2025-12-07,Nebulization,Salbutamol,100mg daily
7998,2402,2025-05-17,ECG Monitoring,Aspirin,25mg daily
7999,2403,2025-03-24,ECG Monitoring,Aspirin,10mg daily
8000,2404,2025-06-20,Oxygen Therapy,Amoxicillin,50mg daily
8001,2404,2025-07-10,Oxygen Therapy,Amoxicillin,10mg daily
8002,2405,2025-06-25,Oxygen Therapy,Amoxicillin,10mg daily
8003,2405,2025-12-03,Oxygen Therapy,Amoxicillin,50mg daily
8004,2405,2025-11-02,Oxygen Therapy,Amoxicillin,50mg daily
8005,2405,2025-05-10,Oxygen Therapy,Amoxicillin,50mg daily
8006,2406,2026-01-13,Oxygen Therapy,Amoxicillin,25mg daily
8007,2407,2025-12-26,Oxygen Therapy,Amoxicillin,50mg daily
8008,2407,2025-07-04,Oxygen Therapy,Amoxicillin,100mg daily
8009,2408,2025-04-05,Oxygen Therapy,Amoxicillin,100mg daily
8010,2408,2025-08-07,Oxygen Therapy,Amoxicillin,10mg daily
8011,2408,2025-10-29,Oxygen Therapy,Amoxicillin,50mg daily
8012,2409,2025-07-02,Blood Pressure Monitoring,Metoprolol,100mg daily
8013,2409,2025-12-27,Blood Pressure Monitoring,Metoprolol,25mg daily
8014,2410,2026-02-27,Blood Pressure Monitoring,Metoprolol,25mg daily
8015,2410,2025-09-17,Blood Pressure Monitoring,Metoprolol,10mg daily
8016,2410,2025-05-23,Blood Pressure Monitoring,Metoprolol,100mg daily
8017,2410,2025-06-22,Blood Pressure Monitoring,Metoprolol,25mg daily
8018,2411,2026-02-27,Oxygen Therapy,Amoxicillin,100mg daily
8019,2411,2025-12-17,Oxygen Therapy,Amoxicillin,50mg daily
8020,2411,2025-05-19,Oxygen Therapy,Amoxicillin,25mg daily
8021,2411,2025-08-16,Oxygen Therapy,Amoxicillin,100mg daily
8022,2412,2026-03-06,Oxygen Therapy,Amoxicillin,25mg daily
8023,2412,2025-03-29,Oxygen Therapy,Amoxicillin,25mg daily
8024,2412,2026-01-07,Oxygen Therapy,Amoxicillin,10mg daily
8025,2412,2026-02-02,Oxygen Therapy,Amoxicillin,100mg daily
8026,2413,2026-02-15,Blood Pressure Monitoring,Metoprolol,50mg daily
8027,2413,2025-11-02,Blood Pressure Monitoring,Metoprolol,50mg daily
8028,2413,2025-08-14,Blood Pressure Monitoring,Metoprolol,25mg daily
8029,2414,2025-07-16,Blood Pressure Monitoring,Metoprolol,10mg daily
8030,2415,2025-12-07,Blood Pressure Monitoring,Metoprolol,10mg daily
8031,2415,2026-02-19,Blood Pressure Monitoring,Metoprolol,10mg daily
8032,2416,2025-08-10,Blood Pressure Monitoring,Metoprolol,10mg daily
8033,2416,2025-09-10,Blood Pressure Monitoring,Metoprolol,25mg daily
8034,2416,2025-10-16,Blood Pressure Monitoring,Metoprolol,25mg daily
8035,2417,2025-10-17,Blood Pressure Monitoring,Metoprolol,25mg daily
8036,2418,2025-03-21,Blood Pressure Monitoring,Metoprolol,25mg daily
8037,2418,2025-06-24,Blood Pressure Monitoring,Metoprolol,10mg daily
8038,2418,2025-09-25,Blood Pressure Monitoring,Metoprolol,25mg daily
8039,2419,2025-12-11,Oxygen Therapy,Amoxicillin,25mg daily
8040,2419,2025-06-26,Oxygen Therapy,Amoxicillin,10mg daily
8041,2419,2025-09-16,Oxygen Therapy,Amoxicillin,10mg daily
8042,2419,2025-03-17,Oxygen Therapy,Amoxicillin,25mg daily
8043,2420,2025-04-29,Oxygen Therapy,Amoxicillin,25mg daily
8044,2420,2025-03-19,Oxygen Therapy,Amoxicillin,10mg daily
8045,2420,2025-07-02,Oxygen Therapy,Amoxicillin,25mg daily
8046,2420,2026-01-06,Oxygen Therapy,Amoxicillin,25mg daily
8047,2421,2025-09-02,ECG Monitoring,Aspirin,50mg daily
8048,2421,2025-12-20,ECG Monitoring,Aspirin,25mg daily
8049,2421,2025-06-17,ECG Monitoring,Aspirin,50mg daily
8050,2422,2026-01-30,ECG Monitoring,Aspirin,100mg daily
8051,2423,2026-01-25,ECG Monitoring,Aspirin,100mg daily
8052,2423,2025-11-04,ECG Monitoring,Aspirin,25mg daily
8053,2423,2025-08-31,ECG Monitoring,Aspirin,100mg daily
8054,2424,2025-12-12,ECG Monitoring,Aspirin,50mg daily
8055,2425,2025-09-29,ECG Monitoring,Aspirin,50mg daily
8056,2425,2025-06-16,ECG Monitoring,Aspirin,25mg daily
8057,2425,2025-11-02,ECG Monitoring,Aspirin,100mg daily
8058,2426,2025-05-08,Oxygen Therapy,Amoxicillin,50mg daily
8059,2426,2025-06-28,Oxygen Therapy,Amoxicillin,10mg daily
8060,2426,2025-08-28,Oxygen Therapy,Amoxicillin,100mg daily
8061,2427,2025-08-24,Oxygen Therapy,Amoxicillin,25mg daily
8062,2427,2025-03-12,Oxygen Therapy,Amoxicillin,50mg daily
8063,2427,2026-02-05,Oxygen Therapy,Amoxicillin,10mg daily
8064,2428,2025-06-22,ECG Monitoring,Aspirin,25mg daily
8065,2428,2025-08-17,ECG Monitoring,Aspirin,100mg daily
8066,2428,2025-12-24,ECG Monitoring,Aspirin,100mg daily
8067,2428,2025-05-09,ECG Monitoring,Aspirin,25mg daily
8068,2429,2025-07-05,Blood Pressure Monitoring,Metoprolol,100mg daily
8069,2429,2025-03-18,Blood Pressure Monitoring,Metoprolol,100mg daily
8070,2430,2025-11-16,Oxygen Therapy,Amoxicillin,50mg daily
8071,2431,2025-05-24,Oxygen Therapy,Amoxicillin,50mg daily
8072,2432,2025-06-09,Oxygen Therapy,Amoxicillin,10mg daily
8073,2433,2025-10-06,Blood Pressure Monitoring,Metoprolol,25mg daily
8074,2433,2025-09-17,Blood Pressure Monitoring,Metoprolol,50mg daily
8075,2433,2025-07-06,Blood Pressure Monitoring,Metoprolol,10mg daily
8076,2434,2025-10-18,ECG Monitoring,Aspirin,50mg daily
8077,2434,2025-05-27,ECG Monitoring,Aspirin,10mg daily
8078,2435,2025-05-03,ECG Monitoring,Aspirin,10mg daily
8079,2435,2025-07-09,ECG Monitoring,Aspirin,25mg daily
8080,2436,2026-01-20,Blood Pressure Monitoring,Metoprolol,10mg daily
8081,2436,2026-01-08,Blood Pressure Monitoring,Metoprolol,50mg daily
8082,2436,2026-02-22,Blood Pressure Monitoring,Metoprolol,25mg daily
8083,2437,2025-05-24,ECG Monitoring,Aspirin,10mg daily
8084,2437,2025-07-12,ECG Monitoring,Aspirin,10mg daily
8085,2437,2025-05-07,ECG Monitoring,Aspirin,25mg daily
8086,2437,2025-06-13,ECG Monitoring,Aspirin,10mg daily
8087,2438,2025-11-08,Blood Pressure Monitoring,Metoprolol,10mg daily
8088,2439,2025-07-23,ECG Monitoring,Aspirin,25mg daily
8089,2439,2025-05-04,ECG Monitoring,Aspirin,25mg daily
8090,2439,2025-05-19,ECG Monitoring,Aspirin,50mg daily
8091,2439,2025-11-13,ECG Monitoring,Aspirin,25mg daily
8092,2440,2025-11-04,Nebulization,Salbutamol,25mg daily
8093,2440,2025-06-05,Nebulization,Salbutamol,100mg daily
8094,2440,2025-09-09,Nebulization,Salbutamol,100mg daily
8095,2440,2025-07-15,Nebulization,Salbutamol,10mg daily
8096,2441,2025-06-01,Nebulization,Salbutamol,50mg daily
8097,2442,2026-01-23,ECG Monitoring,Aspirin,100mg daily
8098,2442,2026-03-07,ECG Monitoring,Aspirin,25mg daily
8099,2443,2025-04-08,Blood Pressure Monitoring,Metoprolol,50mg daily
8100,2443,2025-05-20,Blood Pressure Monitoring,Metoprolol,50mg daily
8101,2443,2025-06-16,Blood Pressure Monitoring,Metoprolol,100mg daily
8102,2444,2025-12-27,ECG Monitoring,Aspirin,50mg daily
8103,2444,2025-04-26,ECG Monitoring,Aspirin,100mg daily
8104,2444,2025-08-09,ECG Monitoring,Aspirin,10mg daily
8105,2445,2025-04-25,ECG Monitoring,Aspirin,10mg daily
8106,2445,2025-04-15,ECG Monitoring,Aspirin,10mg daily
8107,2445,2026-02-28,ECG Monitoring,Aspirin,50mg daily
8108,2445,2025-04-20,ECG Monitoring,Aspirin,50mg daily
8109,2446,2026-01-25,Blood Pressure Monitoring,Metoprolol,25mg daily
8110,2446,2026-01-19,Blood Pressure Monitoring,Metoprolol,100mg daily
8111,2447,2025-12-16,Blood Pressure Monitoring,Metoprolol,50mg daily
8112,2448,2025-11-26,ECG Monitoring,Aspirin,25mg daily
8113,2448,2025-07-07,ECG Monitoring,Aspirin,25mg daily
8114,2449,2025-07-27,Oxygen Therapy,Amoxicillin,50mg daily
8115,2449,2025-03-29,Oxygen Therapy,Amoxicillin,25mg daily
8116,2449,2025-11-26,Oxygen Therapy,Amoxicillin,10mg daily
8117,2449,2025-09-04,Oxygen Therapy,Amoxicillin,100mg daily
8118,2450,2025-05-02,Oxygen Therapy,Amoxicillin,25mg daily
8119,2450,2025-05-02,Oxygen Therapy,Amoxicillin,25mg daily
8120,2451,2025-08-10,Oxygen Therapy,Amoxicillin,50mg daily
8121,2451,2026-02-15,Oxygen Therapy,Amoxicillin,50mg daily
8122,2452,2026-02-23,Oxygen Therapy,Amoxicillin,10mg daily
8123,2452,2025-09-26,Oxygen Therapy,Amoxicillin,100mg daily
8124,2452,2025-06-15,Oxygen Therapy,Amoxicillin,100mg daily
8125,2453,2025-06-04,Oxygen Therapy,Amoxicillin,100mg daily
8126,2454,2025-10-25,Oxygen Therapy,Amoxicillin,50mg daily
8127,2454,2025-07-26,Oxygen Therapy,Amoxicillin,10mg daily
8128,2454,2025-09-18,Oxygen Therapy,Amoxicillin,100mg daily
8129,2455,2026-02-15,Oxygen Therapy,Amoxicillin,100mg daily
8130,2456,2025-06-02,IV Fluid Therapy,Atorvastatin,10mg daily
8131,2457,2026-02-04,Blood Pressure Monitoring,Metoprolol,50mg daily
8132,2458,2025-08-15,Blood Pressure Monitoring,Metoprolol,10mg daily
8133,2458,2025-05-30,Blood Pressure Monitoring,Metoprolol,50mg daily
8134,2458,2025-10-03,Blood Pressure Monitoring,Metoprolol,50mg daily
8135,2459,2025-09-26,Blood Pressure Monitoring,Metoprolol,10mg daily
8136,2459,2025-11-01,Blood Pressure Monitoring,Metoprolol,100mg daily
8137,2459,2025-03-11,Blood Pressure Monitoring,Metoprolol,100mg daily
8138,2459,2025-06-26,Blood Pressure Monitoring,Metoprolol,10mg daily
8139,2460,2025-06-15,Blood Pressure Monitoring,Metoprolol,10mg daily
8140,2460,2025-05-19,Blood Pressure Monitoring,Metoprolol,25mg daily
8141,2460,2025-07-05,Blood Pressure Monitoring,Metoprolol,50mg daily
8142,2461,2026-02-11,Blood Pressure Monitoring,Metoprolol,100mg daily
8143,2461,2025-03-21,Blood Pressure Monitoring,Metoprolol,10mg daily
8144,2462,2026-02-13,Blood Pressure Monitoring,Metoprolol,25mg daily
8145,2462,2025-09-30,Blood Pressure Monitoring,Metoprolol,10mg daily
8146,2462,2026-03-01,Blood Pressure Monitoring,Metoprolol,50mg daily
8147,2462,2025-07-19,Blood Pressure Monitoring,Metoprolol,25mg daily
8148,2463,2025-11-30,ECG Monitoring,Aspirin,25mg daily
8149,2463,2025-08-19,ECG Monitoring,Aspirin,100mg daily
8150,2463,2025-08-28,ECG Monitoring,Aspirin,10mg daily
8151,2464,2025-12-27,ECG Monitoring,Aspirin,25mg daily
8152,2465,2025-03-28,ECG Monitoring,Aspirin,10mg daily
8153,2465,2025-05-02,ECG Monitoring,Aspirin,25mg daily
8154,2465,2025-07-14,ECG Monitoring,Aspirin,10mg daily
8155,2466,2025-11-16,Oxygen Therapy,Amoxicillin,25mg daily
8156,2466,2025-08-01,Oxygen Therapy,Amoxicillin,25mg daily
8157,2466,2025-03-16,Oxygen Therapy,Amoxicillin,10mg daily
8158,2467,2025-10-11,Nebulization,Salbutamol,100mg daily
8159,2467,2026-02-07,Nebulization,Salbutamol,100mg daily
8160,2467,2025-03-16,Nebulization,Salbutamol,10mg daily
8161,2467,2025-07-19,Nebulization,Salbutamol,100mg daily
8162,2468,2025-08-04,Nebulization,Salbutamol,100mg daily
8163,2468,2025-12-09,Nebulization,Salbutamol,50mg daily
8164,2469,2026-03-07,Nebulization,Salbutamol,100mg daily
8165,2469,2025-07-19,Nebulization,Salbutamol,25mg daily
8166,2469,2026-01-31,Nebulization,Salbutamol,100mg daily
8167,2469,2025-04-28,Nebulization,Salbutamol,25mg daily
8168,2470,2025-07-10,Oxygen Therapy,Amoxicillin,50mg daily
8169,2470,2025-08-14,Oxygen Therapy,Amoxicillin,100mg daily
8170,2471,2025-09-16,ECG Monitoring,Aspirin,100mg daily
8171,2472,2025-10-31,Blood Pressure Monitoring,Metoprolol,100mg daily
8172,2472,2026-02-24,Blood Pressure Monitoring,Metoprolol,10mg daily
8173,2472,2025-11-07,Blood Pressure Monitoring,Metoprolol,25mg daily
8174,2473,2025-09-12,ECG Monitoring,Aspirin,25mg daily
8175,2474,2025-08-03,Blood Pressure Monitoring,Metoprolol,10mg daily
8176,2475,2025-09-25,ECG Monitoring,Aspirin,100mg daily
8177,2475,2026-03-02,ECG Monitoring,Aspirin,10mg daily
8178,2475,2025-06-06,ECG Monitoring,Aspirin,100mg daily
8179,2476,2025-05-13,Oxygen Therapy,Amoxicillin,10mg daily
8180,2477,2025-08-14,Oxygen Therapy,Amoxicillin,100mg daily
8181,2477,2025-09-20,Oxygen Therapy,Amoxicillin,100mg daily
8182,2477,2025-12-25,Oxygen Therapy,Amoxicillin,10mg daily
8183,2477,2026-02-24,Oxygen Therapy,Amoxicillin,25mg daily
8184,2478,2026-02-14,Oxygen Therapy,Amoxicillin,50mg daily
8185,2478,2025-06-25,Oxygen Therapy,Amoxicillin,100mg daily
8186,2479,2025-03-11,Oxygen Therapy,Amoxicillin,10mg daily
8187,2479,2025-12-10,Oxygen Therapy,Amoxicillin,100mg daily
8188,2479,2025-09-28,Oxygen Therapy,Amoxicillin,50mg daily
8189,2479,2025-09-26,Oxygen Therapy,Amoxicillin,50mg daily
8190,2480,2025-11-23,ECG Monitoring,Aspirin,100mg daily
8191,2481,2025-04-11,Nebulization,Salbutamol,50mg daily
8192,2481,2025-05-01,Nebulization,Salbutamol,50mg daily
8193,2481,2025-09-23,Nebulization,Salbutamol,50mg daily
8194,2481,2025-03-13,Nebulization,Salbutamol,50mg daily
8195,2482,2026-02-23,IV Fluid Therapy,Atorvastatin,10mg daily
8196,2482,2025-06-08,IV Fluid Therapy,Atorvastatin,50mg daily
8197,2482,2025-09-02,IV Fluid Therapy,Atorvastatin,10mg daily
8198,2482,2025-04-05,IV Fluid Therapy,Atorvastatin,25mg daily
8199,2483,2025-06-08,IV Fluid Therapy,Atorvastatin,100mg daily
8200,2483,2025-04-02,IV Fluid Therapy,Atorvastatin,50mg daily
8201,2483,2026-03-05,IV Fluid Therapy,Atorvastatin,25mg daily
8202,2484,2025-05-04,Oxygen Therapy,Amoxicillin,100mg daily
8203,2484,2025-05-03,Oxygen Therapy,Amoxicillin,100mg daily
8204,2484,2025-05-27,Oxygen Therapy,Amoxicillin,10mg daily
8205,2484,2025-05-27,Oxygen Therapy,Amoxicillin,10mg daily
8206,2485,2026-02-28,Blood Pressure Monitoring,Metoprolol,25mg daily
8207,2485,2026-01-28,Blood Pressure Monitoring,Metoprolol,10mg daily
8208,2485,2025-05-20,Blood Pressure Monitoring,Metoprolol,25mg daily
8209,2486,2025-03-30,Blood Pressure Monitoring,Metoprolol,10mg daily
8210,2487,2026-01-07,Blood Pressure Monitoring,Metoprolol,10mg daily
8211,2487,2025-08-01,Blood Pressure Monitoring,Metoprolol,25mg daily
8212,2488,2025-11-11,Oxygen Therapy,Amoxicillin,25mg daily
8213,2488,2026-03-05,Oxygen Therapy,Amoxicillin,10mg daily
8214,2489,2025-11-12,Nebulization,Salbutamol,50mg daily
8215,2489,2025-08-19,Nebulization,Salbutamol,50mg daily
8216,2490,2025-08-13,Blood Pressure Monitoring,Metoprolol,10mg daily
8217,2490,2025-09-12,Blood Pressure Monitoring,Metoprolol,100mg daily
8218,2490,2025-05-13,Blood Pressure Monitoring,Metoprolol,25mg daily
8219,2491,2026-01-15,Blood Pressure Monitoring,Metoprolol,50mg daily
8220,2491,2025-11-08,Blood Pressure Monitoring,Metoprolol,100mg daily
8221,2491,2026-03-03,Blood Pressure Monitoring,Metoprolol,50mg daily
8222,2492,2025-04-15,Blood Pressure Monitoring,Metoprolol,25mg daily
8223,2492,2026-02-13,Blood Pressure Monitoring,Metoprolol,10mg daily
8224,2493,2025-11-19,Oxygen Therapy,Amoxicillin,50mg daily
8225,2494,2025-07-21,Blood Pressure Monitoring,Metoprolol,10mg daily
8226,2494,2026-02-06,Blood Pressure Monitoring,Metoprolol,100mg daily
8227,2495,2025-08-24,Blood Pressure Monitoring,Metoprolol,100mg daily
8228,2496,2025-09-28,Oxygen Therapy,Amoxicillin,10mg daily
8229,2496,2025-05-08,Oxygen Therapy,Amoxicillin,50mg daily
8230,2496,2025-03-24,Oxygen Therapy,Amoxicillin,25mg daily
8231,2496,2026-01-21,Oxygen Therapy,Amoxicillin,25mg daily
8232,2497,2025-11-12,Nebulization,Salbutamol,50mg daily
8233,2497,2025-12-05,Nebulization,Salbutamol,10mg daily
8234,2497,2025-11-06,Nebulization,Salbutamol,100mg daily
8235,2498,2025-05-19,Oxygen Therapy,Amoxicillin,10mg daily
8236,2498,2025-04-28,Oxygen Therapy,Amoxicillin,25mg daily
8237,2499,2025-09-19,Blood Pressure Monitoring,Metoprolol,100mg daily
8238,2499,2025-12-26,Blood Pressure Monitoring,Metoprolol,25mg daily
8239,2499,2025-04-03,Blood Pressure Monitoring,Metoprolol,50mg daily
8240,2500,2025-07-15,Oxygen Therapy,Amoxicillin,50mg daily
8241,2501,2026-03-02,Oxygen Therapy,Amoxicillin,25mg daily
8242,2502,2025-04-12,ECG Monitoring,Aspirin,50mg daily
8243,2502,2025-04-10,ECG Monitoring,Aspirin,50mg daily
8244,2502,2025-08-26,ECG Monitoring,Aspirin,100mg daily
8245,2502,2025-08-16,ECG Monitoring,Aspirin,25mg daily
8246,2503,2025-06-10,ECG Monitoring,Aspirin,10mg daily
8247,2503,2025-03-19,ECG Monitoring,Aspirin,10mg daily
8248,2503,2025-10-26,ECG Monitoring,Aspirin,100mg daily
8249,2503,2026-02-20,ECG Monitoring,Aspirin,25mg daily
8250,2504,2025-06-14,Oxygen Therapy,Amoxicillin,100mg daily
8251,2505,2026-01-15,Oxygen Therapy,Amoxicillin,25mg daily
8252,2505,2025-10-08,Oxygen Therapy,Amoxicillin,50mg daily
8253,2505,2025-10-12,Oxygen Therapy,Amoxicillin,50mg daily
8254,2506,2025-09-02,Blood Pressure Monitoring,Metoprolol,10mg daily
8255,2507,2025-09-06,IV Fluid Therapy,Atorvastatin,50mg daily
8256,2508,2025-12-06,ECG Monitoring,Aspirin,25mg daily
8257,2509,2025-06-08,ECG Monitoring,Aspirin,50mg daily
8258,2509,2025-04-16,ECG Monitoring,Aspirin,25mg daily
8259,2510,2025-08-26,ECG Monitoring,Aspirin,50mg daily
8260,2511,2025-09-01,ECG Monitoring,Aspirin,100mg daily
8261,2511,2025-05-14,ECG Monitoring,Aspirin,10mg daily
8262,2511,2025-12-21,ECG Monitoring,Aspirin,10mg daily
8263,2511,2025-06-25,ECG Monitoring,Aspirin,100mg daily
8264,2512,2025-09-08,ECG Monitoring,Aspirin,100mg daily
8265,2513,2025-07-03,Nebulization,Salbutamol,100mg daily
8266,2513,2025-12-25,Nebulization,Salbutamol,25mg daily
8267,2513,2025-04-07,Nebulization,Salbutamol,10mg daily
8268,2514,2025-05-02,Oxygen Therapy,Amoxicillin,100mg daily
8269,2514,2026-02-08,Oxygen Therapy,Amoxicillin,10mg daily
8270,2514,2025-04-08,Oxygen Therapy,Amoxicillin,10mg daily
8271,2514,2025-10-29,Oxygen Therapy,Amoxicillin,25mg daily
8272,2515,2025-12-12,Blood Pressure Monitoring,Metoprolol,100mg daily
8273,2515,2025-04-23,Blood Pressure Monitoring,Metoprolol,50mg daily
8274,2516,2025-12-18,ECG Monitoring,Aspirin,100mg daily
8275,2516,2025-12-08,ECG Monitoring,Aspirin,100mg daily
8276,2516,2025-10-22,ECG Monitoring,Aspirin,25mg daily
8277,2517,2025-08-13,ECG Monitoring,Aspirin,10mg daily
8278,2517,2025-12-27,ECG Monitoring,Aspirin,50mg daily
8279,2517,2026-02-13,ECG Monitoring,Aspirin,25mg daily
8280,2518,2025-07-15,ECG Monitoring,Aspirin,25mg daily
8281,2518,2025-11-30,ECG Monitoring,Aspirin,50mg daily
8282,2518,2025-11-01,ECG Monitoring,Aspirin,100mg daily
8283,2519,2025-12-10,Nebulization,Salbutamol,25mg daily
8284,2519,2025-10-30,Nebulization,Salbutamol,50mg daily
8285,2520,2025-03-26,Nebulization,Salbutamol,25mg daily
8286,2521,2025-12-01,Oxygen Therapy,Amoxicillin,50mg daily
8287,2522,2025-07-20,Oxygen Therapy,Amoxicillin,50mg daily
8288,2523,2026-01-10,ECG Monitoring,Aspirin,25mg daily
8289,2524,2025-04-26,ECG Monitoring,Aspirin,25mg daily
8290,2525,2025-10-28,ECG Monitoring,Aspirin,100mg daily
8291,2525,2025-11-15,ECG Monitoring,Aspirin,100mg daily
8292,2526,2025-07-01,Blood Pressure Monitoring,Metoprolol,25mg daily
8293,2527,2025-12-02,ECG Monitoring,Aspirin,100mg daily
8294,2527,2026-02-22,ECG Monitoring,Aspirin,25mg daily
8295,2527,2025-05-15,ECG Monitoring,Aspirin,10mg daily
8296,2527,2025-07-10,ECG Monitoring,Aspirin,50mg daily
8297,2528,2025-04-28,Blood Pressure Monitoring,Metoprolol,25mg daily
8298,2528,2025-05-16,Blood Pressure Monitoring,Metoprolol,25mg daily
8299,2528,2026-02-14,Blood Pressure Monitoring,Metoprolol,100mg daily
8300,2528,2025-07-13,Blood Pressure Monitoring,Metoprolol,100mg daily
8301,2529,2025-09-05,Blood Pressure Monitoring,Metoprolol,50mg daily
8302,2529,2025-10-25,Blood Pressure Monitoring,Metoprolol,100mg daily
8303,2529,2025-03-15,Blood Pressure Monitoring,Metoprolol,10mg daily
8304,2529,2025-04-28,Blood Pressure Monitoring,Metoprolol,25mg daily
8305,2530,2025-03-27,Blood Pressure Monitoring,Metoprolol,10mg daily
8306,2531,2025-10-12,IV Fluid Therapy,Atorvastatin,10mg daily
8307,2531,2026-02-14,IV Fluid Therapy,Atorvastatin,10mg daily
8308,2532,2025-06-22,Blood Pressure Monitoring,Metoprolol,100mg daily
8309,2532,2025-12-29,Blood Pressure Monitoring,Metoprolol,25mg daily
8310,2532,2025-06-27,Blood Pressure Monitoring,Metoprolol,25mg daily
8311,2532,2026-01-14,Blood Pressure Monitoring,Metoprolol,50mg daily
8312,2533,2026-02-22,Blood Pressure Monitoring,Metoprolol,50mg daily
8313,2533,2025-06-25,Blood Pressure Monitoring,Metoprolol,50mg daily
8314,2533,2025-10-17,Blood Pressure Monitoring,Metoprolol,50mg daily
8315,2533,2025-05-30,Blood Pressure Monitoring,Metoprolol,10mg daily
8316,2534,2025-05-17,Blood Pressure Monitoring,Metoprolol,25mg daily
8317,2534,2025-04-17,Blood Pressure Monitoring,Metoprolol,50mg daily
8318,2535,2026-01-31,ECG Monitoring,Aspirin,50mg daily
8319,2535,2025-04-02,ECG Monitoring,Aspirin,10mg daily
8320,2535,2025-04-17,ECG Monitoring,Aspirin,50mg daily
8321,2535,2026-01-30,ECG Monitoring,Aspirin,50mg daily
8322,2536,2025-12-26,ECG Monitoring,Aspirin,10mg daily
8323,2536,2025-06-08,ECG Monitoring,Aspirin,50mg daily
8324,2537,2025-08-22,ECG Monitoring,Aspirin,50mg daily
8325,2537,2025-08-24,ECG Monitoring,Aspirin,50mg daily
8326,2537,2025-07-17,ECG Monitoring,Aspirin,25mg daily
8327,2537,2025-07-04,ECG Monitoring,Aspirin,100mg daily
8328,2538,2026-01-26,Blood Pressure Monitoring,Metoprolol,25mg daily
8329,2538,2025-12-04,Blood Pressure Monitoring,Metoprolol,50mg daily
8330,2538,2025-03-15,Blood Pressure Monitoring,Metoprolol,25mg daily
8331,2539,2025-11-19,Blood Pressure Monitoring,Metoprolol,10mg daily
8332,2539,2025-12-22,Blood Pressure Monitoring,Metoprolol,10mg daily
8333,2539,2025-07-29,Blood Pressure Monitoring,Metoprolol,10mg daily
8334,2539,2026-03-05,Blood Pressure Monitoring,Metoprolol,100mg daily
8335,2540,2026-01-18,Blood Pressure Monitoring,Metoprolol,50mg daily
8336,2541,2025-10-27,Blood Pressure Monitoring,Metoprolol,50mg daily
8337,2541,2026-01-16,Blood Pressure Monitoring,Metoprolol,100mg daily
8338,2542,2025-08-07,Blood Pressure Monitoring,Metoprolol,50mg daily
8339,2543,2025-10-22,Oxygen Therapy,Amoxicillin,100mg daily
8340,2543,2025-07-10,Oxygen Therapy,Amoxicillin,25mg daily
8341,2543,2025-06-28,Oxygen Therapy,Amoxicillin,10mg daily
8342,2544,2026-02-11,Oxygen Therapy,Amoxicillin,100mg daily
8343,2544,2026-01-30,Oxygen Therapy,Amoxicillin,100mg daily
8344,2544,2025-07-10,Oxygen Therapy,Amoxicillin,100mg daily
8345,2544,2026-01-05,Oxygen Therapy,Amoxicillin,100mg daily
8346,2545,2025-12-03,Oxygen Therapy,Amoxicillin,25mg daily
8347,2545,2025-11-13,Oxygen Therapy,Amoxicillin,10mg daily
8348,2546,2025-11-22,Oxygen Therapy,Amoxicillin,100mg daily
8349,2546,2025-08-30,Oxygen Therapy,Amoxicillin,100mg daily
8350,2546,2026-03-11,Oxygen Therapy,Amoxicillin,100mg daily
8351,2546,2026-01-04,Oxygen Therapy,Amoxicillin,10mg daily
8352,2547,2025-05-29,Oxygen Therapy,Amoxicillin,10mg daily
8353,2548,2025-11-07,Oxygen Therapy,Amoxicillin,100mg daily
8354,2548,2025-03-24,Oxygen Therapy,Amoxicillin,10mg daily
8355,2548,2025-06-21,Oxygen Therapy,Amoxicillin,25mg daily
8356,2548,2026-01-30,Oxygen Therapy,Amoxicillin,25mg daily
8357,2549,2025-10-18,IV Fluid Therapy,Atorvastatin,25mg daily
8358,2549,2025-11-02,IV Fluid Therapy,Atorvastatin,25mg daily
8359,2549,2026-01-19,IV Fluid Therapy,Atorvastatin,10mg daily
8360,2549,2025-04-16,IV Fluid Therapy,Atorvastatin,100mg daily
8361,2550,2025-11-13,IV Fluid Therapy,Atorvastatin,50mg daily
8362,2550,2025-11-30,IV Fluid Therapy,Atorvastatin,100mg daily
8363,2551,2025-09-11,Oxygen Therapy,Amoxicillin,100mg daily
8364,2551,2025-11-08,Oxygen Therapy,Amoxicillin,10mg daily
8365,2551,2026-01-09,Oxygen Therapy,Amoxicillin,100mg daily
8366,2552,2025-04-13,Oxygen Therapy,Amoxicillin,25mg daily
8367,2552,2025-11-15,Oxygen Therapy,Amoxicillin,50mg daily
8368,2553,2025-10-01,Oxygen Therapy,Amoxicillin,25mg daily
8369,2553,2026-02-02,Oxygen Therapy,Amoxicillin,100mg daily
8370,2553,2025-07-31,Oxygen Therapy,Amoxicillin,100mg daily
8371,2554,2025-08-24,Oxygen Therapy,Amoxicillin,25mg daily
8372,2554,2025-12-26,Oxygen Therapy,Amoxicillin,100mg daily
8373,2555,2025-07-19,Oxygen Therapy,Amoxicillin,50mg daily
8374,2556,2025-05-25,ECG Monitoring,Aspirin,50mg daily
8375,2556,2026-02-10,ECG Monitoring,Aspirin,10mg daily
8376,2556,2026-01-31,ECG Monitoring,Aspirin,10mg daily
8377,2557,2025-11-26,Oxygen Therapy,Amoxicillin,25mg daily
8378,2557,2025-12-03,Oxygen Therapy,Amoxicillin,25mg daily
8379,2557,2025-03-15,Oxygen Therapy,Amoxicillin,100mg daily
8380,2557,2025-11-06,Oxygen Therapy,Amoxicillin,100mg daily
8381,2558,2025-05-10,Nebulization,Salbutamol,100mg daily
8382,2558,2025-06-29,Nebulization,Salbutamol,25mg daily
8383,2558,2025-11-28,Nebulization,Salbutamol,50mg daily
8384,2559,2025-10-21,Blood Pressure Monitoring,Metoprolol,100mg daily
8385,2560,2025-11-09,ECG Monitoring,Aspirin,100mg daily
8386,2560,2025-09-21,ECG Monitoring,Aspirin,50mg daily
8387,2560,2025-12-24,ECG Monitoring,Aspirin,25mg daily
8388,2560,2025-10-22,ECG Monitoring,Aspirin,10mg daily
8389,2561,2026-01-30,ECG Monitoring,Aspirin,100mg daily
8390,2561,2025-12-03,ECG Monitoring,Aspirin,10mg daily
8391,2562,2025-03-21,Blood Pressure Monitoring,Metoprolol,10mg daily
8392,2563,2025-10-31,ECG Monitoring,Aspirin,50mg daily
8393,2563,2025-04-29,ECG Monitoring,Aspirin,100mg daily
8394,2564,2025-06-21,Oxygen Therapy,Amoxicillin,25mg daily
8395,2564,2025-04-23,Oxygen Therapy,Amoxicillin,25mg daily
8396,2565,2025-03-22,Oxygen Therapy,Amoxicillin,100mg daily
8397,2565,2025-11-05,Oxygen Therapy,Amoxicillin,10mg daily
8398,2565,2026-02-06,Oxygen Therapy,Amoxicillin,100mg daily
8399,2565,2025-08-22,Oxygen Therapy,Amoxicillin,10mg daily
8400,2566,2025-08-13,Blood Pressure Monitoring,Metoprolol,50mg daily
8401,2566,2025-09-04,Blood Pressure Monitoring,Metoprolol,50mg daily
8402,2567,2025-09-22,Nebulization,Salbutamol,50mg daily
8403,2567,2025-05-02,Nebulization,Salbutamol,25mg daily
8404,2568,2025-11-07,Oxygen Therapy,Amoxicillin,50mg daily
8405,2568,2026-01-24,Oxygen Therapy,Amoxicillin,50mg daily
8406,2568,2025-04-30,Oxygen Therapy,Amoxicillin,10mg daily
8407,2569,2025-07-04,ECG Monitoring,Aspirin,25mg daily
8408,2569,2026-01-20,ECG Monitoring,Aspirin,50mg daily
8409,2569,2025-09-24,ECG Monitoring,Aspirin,100mg daily
8410,2569,2025-05-30,ECG Monitoring,Aspirin,10mg daily
8411,2570,2025-04-03,ECG Monitoring,Aspirin,50mg daily
8412,2570,2025-04-20,ECG Monitoring,Aspirin,10mg daily
8413,2570,2025-04-01,ECG Monitoring,Aspirin,100mg daily
8414,2571,2025-11-22,Blood Pressure Monitoring,Metoprolol,50mg daily
8415,2571,2025-05-11,Blood Pressure Monitoring,Metoprolol,100mg daily
8416,2572,2025-08-03,Blood Pressure Monitoring,Metoprolol,10mg daily
8417,2572,2025-10-30,Blood Pressure Monitoring,Metoprolol,10mg daily
8418,2572,2025-09-25,Blood Pressure Monitoring,Metoprolol,100mg daily
8419,2573,2025-08-15,ECG Monitoring,Aspirin,10mg daily
8420,2574,2025-06-29,ECG Monitoring,Aspirin,100mg daily
8421,2575,2025-06-13,Oxygen Therapy,Amoxicillin,100mg daily
8422,2575,2026-01-18,Oxygen Therapy,Amoxicillin,100mg daily
8423,2576,2025-04-26,Oxygen Therapy,Amoxicillin,50mg daily
8424,2576,2025-06-20,Oxygen Therapy,Amoxicillin,25mg daily
8425,2576,2025-08-06,Oxygen Therapy,Amoxicillin,100mg daily
8426,2576,2025-07-16,Oxygen Therapy,Amoxicillin,10mg daily
8427,2577,2026-01-09,ECG Monitoring,Aspirin,100mg daily
8428,2577,2025-08-23,ECG Monitoring,Aspirin,10mg daily
8429,2577,2025-05-27,ECG Monitoring,Aspirin,10mg daily
8430,2578,2025-08-01,ECG Monitoring,Aspirin,50mg daily
8431,2578,2025-04-28,ECG Monitoring,Aspirin,25mg daily
8432,2578,2025-10-01,ECG Monitoring,Aspirin,10mg daily
8433,2579,2025-04-30,ECG Monitoring,Aspirin,25mg daily
8434,2579,2025-05-18,ECG Monitoring,Aspirin,10mg daily
8435,2579,2025-06-23,ECG Monitoring,Aspirin,10mg daily
8436,2580,2025-10-10,Oxygen Therapy,Amoxicillin,10mg daily
8437,2580,2026-02-20,Oxygen Therapy,Amoxicillin,10mg daily
8438,2581,2025-10-26,Oxygen Therapy,Amoxicillin,50mg daily
8439,2581,2025-09-17,Oxygen Therapy,Amoxicillin,25mg daily
8440,2582,2026-03-08,Oxygen Therapy,Amoxicillin,10mg daily
8441,2582,2025-06-19,Oxygen Therapy,Amoxicillin,100mg daily
8442,2582,2025-11-19,Oxygen Therapy,Amoxicillin,10mg daily
8443,2582,2025-05-25,Oxygen Therapy,Amoxicillin,100mg daily
8444,2583,2025-09-08,ECG Monitoring,Aspirin,50mg daily
8445,2583,2025-05-29,ECG Monitoring,Aspirin,10mg daily
8446,2583,2026-01-26,ECG Monitoring,Aspirin,100mg daily
8447,2584,2025-12-09,Oxygen Therapy,Amoxicillin,25mg daily
8448,2584,2026-01-24,Oxygen Therapy,Amoxicillin,10mg daily
8449,2584,2025-09-10,Oxygen Therapy,Amoxicillin,25mg daily
8450,2585,2025-12-08,ECG Monitoring,Aspirin,25mg daily
8451,2585,2026-02-28,ECG Monitoring,Aspirin,10mg daily
8452,2586,2025-10-06,ECG Monitoring,Aspirin,50mg daily
8453,2586,2025-08-16,ECG Monitoring,Aspirin,50mg daily
8454,2587,2026-02-07,Blood Pressure Monitoring,Metoprolol,10mg daily
8455,2588,2025-11-12,Blood Pressure Monitoring,Metoprolol,50mg daily
8456,2589,2025-10-09,Blood Pressure Monitoring,Metoprolol,25mg daily
8457,2589,2025-11-09,Blood Pressure Monitoring,Metoprolol,50mg daily
8458,2589,2025-07-26,Blood Pressure Monitoring,Metoprolol,100mg daily
8459,2589,2025-06-22,Blood Pressure Monitoring,Metoprolol,10mg daily
8460,2590,2025-12-11,Oxygen Therapy,Amoxicillin,100mg daily
8461,2590,2025-06-25,Oxygen Therapy,Amoxicillin,10mg daily
8462,2590,2025-10-14,Oxygen Therapy,Amoxicillin,25mg daily
8463,2591,2025-07-30,Nebulization,Salbutamol,50mg daily
8464,2591,2026-01-24,Nebulization,Salbutamol,50mg daily
8465,2592,2025-08-01,Blood Pressure Monitoring,Metoprolol,10mg daily
8466,2592,2025-06-12,Blood Pressure Monitoring,Metoprolol,25mg daily
8467,2592,2025-12-25,Blood Pressure Monitoring,Metoprolol,10mg daily
8468,2592,2025-03-25,Blood Pressure Monitoring,Metoprolol,25mg daily
8469,2593,2025-03-13,Oxygen Therapy,Amoxicillin,10mg daily
8470,2593,2025-06-14,Oxygen Therapy,Amoxicillin,25mg daily
8471,2593,2025-10-09,Oxygen Therapy,Amoxicillin,25mg daily
8472,2594,2025-08-13,Oxygen Therapy,Amoxicillin,25mg daily
8473,2594,2025-08-13,Oxygen Therapy,Amoxicillin,25mg daily
8474,2594,2025-04-02,Oxygen Therapy,Amoxicillin,50mg daily
8475,2595,2026-02-23,Oxygen Therapy,Amoxicillin,100mg daily
8476,2596,2026-03-01,IV Fluid Therapy,Atorvastatin,10mg daily
8477,2596,2025-10-05,IV Fluid Therapy,Atorvastatin,25mg daily
8478,2596,2025-12-22,IV Fluid Therapy,Atorvastatin,50mg daily
8479,2597,2025-06-09,Oxygen Therapy,Amoxicillin,25mg daily
8480,2597,2025-05-26,Oxygen Therapy,Amoxicillin,25mg daily
8481,2598,2026-02-28,Oxygen Therapy,Amoxicillin,10mg daily
8482,2598,2025-07-17,Oxygen Therapy,Amoxicillin,100mg daily
8483,2599,2025-09-11,Oxygen Therapy,Amoxicillin,100mg daily
8484,2599,2025-12-24,Oxygen Therapy,Amoxicillin,10mg daily
8485,2599,2026-01-01,Oxygen Therapy,Amoxicillin,100mg daily
8486,2599,2025-04-24,Oxygen Therapy,Amoxicillin,50mg daily
8487,2600,2025-07-02,IV Fluid Therapy,Atorvastatin,100mg daily
8488,2600,2026-03-11,IV Fluid Therapy,Atorvastatin,25mg daily
8489,2600,2025-06-09,IV Fluid Therapy,Atorvastatin,10mg daily
8490,2600,2026-03-05,IV Fluid Therapy,Atorvastatin,25mg daily
8491,2601,2025-10-15,IV Fluid Therapy,Atorvastatin,10mg daily
8492,2602,2025-07-01,ECG Monitoring,Aspirin,100mg daily
8493,2602,2025-04-17,ECG Monitoring,Aspirin,50mg daily
8494,2602,2026-01-16,ECG Monitoring,Aspirin,50mg daily
8495,2603,2025-12-04,ECG Monitoring,Aspirin,100mg daily
8496,2603,2025-11-22,ECG Monitoring,Aspirin,50mg daily
8497,2603,2026-03-04,ECG Monitoring,Aspirin,100mg daily
8498,2604,2025-06-25,ECG Monitoring,Aspirin,10mg daily
8499,2604,2025-07-13,ECG Monitoring,Aspirin,25mg daily
8500,2605,2025-05-13,Oxygen Therapy,Amoxicillin,100mg daily
8501,2605,2026-02-11,Oxygen Therapy,Amoxicillin,50mg daily
8502,2606,2025-09-06,Oxygen Therapy,Amoxicillin,50mg daily
8503,2606,2025-11-03,Oxygen Therapy,Amoxicillin,100mg daily
8504,2606,2025-08-02,Oxygen Therapy,Amoxicillin,100mg daily
8505,2607,2025-04-07,Oxygen Therapy,Amoxicillin,25mg daily
8506,2607,2025-07-12,Oxygen Therapy,Amoxicillin,10mg daily
8507,2607,2025-04-04,Oxygen Therapy,Amoxicillin,25mg daily
8508,2608,2025-05-19,IV Fluid Therapy,Atorvastatin,50mg daily
8509,2608,2025-08-30,IV Fluid Therapy,Atorvastatin,50mg daily
8510,2608,2025-10-12,IV Fluid Therapy,Atorvastatin,100mg daily
8511,2609,2025-07-06,ECG Monitoring,Aspirin,10mg daily
8512,2609,2025-03-11,ECG Monitoring,Aspirin,50mg daily
8513,2610,2025-09-25,IV Fluid Therapy,Atorvastatin,10mg daily
8514,2611,2025-03-25,Oxygen Therapy,Amoxicillin,25mg daily
8515,2611,2025-11-25,Oxygen Therapy,Amoxicillin,25mg daily
8516,2611,2025-04-29,Oxygen Therapy,Amoxicillin,25mg daily
8517,2612,2026-01-15,Oxygen Therapy,Amoxicillin,50mg daily
8518,2612,2025-12-11,Oxygen Therapy,Amoxicillin,50mg daily
8519,2612,2026-01-15,Oxygen Therapy,Amoxicillin,25mg daily
8520,2613,2025-05-20,Oxygen Therapy,Amoxicillin,100mg daily
8521,2613,2026-01-05,Oxygen Therapy,Amoxicillin,25mg daily
8522,2613,2025-07-15,Oxygen Therapy,Amoxicillin,10mg daily
8523,2614,2026-01-20,Blood Pressure Monitoring,Metoprolol,50mg daily
8524,2614,2025-03-17,Blood Pressure Monitoring,Metoprolol,100mg daily
8525,2614,2025-04-14,Blood Pressure Monitoring,Metoprolol,50mg daily
8526,2615,2025-04-26,ECG Monitoring,Aspirin,50mg daily
8527,2615,2025-06-09,ECG Monitoring,Aspirin,50mg daily
8528,2615,2025-09-02,ECG Monitoring,Aspirin,25mg daily
8529,2616,2025-12-11,ECG Monitoring,Aspirin,100mg daily
8530,2617,2025-12-09,ECG Monitoring,Aspirin,100mg daily
8531,2617,2025-09-21,ECG Monitoring,Aspirin,25mg daily
8532,2618,2025-03-15,Nebulization,Salbutamol,25mg daily
8533,2618,2025-09-30,Nebulization,Salbutamol,50mg daily
8534,2619,2025-09-25,Nebulization,Salbutamol,100mg daily
8535,2619,2025-06-17,Nebulization,Salbutamol,100mg daily
8536,2620,2025-04-25,ECG Monitoring,Aspirin,100mg daily
8537,2620,2025-07-10,ECG Monitoring,Aspirin,25mg daily
8538,2620,2025-04-22,ECG Monitoring,Aspirin,25mg daily
8539,2620,2026-01-16,ECG Monitoring,Aspirin,10mg daily
8540,2621,2025-09-16,ECG Monitoring,Aspirin,10mg daily
8541,2621,2025-06-28,ECG Monitoring,Aspirin,100mg daily
8542,2621,2025-04-29,ECG Monitoring,Aspirin,100mg daily
8543,2621,2025-11-22,ECG Monitoring,Aspirin,10mg daily
8544,2622,2025-11-15,ECG Monitoring,Aspirin,25mg daily
8545,2622,2025-11-21,ECG Monitoring,Aspirin,10mg daily
8546,2622,2025-07-20,ECG Monitoring,Aspirin,10mg daily
8547,2622,2026-02-20,ECG Monitoring,Aspirin,50mg daily
8548,2623,2025-05-25,Oxygen Therapy,Amoxicillin,100mg daily
8549,2623,2025-06-01,Oxygen Therapy,Amoxicillin,25mg daily
8550,2624,2025-08-11,Oxygen Therapy,Amoxicillin,25mg daily
8551,2624,2025-08-16,Oxygen Therapy,Amoxicillin,100mg daily
8552,2624,2026-02-14,Oxygen Therapy,Amoxicillin,10mg daily
8553,2624,2026-02-07,Oxygen Therapy,Amoxicillin,100mg daily
8554,2625,2025-09-05,Oxygen Therapy,Amoxicillin,10mg daily
8555,2625,2025-12-21,Oxygen Therapy,Amoxicillin,25mg daily
8556,2626,2025-12-30,Blood Pressure Monitoring,Metoprolol,50mg daily
8557,2626,2025-11-09,Blood Pressure Monitoring,Metoprolol,50mg daily
8558,2626,2025-08-05,Blood Pressure Monitoring,Metoprolol,50mg daily
8559,2626,2025-04-19,Blood Pressure Monitoring,Metoprolol,25mg daily
8560,2627,2025-08-02,ECG Monitoring,Aspirin,25mg daily
8561,2627,2025-12-01,ECG Monitoring,Aspirin,10mg daily
8562,2627,2026-01-21,ECG Monitoring,Aspirin,100mg daily
8563,2627,2025-05-24,ECG Monitoring,Aspirin,100mg daily
8564,2628,2025-06-28,IV Fluid Therapy,Atorvastatin,10mg daily
8565,2628,2025-03-25,IV Fluid Therapy,Atorvastatin,10mg daily
8566,2628,2025-09-25,IV Fluid Therapy,Atorvastatin,25mg daily
8567,2628,2025-04-06,IV Fluid Therapy,Atorvastatin,100mg daily
8568,2629,2025-08-20,ECG Monitoring,Aspirin,10mg daily
8569,2630,2025-08-25,ECG Monitoring,Aspirin,50mg daily
8570,2631,2025-10-05,Oxygen Therapy,Amoxicillin,100mg daily
8571,2631,2025-10-03,Oxygen Therapy,Amoxicillin,50mg daily
8572,2632,2025-11-02,IV Fluid Therapy,Atorvastatin,25mg daily
8573,2632,2025-09-25,IV Fluid Therapy,Atorvastatin,50mg daily
8574,2632,2025-11-17,IV Fluid Therapy,Atorvastatin,10mg daily
8575,2632,2025-09-20,IV Fluid Therapy,Atorvastatin,10mg daily
8576,2633,2026-02-15,IV Fluid Therapy,Atorvastatin,25mg daily
8577,2633,2026-03-04,IV Fluid Therapy,Atorvastatin,25mg daily
8578,2634,2025-05-22,ECG Monitoring,Aspirin,10mg daily
8579,2634,2026-01-01,ECG Monitoring,Aspirin,10mg daily
8580,2635,2025-06-01,IV Fluid Therapy,Atorvastatin,10mg daily
8581,2635,2025-06-15,IV Fluid Therapy,Atorvastatin,100mg daily
8582,2635,2025-04-09,IV Fluid Therapy,Atorvastatin,10mg daily
8583,2635,2025-11-05,IV Fluid Therapy,Atorvastatin,50mg daily
8584,2636,2025-06-15,IV Fluid Therapy,Atorvastatin,10mg daily
8585,2636,2025-11-03,IV Fluid Therapy,Atorvastatin,10mg daily
8586,2636,2025-05-15,IV Fluid Therapy,Atorvastatin,10mg daily
8587,2636,2025-03-14,IV Fluid Therapy,Atorvastatin,100mg daily
8588,2637,2025-07-13,Oxygen Therapy,Amoxicillin,25mg daily
8589,2637,2026-01-16,Oxygen Therapy,Amoxicillin,100mg daily
8590,2638,2025-09-21,Oxygen Therapy,Amoxicillin,50mg daily
8591,2638,2025-11-08,Oxygen Therapy,Amoxicillin,100mg daily
8592,2638,2025-12-14,Oxygen Therapy,Amoxicillin,100mg daily
8593,2638,2025-11-13,Oxygen Therapy,Amoxicillin,50mg daily
8594,2639,2025-12-17,Oxygen Therapy,Amoxicillin,10mg daily
8595,2639,2025-11-13,Oxygen Therapy,Amoxicillin,100mg daily
8596,2639,2026-01-30,Oxygen Therapy,Amoxicillin,10mg daily
8597,2640,2025-10-29,Oxygen Therapy,Amoxicillin,10mg daily
8598,2640,2025-09-09,Oxygen Therapy,Amoxicillin,50mg daily
8599,2640,2026-01-14,Oxygen Therapy,Amoxicillin,50mg daily
8600,2641,2025-06-07,Oxygen Therapy,Amoxicillin,25mg daily
8601,2641,2025-09-04,Oxygen Therapy,Amoxicillin,10mg daily
8602,2641,2025-10-17,Oxygen Therapy,Amoxicillin,25mg daily
8603,2642,2025-09-15,IV Fluid Therapy,Atorvastatin,25mg daily
8604,2642,2025-11-04,IV Fluid Therapy,Atorvastatin,100mg daily
8605,2642,2025-08-10,IV Fluid Therapy,Atorvastatin,50mg daily
8606,2643,2025-10-01,IV Fluid Therapy,Atorvastatin,10mg daily
8607,2644,2025-12-31,ECG Monitoring,Aspirin,10mg daily
8608,2644,2026-01-15,ECG Monitoring,Aspirin,25mg daily
8609,2645,2026-01-23,Oxygen Therapy,Amoxicillin,10mg daily
8610,2645,2025-08-31,Oxygen Therapy,Amoxicillin,100mg daily
8611,2645,2025-07-22,Oxygen Therapy,Amoxicillin,100mg daily
8612,2646,2025-05-23,ECG Monitoring,Aspirin,25mg daily
8613,2646,2026-02-16,ECG Monitoring,Aspirin,25mg daily
8614,2646,2025-05-22,ECG Monitoring,Aspirin,25mg daily
8615,2646,2025-06-06,ECG Monitoring,Aspirin,50mg daily
8616,2647,2025-06-13,Oxygen Therapy,Amoxicillin,100mg daily
8617,2648,2025-07-16,Oxygen Therapy,Amoxicillin,50mg daily
8618,2649,2025-09-29,Oxygen Therapy,Amoxicillin,50mg daily
8619,2649,2025-07-18,Oxygen Therapy,Amoxicillin,25mg daily
8620,2650,2025-06-02,Oxygen Therapy,Amoxicillin,100mg daily
8621,2650,2025-12-22,Oxygen Therapy,Amoxicillin,25mg daily
8622,2651,2025-10-31,Oxygen Therapy,Amoxicillin,10mg daily
8623,2652,2026-01-05,Oxygen Therapy,Amoxicillin,10mg daily
8624,2653,2025-04-13,ECG Monitoring,Aspirin,10mg daily
8625,2653,2025-09-05,ECG Monitoring,Aspirin,25mg daily
8626,2654,2025-03-18,ECG Monitoring,Aspirin,50mg daily
8627,2655,2025-09-20,Oxygen Therapy,Amoxicillin,50mg daily
8628,2655,2025-08-01,Oxygen Therapy,Amoxicillin,25mg daily
8629,2655,2025-12-29,Oxygen Therapy,Amoxicillin,25mg daily
8630,2655,2025-04-25,Oxygen Therapy,Amoxicillin,10mg daily
8631,2656,2025-08-06,Nebulization,Salbutamol,50mg daily
8632,2656,2026-02-27,Nebulization,Salbutamol,10mg daily
8633,2657,2025-07-11,Nebulization,Salbutamol,25mg daily
8634,2657,2026-01-25,Nebulization,Salbutamol,100mg daily
8635,2657,2025-05-06,Nebulization,Salbutamol,50mg daily
8636,2658,2026-03-03,Oxygen Therapy,Amoxicillin,100mg daily
8637,2658,2025-12-22,Oxygen Therapy,Amoxicillin,50mg daily
8638,2659,2026-03-10,Oxygen Therapy,Amoxicillin,25mg daily
8639,2660,2025-12-16,Oxygen Therapy,Amoxicillin,25mg daily
8640,2660,2025-07-07,Oxygen Therapy,Amoxicillin,10mg daily
8641,2660,2025-03-11,Oxygen Therapy,Amoxicillin,100mg daily
8642,2660,2025-10-23,Oxygen Therapy,Amoxicillin,50mg daily
8643,2661,2025-04-03,Oxygen Therapy,Amoxicillin,10mg daily
8644,2661,2025-11-23,Oxygen Therapy,Amoxicillin,50mg daily
8645,2661,2026-02-13,Oxygen Therapy,Amoxicillin,100mg daily
8646,2662,2025-04-01,Oxygen Therapy,Amoxicillin,10mg daily
8647,2662,2025-07-11,Oxygen Therapy,Amoxicillin,100mg daily
8648,2663,2025-08-28,Oxygen Therapy,Amoxicillin,50mg daily
8649,2663,2026-01-16,Oxygen Therapy,Amoxicillin,10mg daily
8650,2664,2025-07-05,IV Fluid Therapy,Atorvastatin,50mg daily
8651,2664,2025-04-28,IV Fluid Therapy,Atorvastatin,25mg daily
8652,2665,2025-07-14,IV Fluid Therapy,Atorvastatin,25mg daily
8653,2665,2025-11-18,IV Fluid Therapy,Atorvastatin,25mg daily
8654,2665,2025-11-10,IV Fluid Therapy,Atorvastatin,25mg daily
8655,2666,2025-06-25,ECG Monitoring,Aspirin,100mg daily
8656,2666,2025-09-03,ECG Monitoring,Aspirin,10mg daily
8657,2667,2025-07-15,Blood Pressure Monitoring,Metoprolol,50mg daily
8658,2667,2025-03-28,Blood Pressure Monitoring,Metoprolol,10mg daily
8659,2667,2025-07-22,Blood Pressure Monitoring,Metoprolol,100mg daily
8660,2668,2025-10-17,ECG Monitoring,Aspirin,100mg daily
8661,2668,2025-06-23,ECG Monitoring,Aspirin,25mg daily
8662,2668,2025-12-10,ECG Monitoring,Aspirin,10mg daily
8663,2668,2026-02-18,ECG Monitoring,Aspirin,100mg daily
8664,2669,2025-12-30,ECG Monitoring,Aspirin,100mg daily
8665,2670,2025-06-12,ECG Monitoring,Aspirin,10mg daily
8666,2670,2025-04-18,ECG Monitoring,Aspirin,25mg daily
8667,2670,2025-06-17,ECG Monitoring,Aspirin,25mg daily
8668,2670,2025-05-09,ECG Monitoring,Aspirin,25mg daily
8669,2671,2025-07-20,Oxygen Therapy,Amoxicillin,50mg daily
8670,2671,2025-06-03,Oxygen Therapy,Amoxicillin,25mg daily
8671,2671,2025-12-06,Oxygen Therapy,Amoxicillin,100mg daily
8672,2671,2025-04-13,Oxygen Therapy,Amoxicillin,10mg daily
8673,2672,2025-10-28,ECG Monitoring,Aspirin,25mg daily
8674,2672,2025-07-05,ECG Monitoring,Aspirin,100mg daily
8675,2672,2025-11-22,ECG Monitoring,Aspirin,100mg daily
8676,2672,2025-07-29,ECG Monitoring,Aspirin,10mg daily
8677,2673,2025-08-03,IV Fluid Therapy,Atorvastatin,50mg daily
8678,2673,2025-05-21,IV Fluid Therapy,Atorvastatin,100mg daily
8679,2673,2025-10-29,IV Fluid Therapy,Atorvastatin,100mg daily
8680,2674,2025-07-24,IV Fluid Therapy,Atorvastatin,25mg daily
8681,2674,2025-10-11,IV Fluid Therapy,Atorvastatin,50mg daily
8682,2674,2025-06-14,IV Fluid Therapy,Atorvastatin,25mg daily
8683,2675,2025-10-05,ECG Monitoring,Aspirin,100mg daily
8684,2675,2026-02-27,ECG Monitoring,Aspirin,25mg daily
8685,2675,2025-10-15,ECG Monitoring,Aspirin,10mg daily
8686,2675,2025-06-16,ECG Monitoring,Aspirin,50mg daily
8687,2676,2026-03-07,Blood Pressure Monitoring,Metoprolol,10mg daily
8688,2677,2025-07-08,Blood Pressure Monitoring,Metoprolol,100mg daily
8689,2677,2025-07-06,Blood Pressure Monitoring,Metoprolol,50mg daily
8690,2677,2025-10-13,Blood Pressure Monitoring,Metoprolol,50mg daily
8691,2677,2025-05-07,Blood Pressure Monitoring,Metoprolol,25mg daily
8692,2678,2025-09-18,Blood Pressure Monitoring,Metoprolol,50mg daily
8693,2678,2025-05-15,Blood Pressure Monitoring,Metoprolol,25mg daily
8694,2679,2025-07-10,Blood Pressure Monitoring,Metoprolol,25mg daily
8695,2679,2025-05-03,Blood Pressure Monitoring,Metoprolol,10mg daily
8696,2679,2025-07-22,Blood Pressure Monitoring,Metoprolol,50mg daily
8697,2679,2025-12-08,Blood Pressure Monitoring,Metoprolol,50mg daily
8698,2680,2026-01-31,Blood Pressure Monitoring,Metoprolol,25mg daily
8699,2680,2025-09-22,Blood Pressure Monitoring,Metoprolol,50mg daily
8700,2680,2026-02-07,Blood Pressure Monitoring,Metoprolol,25mg daily
8701,2681,2025-10-18,Blood Pressure Monitoring,Metoprolol,25mg daily
8702,2682,2025-09-28,Blood Pressure Monitoring,Metoprolol,10mg daily
8703,2682,2025-07-08,Blood Pressure Monitoring,Metoprolol,50mg daily
8704,2683,2025-11-14,ECG Monitoring,Aspirin,100mg daily
8705,2684,2025-10-27,Blood Pressure Monitoring,Metoprolol,50mg daily
8706,2684,2026-03-06,Blood Pressure Monitoring,Metoprolol,10mg daily
8707,2684,2025-12-02,Blood Pressure Monitoring,Metoprolol,100mg daily
8708,2684,2025-05-25,Blood Pressure Monitoring,Metoprolol,10mg daily
8709,2685,2025-10-09,Blood Pressure Monitoring,Metoprolol,25mg daily
8710,2686,2025-09-07,Blood Pressure Monitoring,Metoprolol,10mg daily
8711,2686,2025-09-21,Blood Pressure Monitoring,Metoprolol,10mg daily
8712,2686,2026-01-08,Blood Pressure Monitoring,Metoprolol,100mg daily
8713,2687,2025-04-21,Blood Pressure Monitoring,Metoprolol,100mg daily
8714,2687,2025-07-02,Blood Pressure Monitoring,Metoprolol,10mg daily
8715,2687,2025-06-10,Blood Pressure Monitoring,Metoprolol,50mg daily
8716,2687,2026-02-10,Blood Pressure Monitoring,Metoprolol,100mg daily
8717,2688,2025-10-31,ECG Monitoring,Aspirin,100mg daily
8718,2688,2026-01-15,ECG Monitoring,Aspirin,10mg daily
8719,2688,2025-12-25,ECG Monitoring,Aspirin,10mg daily
8720,2689,2026-01-20,Oxygen Therapy,Amoxicillin,100mg daily
8721,2690,2026-02-22,Oxygen Therapy,Amoxicillin,25mg daily
8722,2691,2025-03-23,Blood Pressure Monitoring,Metoprolol,10mg daily
8723,2691,2025-07-20,Blood Pressure Monitoring,Metoprolol,100mg daily
8724,2691,2025-08-26,Blood Pressure Monitoring,Metoprolol,10mg daily
8725,2691,2025-12-25,Blood Pressure Monitoring,Metoprolol,50mg daily
8726,2692,2026-01-18,Blood Pressure Monitoring,Metoprolol,50mg daily
8727,2692,2026-01-28,Blood Pressure Monitoring,Metoprolol,25mg daily
8728,2692,2025-10-15,Blood Pressure Monitoring,Metoprolol,100mg daily
8729,2693,2025-05-19,IV Fluid Therapy,Atorvastatin,25mg daily
8730,2693,2025-05-24,IV Fluid Therapy,Atorvastatin,100mg daily
8731,2694,2025-04-22,ECG Monitoring,Aspirin,50mg daily
8732,2694,2026-02-17,ECG Monitoring,Aspirin,10mg daily
8733,2694,2025-06-09,ECG Monitoring,Aspirin,10mg daily
8734,2695,2025-11-02,ECG Monitoring,Aspirin,100mg daily
8735,2695,2026-01-27,ECG Monitoring,Aspirin,50mg daily
8736,2695,2025-07-28,ECG Monitoring,Aspirin,10mg daily
8737,2695,2025-07-13,ECG Monitoring,Aspirin,50mg daily
8738,2696,2025-07-15,ECG Monitoring,Aspirin,25mg daily
8739,2696,2026-01-10,ECG Monitoring,Aspirin,50mg daily
8740,2696,2025-11-13,ECG Monitoring,Aspirin,50mg daily
8741,2696,2025-10-20,ECG Monitoring,Aspirin,25mg daily
8742,2697,2025-09-26,ECG Monitoring,Aspirin,10mg daily
8743,2697,2026-01-06,ECG Monitoring,Aspirin,10mg daily
8744,2697,2025-04-13,ECG Monitoring,Aspirin,50mg daily
8745,2698,2026-02-14,ECG Monitoring,Aspirin,50mg daily
8746,2698,2025-12-27,ECG Monitoring,Aspirin,100mg daily
8747,2698,2025-04-15,ECG Monitoring,Aspirin,25mg daily
8748,2698,2025-07-24,ECG Monitoring,Aspirin,100mg daily
8749,2699,2026-01-06,ECG Monitoring,Aspirin,25mg daily
8750,2699,2025-04-22,ECG Monitoring,Aspirin,50mg daily
8751,2699,2025-07-09,ECG Monitoring,Aspirin,10mg daily
8752,2699,2025-10-08,ECG Monitoring,Aspirin,50mg daily
8753,2700,2025-04-13,ECG Monitoring,Aspirin,10mg daily
8754,2700,2025-08-20,ECG Monitoring,Aspirin,50mg daily
8755,2700,2025-06-22,ECG Monitoring,Aspirin,50mg daily
8756,2700,2026-02-25,ECG Monitoring,Aspirin,50mg daily
8757,2701,2025-08-30,ECG Monitoring,Aspirin,100mg daily
8758,2702,2025-04-04,Blood Pressure Monitoring,Metoprolol,25mg daily
8759,2703,2025-10-17,Oxygen Therapy,Amoxicillin,100mg daily
8760,2704,2026-01-30,ECG Monitoring,Aspirin,10mg daily
8761,2704,2025-07-23,ECG Monitoring,Aspirin,100mg daily
8762,2705,2026-02-26,ECG Monitoring,Aspirin,100mg daily
8763,2705,2025-12-26,ECG Monitoring,Aspirin,50mg daily
8764,2706,2025-05-15,IV Fluid Therapy,Atorvastatin,10mg daily
8765,2706,2025-05-15,IV Fluid Therapy,Atorvastatin,50mg daily
8766,2706,2025-08-24,IV Fluid Therapy,Atorvastatin,100mg daily
8767,2707,2025-05-13,Oxygen Therapy,Amoxicillin,10mg daily
8768,2707,2025-03-21,Oxygen Therapy,Amoxicillin,50mg daily
8769,2707,2025-04-11,Oxygen Therapy,Amoxicillin,10mg daily
8770,2708,2025-07-15,ECG Monitoring,Aspirin,100mg daily
8771,2709,2026-02-20,ECG Monitoring,Aspirin,50mg daily
8772,2709,2025-07-26,ECG Monitoring,Aspirin,10mg daily
8773,2710,2025-07-29,ECG Monitoring,Aspirin,100mg daily
8774,2710,2025-07-31,ECG Monitoring,Aspirin,25mg daily
8775,2711,2026-01-14,Blood Pressure Monitoring,Metoprolol,100mg daily
8776,2711,2025-10-24,Blood Pressure Monitoring,Metoprolol,100mg daily
8777,2711,2025-06-12,Blood Pressure Monitoring,Metoprolol,25mg daily
8778,2712,2025-07-02,Oxygen Therapy,Amoxicillin,100mg daily
8779,2712,2025-10-07,Oxygen Therapy,Amoxicillin,25mg daily
8780,2713,2026-03-02,Oxygen Therapy,Amoxicillin,50mg daily
8781,2713,2026-01-30,Oxygen Therapy,Amoxicillin,25mg daily
8782,2713,2025-09-28,Oxygen Therapy,Amoxicillin,50mg daily
8783,2714,2025-05-21,Oxygen Therapy,Amoxicillin,10mg daily
8784,2714,2025-07-18,Oxygen Therapy,Amoxicillin,100mg daily
8785,2714,2025-04-09,Oxygen Therapy,Amoxicillin,25mg daily
8786,2715,2025-10-17,Oxygen Therapy,Amoxicillin,100mg daily
8787,2716,2026-03-08,Nebulization,Salbutamol,25mg daily
8788,2716,2025-10-03,Nebulization,Salbutamol,100mg daily
8789,2716,2025-03-12,Nebulization,Salbutamol,25mg daily
8790,2717,2025-10-30,Oxygen Therapy,Amoxicillin,25mg daily
8791,2718,2025-08-04,Blood Pressure Monitoring,Metoprolol,50mg daily
8792,2718,2025-04-11,Blood Pressure Monitoring,Metoprolol,50mg daily
8793,2718,2025-11-13,Blood Pressure Monitoring,Metoprolol,10mg daily
8794,2719,2025-10-14,Blood Pressure Monitoring,Metoprolol,25mg daily
8795,2720,2025-11-21,Blood Pressure Monitoring,Metoprolol,100mg daily
8796,2720,2025-09-10,Blood Pressure Monitoring,Metoprolol,100mg daily
8797,2720,2025-04-27,Blood Pressure Monitoring,Metoprolol,50mg daily
8798,2720,2025-10-31,Blood Pressure Monitoring,Metoprolol,100mg daily
8799,2721,2026-03-03,Blood Pressure Monitoring,Metoprolol,100mg daily
8800,2722,2026-01-21,Blood Pressure Monitoring,Metoprolol,100mg daily
8801,2722,2025-05-18,Blood Pressure Monitoring,Metoprolol,100mg daily
8802,2722,2025-10-03,Blood Pressure Monitoring,Metoprolol,100mg daily
8803,2722,2025-07-01,Blood Pressure Monitoring,Metoprolol,100mg daily
8804,2723,2025-09-25,Blood Pressure Monitoring,Metoprolol,50mg daily
8805,2724,2025-04-08,Oxygen Therapy,Amoxicillin,10mg daily
8806,2724,2025-11-11,Oxygen Therapy,Amoxicillin,25mg daily
8807,2724,2025-08-20,Oxygen Therapy,Amoxicillin,25mg daily
8808,2725,2025-07-02,Oxygen Therapy,Amoxicillin,100mg daily
8809,2726,2025-10-07,Oxygen Therapy,Amoxicillin,100mg daily
8810,2726,2025-11-09,Oxygen Therapy,Amoxicillin,25mg daily
8811,2726,2025-07-14,Oxygen Therapy,Amoxicillin,50mg daily
8812,2727,2025-09-18,Oxygen Therapy,Amoxicillin,100mg daily
8813,2727,2025-08-04,Oxygen Therapy,Amoxicillin,10mg daily
8814,2727,2025-06-10,Oxygen Therapy,Amoxicillin,25mg daily
8815,2728,2026-01-28,Oxygen Therapy,Amoxicillin,100mg daily
8816,2728,2025-07-23,Oxygen Therapy,Amoxicillin,25mg daily
8817,2728,2026-02-12,Oxygen Therapy,Amoxicillin,10mg daily
8818,2728,2025-09-01,Oxygen Therapy,Amoxicillin,25mg daily
8819,2729,2026-02-06,Oxygen Therapy,Amoxicillin,50mg daily
8820,2730,2025-03-25,Nebulization,Salbutamol,50mg daily
8821,2730,2025-09-28,Nebulization,Salbutamol,10mg daily
8822,2730,2025-08-14,Nebulization,Salbutamol,25mg daily
8823,2731,2025-07-25,Oxygen Therapy,Amoxicillin,50mg daily
8824,2732,2025-08-11,ECG Monitoring,Aspirin,50mg daily
8825,2733,2025-11-03,Oxygen Therapy,Amoxicillin,10mg daily
8826,2733,2026-02-23,Oxygen Therapy,Amoxicillin,50mg daily
8827,2733,2025-06-22,Oxygen Therapy,Amoxicillin,25mg daily
8828,2733,2025-05-19,Oxygen Therapy,Amoxicillin,10mg daily
8829,2734,2025-04-30,Oxygen Therapy,Amoxicillin,50mg daily
8830,2734,2025-03-19,Oxygen Therapy,Amoxicillin,25mg daily
8831,2734,2025-09-24,Oxygen Therapy,Amoxicillin,50mg daily
8832,2735,2026-01-28,ECG Monitoring,Aspirin,100mg daily
8833,2735,2025-03-26,ECG Monitoring,Aspirin,100mg daily
8834,2735,2025-07-25,ECG Monitoring,Aspirin,100mg daily
8835,2735,2025-06-25,ECG Monitoring,Aspirin,100mg daily
8836,2736,2025-09-01,Oxygen Therapy,Amoxicillin,25mg daily
8837,2736,2025-09-21,Oxygen Therapy,Amoxicillin,100mg daily
8838,2736,2026-02-08,Oxygen Therapy,Amoxicillin,10mg daily
8839,2736,2026-02-17,Oxygen Therapy,Amoxicillin,50mg daily
8840,2737,2025-08-06,Oxygen Therapy,Amoxicillin,10mg daily
8841,2738,2025-10-17,Oxygen Therapy,Amoxicillin,25mg daily
8842,2738,2026-03-09,Oxygen Therapy,Amoxicillin,10mg daily
8843,2738,2025-03-16,Oxygen Therapy,Amoxicillin,10mg daily
8844,2738,2025-05-18,Oxygen Therapy,Amoxicillin,25mg daily
8845,2739,2025-08-28,Blood Pressure Monitoring,Metoprolol,25mg daily
8846,2739,2025-05-30,Blood Pressure Monitoring,Metoprolol,50mg daily
8847,2740,2025-12-26,Blood Pressure Monitoring,Metoprolol,100mg daily
8848,2741,2025-09-16,IV Fluid Therapy,Atorvastatin,100mg daily
8849,2741,2025-12-04,IV Fluid Therapy,Atorvastatin,50mg daily
8850,2741,2026-02-20,IV Fluid Therapy,Atorvastatin,25mg daily
8851,2742,2026-01-29,ECG Monitoring,Aspirin,10mg daily
8852,2742,2026-01-03,ECG Monitoring,Aspirin,50mg daily
8853,2743,2025-12-03,ECG Monitoring,Aspirin,50mg daily
8854,2743,2026-03-09,ECG Monitoring,Aspirin,50mg daily
8855,2743,2025-07-06,ECG Monitoring,Aspirin,50mg daily
8856,2744,2025-11-27,Oxygen Therapy,Amoxicillin,100mg daily
8857,2744,2025-07-02,Oxygen Therapy,Amoxicillin,10mg daily
8858,2745,2025-05-18,Oxygen Therapy,Amoxicillin,10mg daily
8859,2745,2026-01-09,Oxygen Therapy,Amoxicillin,50mg daily
8860,2745,2025-03-17,Oxygen Therapy,Amoxicillin,10mg daily
8861,2746,2025-11-20,Oxygen Therapy,Amoxicillin,25mg daily
8862,2746,2025-12-09,Oxygen Therapy,Amoxicillin,100mg daily
8863,2746,2025-12-14,Oxygen Therapy,Amoxicillin,100mg daily
8864,2747,2026-01-14,Oxygen Therapy,Amoxicillin,100mg daily
8865,2747,2025-11-17,Oxygen Therapy,Amoxicillin,10mg daily
8866,2748,2025-09-23,Oxygen Therapy,Amoxicillin,10mg daily
8867,2748,2025-11-21,Oxygen Therapy,Amoxicillin,100mg daily
8868,2748,2025-10-17,Oxygen Therapy,Amoxicillin,100mg daily
8869,2749,2025-10-04,Oxygen Therapy,Amoxicillin,25mg daily
8870,2750,2026-01-19,Oxygen Therapy,Amoxicillin,25mg daily
8871,2750,2025-12-21,Oxygen Therapy,Amoxicillin,50mg daily
8872,2750,2026-01-18,Oxygen Therapy,Amoxicillin,10mg daily
8873,2750,2025-04-24,Oxygen Therapy,Amoxicillin,25mg daily
8874,2751,2025-10-16,Oxygen Therapy,Amoxicillin,50mg daily
8875,2751,2025-10-10,Oxygen Therapy,Amoxicillin,10mg daily
8876,2751,2025-09-16,Oxygen Therapy,Amoxicillin,25mg daily
8877,2751,2025-09-26,Oxygen Therapy,Amoxicillin,50mg daily
8878,2752,2025-09-13,Oxygen Therapy,Amoxicillin,25mg daily
8879,2752,2026-03-04,Oxygen Therapy,Amoxicillin,10mg daily
8880,2753,2025-06-21,Blood Pressure Monitoring,Metoprolol,100mg daily
8881,2753,2025-09-12,Blood Pressure Monitoring,Metoprolol,10mg daily
8882,2753,2025-11-19,Blood Pressure Monitoring,Metoprolol,25mg daily
8883,2753,2025-04-14,Blood Pressure Monitoring,Metoprolol,25mg daily
8884,2754,2026-02-28,Blood Pressure Monitoring,Metoprolol,10mg daily
8885,2754,2025-03-29,Blood Pressure Monitoring,Metoprolol,25mg daily
8886,2754,2025-10-11,Blood Pressure Monitoring,Metoprolol,100mg daily
8887,2754,2025-12-31,Blood Pressure Monitoring,Metoprolol,100mg daily
8888,2755,2026-01-28,Oxygen Therapy,Amoxicillin,100mg daily
8889,2756,2025-06-02,Oxygen Therapy,Amoxicillin,100mg daily
8890,2757,2025-05-05,Oxygen Therapy,Amoxicillin,25mg daily
8891,2757,2025-11-25,Oxygen Therapy,Amoxicillin,50mg daily
8892,2757,2025-09-02,Oxygen Therapy,Amoxicillin,100mg daily
8893,2757,2025-11-06,Oxygen Therapy,Amoxicillin,100mg daily
8894,2758,2026-02-27,Oxygen Therapy,Amoxicillin,50mg daily
8895,2758,2026-02-20,Oxygen Therapy,Amoxicillin,10mg daily
8896,2758,2025-09-11,Oxygen Therapy,Amoxicillin,25mg daily
8897,2758,2025-11-17,Oxygen Therapy,Amoxicillin,10mg daily
8898,2759,2025-09-23,Oxygen Therapy,Amoxicillin,100mg daily
8899,2760,2025-03-13,Oxygen Therapy,Amoxicillin,100mg daily
8900,2761,2025-07-09,Oxygen Therapy,Amoxicillin,25mg daily
8901,2762,2025-07-18,Oxygen Therapy,Amoxicillin,25mg daily
8902,2762,2026-01-03,Oxygen Therapy,Amoxicillin,25mg daily
8903,2762,2025-10-11,Oxygen Therapy,Amoxicillin,100mg daily
8904,2763,2025-06-12,Oxygen Therapy,Amoxicillin,10mg daily
8905,2764,2025-12-26,Oxygen Therapy,Amoxicillin,10mg daily
8906,2764,2025-04-04,Oxygen Therapy,Amoxicillin,10mg daily
8907,2765,2025-04-13,ECG Monitoring,Aspirin,25mg daily
8908,2765,2025-05-06,ECG Monitoring,Aspirin,10mg daily
8909,2765,2026-03-01,ECG Monitoring,Aspirin,50mg daily
8910,2766,2025-12-14,ECG Monitoring,Aspirin,50mg daily
8911,2766,2025-07-13,ECG Monitoring,Aspirin,25mg daily
8912,2766,2026-01-27,ECG Monitoring,Aspirin,100mg daily
8913,2767,2025-06-17,ECG Monitoring,Aspirin,100mg daily
8914,2767,2025-03-26,ECG Monitoring,Aspirin,50mg daily
8915,2767,2025-12-06,ECG Monitoring,Aspirin,10mg daily
8916,2768,2025-07-24,ECG Monitoring,Aspirin,50mg daily
8917,2769,2025-06-06,ECG Monitoring,Aspirin,100mg daily
8918,2769,2026-02-17,ECG Monitoring,Aspirin,50mg daily
8919,2770,2025-04-16,ECG Monitoring,Aspirin,100mg daily
8920,2770,2025-07-17,ECG Monitoring,Aspirin,50mg daily
8921,2770,2025-07-14,ECG Monitoring,Aspirin,100mg daily
8922,2771,2025-04-07,ECG Monitoring,Aspirin,50mg daily
8923,2771,2025-09-08,ECG Monitoring,Aspirin,10mg daily
8924,2771,2025-07-07,ECG Monitoring,Aspirin,50mg daily
8925,2771,2025-08-06,ECG Monitoring,Aspirin,100mg daily
8926,2772,2026-03-03,ECG Monitoring,Aspirin,50mg daily
8927,2772,2026-02-15,ECG Monitoring,Aspirin,50mg daily
8928,2772,2025-07-24,ECG Monitoring,Aspirin,50mg daily
8929,2773,2025-05-30,ECG Monitoring,Aspirin,25mg daily
8930,2773,2025-04-20,ECG Monitoring,Aspirin,10mg daily
8931,2773,2025-09-01,ECG Monitoring,Aspirin,10mg daily
8932,2774,2025-08-16,Nebulization,Salbutamol,100mg daily
8933,2774,2025-07-03,Nebulization,Salbutamol,10mg daily
8934,2775,2025-06-02,IV Fluid Therapy,Atorvastatin,10mg daily
8935,2776,2025-04-25,IV Fluid Therapy,Atorvastatin,25mg daily
8936,2776,2025-03-23,IV Fluid Therapy,Atorvastatin,100mg daily
8937,2776,2025-10-14,IV Fluid Therapy,Atorvastatin,10mg daily
8938,2776,2025-08-12,IV Fluid Therapy,Atorvastatin,50mg daily
8939,2777,2025-08-12,ECG Monitoring,Aspirin,100mg daily
8940,2777,2025-12-22,ECG Monitoring,Aspirin,25mg daily
8941,2777,2025-08-28,ECG Monitoring,Aspirin,50mg daily
8942,2778,2025-07-20,ECG Monitoring,Aspirin,10mg daily
8943,2778,2025-12-26,ECG Monitoring,Aspirin,50mg daily
8944,2778,2025-07-30,ECG Monitoring,Aspirin,25mg daily
8945,2779,2025-12-06,IV Fluid Therapy,Atorvastatin,50mg daily
8946,2779,2026-01-27,IV Fluid Therapy,Atorvastatin,100mg daily
8947,2779,2025-06-01,IV Fluid Therapy,Atorvastatin,25mg daily
8948,2780,2025-11-21,IV Fluid Therapy,Atorvastatin,10mg daily
8949,2780,2025-08-25,IV Fluid Therapy,Atorvastatin,100mg daily
8950,2780,2025-05-07,IV Fluid Therapy,Atorvastatin,10mg daily
8951,2780,2026-03-03,IV Fluid Therapy,Atorvastatin,50mg daily
8952,2781,2025-08-18,ECG Monitoring,Aspirin,50mg daily
8953,2782,2026-02-27,Blood Pressure Monitoring,Metoprolol,10mg daily
8954,2782,2025-10-29,Blood Pressure Monitoring,Metoprolol,25mg daily
8955,2782,2025-05-24,Blood Pressure Monitoring,Metoprolol,25mg daily
8956,2783,2025-07-26,Blood Pressure Monitoring,Metoprolol,25mg daily
8957,2783,2025-04-15,Blood Pressure Monitoring,Metoprolol,25mg daily
8958,2783,2025-08-27,Blood Pressure Monitoring,Metoprolol,100mg daily
8959,2784,2026-02-07,ECG Monitoring,Aspirin,100mg daily
8960,2784,2025-06-13,ECG Monitoring,Aspirin,25mg daily
8961,2784,2025-12-26,ECG Monitoring,Aspirin,100mg daily
8962,2784,2025-03-24,ECG Monitoring,Aspirin,100mg daily
8963,2785,2025-12-20,ECG Monitoring,Aspirin,50mg daily
8964,2785,2025-07-13,ECG Monitoring,Aspirin,10mg daily
8965,2785,2025-04-28,ECG Monitoring,Aspirin,10mg daily
8966,2785,2025-11-24,ECG Monitoring,Aspirin,25mg daily
8967,2786,2025-11-04,ECG Monitoring,Aspirin,100mg daily
8968,2786,2025-09-01,ECG Monitoring,Aspirin,10mg daily
8969,2787,2025-04-11,ECG Monitoring,Aspirin,50mg daily
8970,2787,2025-08-28,ECG Monitoring,Aspirin,100mg daily
8971,2787,2025-05-20,ECG Monitoring,Aspirin,10mg daily
8972,2788,2026-01-25,ECG Monitoring,Aspirin,25mg daily
8973,2788,2025-07-20,ECG Monitoring,Aspirin,100mg daily
8974,2788,2026-01-14,ECG Monitoring,Aspirin,10mg daily
8975,2789,2025-05-15,Oxygen Therapy,Amoxicillin,50mg daily
8976,2789,2025-11-19,Oxygen Therapy,Amoxicillin,50mg daily
8977,2790,2026-01-06,ECG Monitoring,Aspirin,10mg daily
8978,2791,2025-06-08,ECG Monitoring,Aspirin,50mg daily
8979,2791,2025-08-02,ECG Monitoring,Aspirin,25mg daily
8980,2792,2025-04-29,Blood Pressure Monitoring,Metoprolol,25mg daily
8981,2793,2025-07-02,ECG Monitoring,Aspirin,25mg daily
8982,2793,2025-04-14,ECG Monitoring,Aspirin,10mg daily
8983,2793,2026-01-31,ECG Monitoring,Aspirin,50mg daily
8984,2793,2026-02-23,ECG Monitoring,Aspirin,25mg daily
8985,2794,2025-04-15,ECG Monitoring,Aspirin,10mg daily
8986,2795,2025-08-22,ECG Monitoring,Aspirin,10mg daily
8987,2795,2026-01-04,ECG Monitoring,Aspirin,10mg daily
8988,2796,2025-05-15,ECG Monitoring,Aspirin,50mg daily
8989,2796,2025-10-16,ECG Monitoring,Aspirin,25mg daily
8990,2796,2026-02-12,ECG Monitoring,Aspirin,100mg daily
8991,2797,2025-10-19,Oxygen Therapy,Amoxicillin,50mg daily
8992,2797,2025-05-03,Oxygen Therapy,Amoxicillin,100mg daily
8993,2797,2026-02-17,Oxygen Therapy,Amoxicillin,50mg daily
8994,2798,2025-06-11,Nebulization,Salbutamol,100mg daily
8995,2798,2025-10-14,Nebulization,Salbutamol,10mg daily
8996,2798,2026-01-26,Nebulization,Salbutamol,10mg daily
8997,2798,2025-04-15,Nebulization,Salbutamol,10mg daily
8998,2799,2026-02-25,Nebulization,Salbutamol,10mg daily
8999,2799,2025-05-06,Nebulization,Salbutamol,25mg daily
9000,2799,2025-04-22,Nebulization,Salbutamol,100mg daily
9001,2800,2026-01-01,ECG Monitoring,Aspirin,25mg daily
9002,2800,2025-10-10,ECG Monitoring,Aspirin,50mg daily
9003,2800,2025-03-18,ECG Monitoring,Aspirin,25mg daily
9004,2801,2025-05-24,ECG Monitoring,Aspirin,50mg daily
9005,2801,2025-12-17,ECG Monitoring,Aspirin,50mg daily
9006,2801,2025-09-03,ECG Monitoring,Aspirin,50mg daily
9007,2802,2025-12-23,Blood Pressure Monitoring,Metoprolol,50mg daily
9008,2802,2025-11-10,Blood Pressure Monitoring,Metoprolol,10mg daily
9009,2802,2025-12-16,Blood Pressure Monitoring,Metoprolol,25mg daily
9010,2802,2026-02-13,Blood Pressure Monitoring,Metoprolol,100mg daily
9011,2803,2025-03-27,Blood Pressure Monitoring,Metoprolol,25mg daily
9012,2803,2025-07-23,Blood Pressure Monitoring,Metoprolol,100mg daily
9013,2804,2025-06-08,Blood Pressure Monitoring,Metoprolol,50mg daily
9014,2804,2025-08-22,Blood Pressure Monitoring,Metoprolol,25mg daily
9015,2804,2025-09-08,Blood Pressure Monitoring,Metoprolol,100mg daily
9016,2804,2025-06-21,Blood Pressure Monitoring,Metoprolol,10mg daily
9017,2805,2025-09-09,Blood Pressure Monitoring,Metoprolol,50mg daily
9018,2805,2025-04-21,Blood Pressure Monitoring,Metoprolol,50mg daily
9019,2805,2025-09-12,Blood Pressure Monitoring,Metoprolol,25mg daily
9020,2806,2025-08-25,Blood Pressure Monitoring,Metoprolol,10mg daily
9021,2806,2025-05-16,Blood Pressure Monitoring,Metoprolol,100mg daily
9022,2807,2025-10-25,Nebulization,Salbutamol,25mg daily
9023,2807,2025-05-09,Nebulization,Salbutamol,10mg daily
9024,2807,2025-05-18,Nebulization,Salbutamol,100mg daily
9025,2807,2025-09-27,Nebulization,Salbutamol,100mg daily
9026,2808,2025-07-28,Oxygen Therapy,Amoxicillin,50mg daily
9027,2808,2026-01-23,Oxygen Therapy,Amoxicillin,50mg daily
9028,2808,2025-03-11,Oxygen Therapy,Amoxicillin,50mg daily
9029,2808,2025-06-03,Oxygen Therapy,Amoxicillin,10mg daily
9030,2809,2026-02-21,ECG Monitoring,Aspirin,10mg daily
9031,2809,2026-02-11,ECG Monitoring,Aspirin,50mg daily
9032,2809,2026-02-03,ECG Monitoring,Aspirin,10mg daily
9033,2809,2025-09-06,ECG Monitoring,Aspirin,50mg daily
9034,2810,2025-11-14,ECG Monitoring,Aspirin,25mg daily
9035,2810,2025-08-02,ECG Monitoring,Aspirin,10mg daily
9036,2811,2025-12-27,Oxygen Therapy,Amoxicillin,25mg daily
9037,2811,2025-11-21,Oxygen Therapy,Amoxicillin,100mg daily
9038,2812,2025-10-22,ECG Monitoring,Aspirin,100mg daily
9039,2812,2026-02-04,ECG Monitoring,Aspirin,25mg daily
9040,2813,2025-11-04,IV Fluid Therapy,Atorvastatin,25mg daily
9041,2814,2025-09-13,ECG Monitoring,Aspirin,50mg daily
9042,2814,2025-06-03,ECG Monitoring,Aspirin,50mg daily
9043,2814,2025-04-22,ECG Monitoring,Aspirin,50mg daily
9044,2815,2025-09-08,ECG Monitoring,Aspirin,100mg daily
9045,2815,2025-12-23,ECG Monitoring,Aspirin,25mg daily
9046,2815,2025-06-21,ECG Monitoring,Aspirin,50mg daily
9047,2815,2025-03-28,ECG Monitoring,Aspirin,100mg daily
9048,2816,2025-10-15,IV Fluid Therapy,Atorvastatin,50mg daily
9049,2817,2025-07-23,IV Fluid Therapy,Atorvastatin,100mg daily
9050,2817,2026-02-20,IV Fluid Therapy,Atorvastatin,50mg daily
9051,2817,2026-01-07,IV Fluid Therapy,Atorvastatin,10mg daily
9052,2817,2025-09-12,IV Fluid Therapy,Atorvastatin,25mg daily
9053,2818,2025-08-09,IV Fluid Therapy,Atorvastatin,50mg daily
9054,2819,2025-06-26,IV Fluid Therapy,Atorvastatin,50mg daily
9055,2819,2025-11-28,IV Fluid Therapy,Atorvastatin,100mg daily
9056,2819,2025-12-01,IV Fluid Therapy,Atorvastatin,10mg daily
9057,2819,2025-11-19,IV Fluid Therapy,Atorvastatin,100mg daily
9058,2820,2026-01-30,Oxygen Therapy,Amoxicillin,25mg daily
9059,2821,2025-08-24,ECG Monitoring,Aspirin,100mg daily
9060,2821,2025-06-25,ECG Monitoring,Aspirin,100mg daily
9061,2822,2025-04-11,ECG Monitoring,Aspirin,10mg daily
9062,2822,2025-07-26,ECG Monitoring,Aspirin,50mg daily
9063,2823,2025-10-04,ECG Monitoring,Aspirin,10mg daily
9064,2824,2025-10-16,ECG Monitoring,Aspirin,25mg daily
9065,2824,2025-09-11,ECG Monitoring,Aspirin,50mg daily
9066,2825,2025-11-04,Nebulization,Salbutamol,25mg daily
9067,2825,2026-01-14,Nebulization,Salbutamol,25mg daily
9068,2825,2025-08-03,Nebulization,Salbutamol,100mg daily
9069,2825,2025-09-22,Nebulization,Salbutamol,10mg daily
9070,2826,2025-03-30,Oxygen Therapy,Amoxicillin,50mg daily
9071,2826,2026-03-08,Oxygen Therapy,Amoxicillin,25mg daily
9072,2826,2026-01-31,Oxygen Therapy,Amoxicillin,100mg daily
9073,2826,2026-02-11,Oxygen Therapy,Amoxicillin,10mg daily
9074,2827,2026-01-05,ECG Monitoring,Aspirin,10mg daily
9075,2827,2025-08-13,ECG Monitoring,Aspirin,100mg daily
9076,2828,2025-12-05,Blood Pressure Monitoring,Metoprolol,10mg daily
9077,2828,2025-09-30,Blood Pressure Monitoring,Metoprolol,25mg daily
9078,2828,2026-02-08,Blood Pressure Monitoring,Metoprolol,50mg daily
9079,2829,2025-08-08,Blood Pressure Monitoring,Metoprolol,10mg daily
9080,2829,2025-03-23,Blood Pressure Monitoring,Metoprolol,25mg daily
9081,2829,2025-04-26,Blood Pressure Monitoring,Metoprolol,10mg daily
9082,2830,2026-01-12,Blood Pressure Monitoring,Metoprolol,100mg daily
9083,2830,2025-10-16,Blood Pressure Monitoring,Metoprolol,25mg daily
9084,2830,2026-01-15,Blood Pressure Monitoring,Metoprolol,10mg daily
9085,2831,2026-01-24,Blood Pressure Monitoring,Metoprolol,50mg daily
9086,2831,2025-11-15,Blood Pressure Monitoring,Metoprolol,50mg daily
9087,2831,2025-12-20,Blood Pressure Monitoring,Metoprolol,25mg daily
9088,2832,2026-02-25,Nebulization,Salbutamol,50mg daily
9089,2833,2025-11-18,Oxygen Therapy,Amoxicillin,50mg daily
9090,2833,2025-11-05,Oxygen Therapy,Amoxicillin,25mg daily
9091,2833,2025-03-28,Oxygen Therapy,Amoxicillin,50mg daily
9092,2834,2025-10-03,Blood Pressure Monitoring,Metoprolol,25mg daily
9093,2835,2026-02-23,Blood Pressure Monitoring,Metoprolol,50mg daily
9094,2835,2025-12-23,Blood Pressure Monitoring,Metoprolol,50mg daily
9095,2835,2025-09-24,Blood Pressure Monitoring,Metoprolol,50mg daily
9096,2836,2025-06-07,Blood Pressure Monitoring,Metoprolol,10mg daily
9097,2836,2025-06-30,Blood Pressure Monitoring,Metoprolol,25mg daily
9098,2836,2025-07-20,Blood Pressure Monitoring,Metoprolol,50mg daily
9099,2836,2026-01-12,Blood Pressure Monitoring,Metoprolol,50mg daily
9100,2837,2026-02-25,IV Fluid Therapy,Atorvastatin,100mg daily
9101,2838,2025-05-04,ECG Monitoring,Aspirin,10mg daily
9102,2839,2025-07-04,IV Fluid Therapy,Atorvastatin,100mg daily
9103,2839,2025-12-18,IV Fluid Therapy,Atorvastatin,25mg daily
9104,2840,2025-11-27,Blood Pressure Monitoring,Metoprolol,50mg daily
9105,2840,2025-09-08,Blood Pressure Monitoring,Metoprolol,50mg daily
9106,2840,2025-12-28,Blood Pressure Monitoring,Metoprolol,25mg daily
9107,2841,2026-02-15,Blood Pressure Monitoring,Metoprolol,25mg daily
9108,2841,2026-01-20,Blood Pressure Monitoring,Metoprolol,10mg daily
9109,2841,2025-08-19,Blood Pressure Monitoring,Metoprolol,25mg daily
9110,2841,2026-01-02,Blood Pressure Monitoring,Metoprolol,25mg daily
9111,2842,2025-10-28,Blood Pressure Monitoring,Metoprolol,100mg daily
9112,2843,2026-02-13,Blood Pressure Monitoring,Metoprolol,50mg daily
9113,2843,2025-06-10,Blood Pressure Monitoring,Metoprolol,25mg daily
9114,2843,2025-07-04,Blood Pressure Monitoring,Metoprolol,50mg daily
9115,2844,2025-03-15,Blood Pressure Monitoring,Metoprolol,100mg daily
9116,2844,2026-02-07,Blood Pressure Monitoring,Metoprolol,50mg daily
9117,2844,2025-10-14,Blood Pressure Monitoring,Metoprolol,25mg daily
9118,2844,2025-05-23,Blood Pressure Monitoring,Metoprolol,100mg daily
9119,2845,2026-02-11,ECG Monitoring,Aspirin,25mg daily
9120,2846,2026-01-06,Oxygen Therapy,Amoxicillin,100mg daily
9121,2846,2025-10-06,Oxygen Therapy,Amoxicillin,100mg daily
9122,2846,2025-06-30,Oxygen Therapy,Amoxicillin,10mg daily
9123,2847,2025-12-16,Oxygen Therapy,Amoxicillin,10mg daily
9124,2848,2025-05-07,Blood Pressure Monitoring,Metoprolol,100mg daily
9125,2848,2026-01-24,Blood Pressure Monitoring,Metoprolol,50mg daily
9126,2849,2025-07-26,ECG Monitoring,Aspirin,10mg daily
9127,2849,2025-06-18,ECG Monitoring,Aspirin,50mg daily
9128,2850,2025-12-11,ECG Monitoring,Aspirin,100mg daily
9129,2850,2025-10-02,ECG Monitoring,Aspirin,100mg daily
9130,2851,2026-01-15,ECG Monitoring,Aspirin,25mg daily
9131,2851,2025-10-04,ECG Monitoring,Aspirin,10mg daily
9132,2852,2025-04-18,Oxygen Therapy,Amoxicillin,100mg daily
9133,2852,2026-03-02,Oxygen Therapy,Amoxicillin,10mg daily
9134,2852,2025-07-02,Oxygen Therapy,Amoxicillin,10mg daily
9135,2852,2025-07-15,Oxygen Therapy,Amoxicillin,50mg daily
9136,2853,2025-10-29,Oxygen Therapy,Amoxicillin,50mg daily
9137,2853,2025-08-22,Oxygen Therapy,Amoxicillin,25mg daily
9138,2853,2025-08-18,Oxygen Therapy,Amoxicillin,10mg daily
9139,2853,2026-02-13,Oxygen Therapy,Amoxicillin,100mg daily
9140,2854,2026-03-05,Nebulization,Salbutamol,100mg daily
9141,2855,2025-11-01,Blood Pressure Monitoring,Metoprolol,25mg daily
9142,2855,2026-01-18,Blood Pressure Monitoring,Metoprolol,50mg daily
9143,2855,2026-02-06,Blood Pressure Monitoring,Metoprolol,50mg daily
9144,2855,2025-10-20,Blood Pressure Monitoring,Metoprolol,25mg daily
9145,2856,2025-12-20,Blood Pressure Monitoring,Metoprolol,25mg daily
9146,2857,2025-12-20,Blood Pressure Monitoring,Metoprolol,10mg daily
9147,2857,2026-02-13,Blood Pressure Monitoring,Metoprolol,25mg daily
9148,2857,2025-12-01,Blood Pressure Monitoring,Metoprolol,100mg daily
9149,2858,2026-02-03,Oxygen Therapy,Amoxicillin,10mg daily
9150,2858,2025-08-02,Oxygen Therapy,Amoxicillin,100mg daily
9151,2858,2025-03-21,Oxygen Therapy,Amoxicillin,100mg daily
9152,2859,2025-07-23,Oxygen Therapy,Amoxicillin,10mg daily
9153,2859,2025-12-09,Oxygen Therapy,Amoxicillin,50mg daily
9154,2859,2025-05-24,Oxygen Therapy,Amoxicillin,10mg daily
9155,2859,2025-03-13,Oxygen Therapy,Amoxicillin,10mg daily
9156,2860,2026-01-01,Oxygen Therapy,Amoxicillin,50mg daily
9157,2861,2025-10-06,Oxygen Therapy,Amoxicillin,50mg daily
9158,2861,2025-04-05,Oxygen Therapy,Amoxicillin,100mg daily
9159,2862,2026-01-19,Oxygen Therapy,Amoxicillin,50mg daily
9160,2862,2025-05-28,Oxygen Therapy,Amoxicillin,10mg daily
9161,2863,2025-12-13,ECG Monitoring,Aspirin,10mg daily
9162,2863,2025-10-02,ECG Monitoring,Aspirin,50mg daily
9163,2863,2025-10-24,ECG Monitoring,Aspirin,100mg daily
9164,2864,2026-03-05,ECG Monitoring,Aspirin,50mg daily
9165,2864,2025-09-04,ECG Monitoring,Aspirin,100mg daily
9166,2864,2025-07-27,ECG Monitoring,Aspirin,10mg daily
9167,2864,2025-05-13,ECG Monitoring,Aspirin,50mg daily
9168,2865,2026-01-09,Blood Pressure Monitoring,Metoprolol,50mg daily
9169,2865,2025-12-31,Blood Pressure Monitoring,Metoprolol,10mg daily
9170,2865,2025-10-07,Blood Pressure Monitoring,Metoprolol,25mg daily
9171,2866,2026-02-05,Oxygen Therapy,Amoxicillin,25mg daily
9172,2866,2025-05-23,Oxygen Therapy,Amoxicillin,100mg daily
9173,2867,2025-11-16,Oxygen Therapy,Amoxicillin,25mg daily
9174,2868,2025-06-04,IV Fluid Therapy,Atorvastatin,100mg daily
9175,2868,2025-09-24,IV Fluid Therapy,Atorvastatin,25mg daily
9176,2868,2025-10-25,IV Fluid Therapy,Atorvastatin,25mg daily
9177,2868,2025-09-30,IV Fluid Therapy,Atorvastatin,100mg daily
9178,2869,2025-05-05,IV Fluid Therapy,Atorvastatin,50mg daily
9179,2870,2025-10-26,ECG Monitoring,Aspirin,50mg daily
9180,2871,2025-12-31,Blood Pressure Monitoring,Metoprolol,10mg daily
9181,2871,2025-05-15,Blood Pressure Monitoring,Metoprolol,50mg daily
9182,2871,2025-03-16,Blood Pressure Monitoring,Metoprolol,25mg daily
9183,2872,2025-09-24,Blood Pressure Monitoring,Metoprolol,25mg daily
9184,2872,2026-02-09,Blood Pressure Monitoring,Metoprolol,50mg daily
9185,2872,2025-03-13,Blood Pressure Monitoring,Metoprolol,10mg daily
9186,2873,2025-05-21,Blood Pressure Monitoring,Metoprolol,10mg daily
9187,2873,2026-03-02,Blood Pressure Monitoring,Metoprolol,25mg daily
9188,2873,2025-03-12,Blood Pressure Monitoring,Metoprolol,25mg daily
9189,2873,2025-03-30,Blood Pressure Monitoring,Metoprolol,10mg daily
9190,2874,2025-11-22,Blood Pressure Monitoring,Metoprolol,10mg daily
9191,2875,2025-12-26,ECG Monitoring,Aspirin,100mg daily
9192,2876,2025-07-14,Oxygen Therapy,Amoxicillin,25mg daily
9193,2876,2025-09-03,Oxygen Therapy,Amoxicillin,25mg daily
9194,2877,2025-07-05,IV Fluid Therapy,Atorvastatin,100mg daily
9195,2877,2025-06-30,IV Fluid Therapy,Atorvastatin,25mg daily
9196,2877,2025-08-20,IV Fluid Therapy,Atorvastatin,100mg daily
9197,2878,2025-03-28,IV Fluid Therapy,Atorvastatin,10mg daily
9198,2879,2025-06-12,Nebulization,Salbutamol,100mg daily
9199,2879,2025-09-21,Nebulization,Salbutamol,25mg daily
9200,2880,2025-12-09,ECG Monitoring,Aspirin,50mg daily
9201,2880,2025-07-22,ECG Monitoring,Aspirin,10mg daily
9202,2880,2025-10-19,ECG Monitoring,Aspirin,10mg daily
9203,2880,2026-02-27,ECG Monitoring,Aspirin,100mg daily
9204,2881,2025-03-15,ECG Monitoring,Aspirin,50mg daily
9205,2882,2025-04-24,Oxygen Therapy,Amoxicillin,50mg daily
9206,2882,2026-02-10,Oxygen Therapy,Amoxicillin,50mg daily
9207,2882,2025-10-21,Oxygen Therapy,Amoxicillin,100mg daily
9208,2882,2025-04-01,Oxygen Therapy,Amoxicillin,50mg daily
9209,2883,2025-09-20,Oxygen Therapy,Amoxicillin,10mg daily
9210,2883,2025-10-15,Oxygen Therapy,Amoxicillin,100mg daily
9211,2883,2025-12-26,Oxygen Therapy,Amoxicillin,10mg daily
9212,2883,2025-09-20,Oxygen Therapy,Amoxicillin,10mg daily
9213,2884,2025-11-24,Oxygen Therapy,Amoxicillin,25mg daily
9214,2884,2025-06-18,Oxygen Therapy,Amoxicillin,10mg daily
9215,2884,2025-05-21,Oxygen Therapy,Amoxicillin,50mg daily
9216,2885,2025-03-13,Blood Pressure Monitoring,Metoprolol,25mg daily
9217,2885,2025-03-18,Blood Pressure Monitoring,Metoprolol,10mg daily
9218,2886,2025-05-06,IV Fluid Therapy,Atorvastatin,50mg daily
9219,2886,2025-12-08,IV Fluid Therapy,Atorvastatin,50mg daily
9220,2887,2025-12-11,Oxygen Therapy,Amoxicillin,25mg daily
9221,2887,2025-08-28,Oxygen Therapy,Amoxicillin,100mg daily
9222,2888,2025-12-03,Nebulization,Salbutamol,50mg daily
9223,2888,2025-09-08,Nebulization,Salbutamol,100mg daily
9224,2889,2025-05-09,ECG Monitoring,Aspirin,25mg daily
9225,2889,2026-02-11,ECG Monitoring,Aspirin,50mg daily
9226,2889,2025-06-14,ECG Monitoring,Aspirin,100mg daily
9227,2889,2025-10-14,ECG Monitoring,Aspirin,100mg daily
9228,2890,2025-10-16,Blood Pressure Monitoring,Metoprolol,50mg daily
9229,2890,2025-07-09,Blood Pressure Monitoring,Metoprolol,50mg daily
9230,2890,2025-06-03,Blood Pressure Monitoring,Metoprolol,10mg daily
9231,2891,2025-06-18,ECG Monitoring,Aspirin,100mg daily
9232,2891,2025-07-26,ECG Monitoring,Aspirin,25mg daily
9233,2891,2025-03-28,ECG Monitoring,Aspirin,10mg daily
9234,2892,2025-09-04,ECG Monitoring,Aspirin,100mg daily
9235,2892,2026-03-10,ECG Monitoring,Aspirin,50mg daily
9236,2893,2025-11-10,Oxygen Therapy,Amoxicillin,100mg daily
9237,2893,2025-07-23,Oxygen Therapy,Amoxicillin,50mg daily
9238,2893,2025-04-22,Oxygen Therapy,Amoxicillin,10mg daily
9239,2894,2025-10-06,Blood Pressure Monitoring,Metoprolol,10mg daily
9240,2895,2025-05-17,Blood Pressure Monitoring,Metoprolol,50mg daily
9241,2895,2025-10-04,Blood Pressure Monitoring,Metoprolol,50mg daily
9242,2895,2025-09-15,Blood Pressure Monitoring,Metoprolol,10mg daily
9243,2896,2025-04-01,Blood Pressure Monitoring,Metoprolol,10mg daily
9244,2897,2026-02-03,Blood Pressure Monitoring,Metoprolol,50mg daily
9245,2898,2025-10-23,Blood Pressure Monitoring,Metoprolol,100mg daily
9246,2898,2025-09-18,Blood Pressure Monitoring,Metoprolol,50mg daily
9247,2898,2025-06-25,Blood Pressure Monitoring,Metoprolol,10mg daily
9248,2899,2025-12-08,Blood Pressure Monitoring,Metoprolol,25mg daily
9249,2899,2026-01-29,Blood Pressure Monitoring,Metoprolol,100mg daily
9250,2899,2026-02-09,Blood Pressure Monitoring,Metoprolol,50mg daily
9251,2900,2025-11-16,ECG Monitoring,Aspirin,100mg daily
9252,2900,2025-08-22,ECG Monitoring,Aspirin,25mg daily
9253,2900,2026-02-15,ECG Monitoring,Aspirin,10mg daily
9254,2901,2025-11-27,Blood Pressure Monitoring,Metoprolol,100mg daily
9255,2901,2025-06-05,Blood Pressure Monitoring,Metoprolol,25mg daily
9256,2901,2025-07-01,Blood Pressure Monitoring,Metoprolol,25mg daily
9257,2902,2025-06-25,Oxygen Therapy,Amoxicillin,10mg daily
9258,2903,2025-09-11,Oxygen Therapy,Amoxicillin,10mg daily
9259,2904,2026-02-06,Nebulization,Salbutamol,50mg daily
9260,2904,2025-06-08,Nebulization,Salbutamol,25mg daily
9261,2905,2025-03-14,Nebulization,Salbutamol,10mg daily
9262,2906,2026-01-02,Blood Pressure Monitoring,Metoprolol,10mg daily
9263,2907,2025-07-12,ECG Monitoring,Aspirin,25mg daily
9264,2907,2025-08-25,ECG Monitoring,Aspirin,10mg daily
9265,2907,2025-07-17,ECG Monitoring,Aspirin,10mg daily
9266,2908,2025-08-23,Blood Pressure Monitoring,Metoprolol,100mg daily
9267,2908,2025-04-24,Blood Pressure Monitoring,Metoprolol,100mg daily
9268,2908,2025-10-26,Blood Pressure Monitoring,Metoprolol,25mg daily
9269,2909,2025-04-29,Blood Pressure Monitoring,Metoprolol,100mg daily
9270,2909,2025-11-10,Blood Pressure Monitoring,Metoprolol,100mg daily
9271,2910,2026-02-27,Blood Pressure Monitoring,Metoprolol,25mg daily
9272,2910,2025-03-22,Blood Pressure Monitoring,Metoprolol,25mg daily
9273,2911,2025-12-16,ECG Monitoring,Aspirin,10mg daily
9274,2911,2025-08-22,ECG Monitoring,Aspirin,100mg daily
9275,2911,2025-04-10,ECG Monitoring,Aspirin,25mg daily
9276,2912,2025-05-16,Blood Pressure Monitoring,Metoprolol,25mg daily
9277,2913,2025-12-06,Blood Pressure Monitoring,Metoprolol,50mg daily
9278,2914,2025-12-06,Blood Pressure Monitoring,Metoprolol,25mg daily
9279,2914,2025-05-26,Blood Pressure Monitoring,Metoprolol,25mg daily
9280,2914,2026-01-16,Blood Pressure Monitoring,Metoprolol,10mg daily
9281,2915,2025-04-30,Blood Pressure Monitoring,Metoprolol,100mg daily
9282,2915,2025-11-15,Blood Pressure Monitoring,Metoprolol,25mg daily
9283,2915,2025-09-16,Blood Pressure Monitoring,Metoprolol,25mg daily
9284,2916,2025-09-19,Oxygen Therapy,Amoxicillin,50mg daily
9285,2917,2026-01-22,Nebulization,Salbutamol,10mg daily
9286,2917,2026-02-07,Nebulization,Salbutamol,10mg daily
9287,2918,2025-09-04,ECG Monitoring,Aspirin,25mg daily
9288,2918,2025-11-26,ECG Monitoring,Aspirin,25mg daily
9289,2918,2025-03-20,ECG Monitoring,Aspirin,50mg daily
9290,2919,2025-12-21,ECG Monitoring,Aspirin,25mg daily
9291,2920,2025-08-24,ECG Monitoring,Aspirin,10mg daily
9292,2920,2025-03-27,ECG Monitoring,Aspirin,10mg daily
9293,2921,2025-06-18,Oxygen Therapy,Amoxicillin,100mg daily
9294,2921,2025-09-13,Oxygen Therapy,Amoxicillin,100mg daily
9295,2921,2025-07-22,Oxygen Therapy,Amoxicillin,100mg daily
9296,2921,2025-09-14,Oxygen Therapy,Amoxicillin,25mg daily
9297,2922,2025-04-06,ECG Monitoring,Aspirin,10mg daily
9298,2923,2025-03-29,Oxygen Therapy,Amoxicillin,50mg daily
9299,2923,2025-08-29,Oxygen Therapy,Amoxicillin,10mg daily
9300,2923,2025-08-16,Oxygen Therapy,Amoxicillin,50mg daily
9301,2924,2025-05-14,Nebulization,Salbutamol,100mg daily
9302,2924,2025-12-03,Nebulization,Salbutamol,10mg daily
9303,2924,2025-05-28,Nebulization,Salbutamol,100mg daily
9304,2924,2025-07-22,Nebulization,Salbutamol,100mg daily
9305,2925,2025-12-14,Nebulization,Salbutamol,50mg daily
9306,2926,2025-03-22,Oxygen Therapy,Amoxicillin,25mg daily
9307,2926,2025-11-23,Oxygen Therapy,Amoxicillin,50mg daily
9308,2926,2026-02-04,Oxygen Therapy,Amoxicillin,100mg daily
9309,2927,2025-04-16,Nebulization,Salbutamol,25mg daily
9310,2927,2025-11-19,Nebulization,Salbutamol,25mg daily
9311,2928,2025-08-31,Oxygen Therapy,Amoxicillin,50mg daily
9312,2928,2025-06-18,Oxygen Therapy,Amoxicillin,100mg daily
9313,2929,2025-08-15,Nebulization,Salbutamol,10mg daily
9314,2930,2025-08-13,Nebulization,Salbutamol,25mg daily
9315,2930,2025-08-24,Nebulization,Salbutamol,10mg daily
9316,2931,2025-06-16,Blood Pressure Monitoring,Metoprolol,10mg daily
9317,2931,2025-12-05,Blood Pressure Monitoring,Metoprolol,100mg daily
9318,2931,2025-07-29,Blood Pressure Monitoring,Metoprolol,25mg daily
9319,2931,2025-05-26,Blood Pressure Monitoring,Metoprolol,10mg daily
9320,2932,2025-10-31,ECG Monitoring,Aspirin,10mg daily
9321,2932,2026-01-30,ECG Monitoring,Aspirin,100mg daily
9322,2932,2026-02-26,ECG Monitoring,Aspirin,10mg daily
9323,2933,2025-11-19,Oxygen Therapy,Amoxicillin,50mg daily
9324,2934,2025-12-06,Oxygen Therapy,Amoxicillin,100mg daily
9325,2934,2026-02-28,Oxygen Therapy,Amoxicillin,50mg daily
9326,2935,2025-11-16,Oxygen Therapy,Amoxicillin,50mg daily
9327,2935,2025-12-11,Oxygen Therapy,Amoxicillin,10mg daily
9328,2936,2025-07-24,Blood Pressure Monitoring,Metoprolol,25mg daily
9329,2937,2025-04-08,IV Fluid Therapy,Atorvastatin,25mg daily
9330,2938,2025-06-23,ECG Monitoring,Aspirin,10mg daily
9331,2939,2025-09-15,Nebulization,Salbutamol,25mg daily
9332,2939,2026-02-21,Nebulization,Salbutamol,50mg daily
9333,2939,2025-08-31,Nebulization,Salbutamol,50mg daily
9334,2939,2025-11-07,Nebulization,Salbutamol,25mg daily
9335,2940,2025-10-16,IV Fluid Therapy,Atorvastatin,10mg daily
9336,2940,2025-12-10,IV Fluid Therapy,Atorvastatin,25mg daily
9337,2941,2025-06-18,ECG Monitoring,Aspirin,100mg daily
9338,2942,2025-07-03,IV Fluid Therapy,Atorvastatin,100mg daily
9339,2943,2025-11-19,Oxygen Therapy,Amoxicillin,25mg daily
9340,2943,2026-03-01,Oxygen Therapy,Amoxicillin,100mg daily
9341,2944,2025-12-01,Blood Pressure Monitoring,Metoprolol,50mg daily
9342,2944,2025-06-30,Blood Pressure Monitoring,Metoprolol,10mg daily
9343,2944,2025-03-25,Blood Pressure Monitoring,Metoprolol,10mg daily
9344,2945,2025-08-10,Blood Pressure Monitoring,Metoprolol,10mg daily
9345,2945,2025-11-07,Blood Pressure Monitoring,Metoprolol,25mg daily
9346,2945,2026-01-13,Blood Pressure Monitoring,Metoprolol,100mg daily
9347,2945,2025-09-08,Blood Pressure Monitoring,Metoprolol,100mg daily
9348,2946,2026-02-04,Blood Pressure Monitoring,Metoprolol,100mg daily
9349,2946,2026-01-18,Blood Pressure Monitoring,Metoprolol,10mg daily
9350,2946,2025-09-26,Blood Pressure Monitoring,Metoprolol,50mg daily
9351,2947,2025-12-23,ECG Monitoring,Aspirin,50mg daily
9352,2947,2025-12-11,ECG Monitoring,Aspirin,25mg daily
9353,2947,2025-06-24,ECG Monitoring,Aspirin,10mg daily
9354,2948,2025-09-09,ECG Monitoring,Aspirin,50mg daily
9355,2949,2025-09-13,Blood Pressure Monitoring,Metoprolol,10mg daily
9356,2949,2025-07-30,Blood Pressure Monitoring,Metoprolol,50mg daily
9357,2949,2025-04-11,Blood Pressure Monitoring,Metoprolol,10mg daily
9358,2949,2026-01-14,Blood Pressure Monitoring,Metoprolol,100mg daily
9359,2950,2025-07-14,Blood Pressure Monitoring,Metoprolol,25mg daily
9360,2950,2025-04-10,Blood Pressure Monitoring,Metoprolol,25mg daily
9361,2950,2025-10-18,Blood Pressure Monitoring,Metoprolol,10mg daily
9362,2950,2025-08-18,Blood Pressure Monitoring,Metoprolol,10mg daily
9363,2951,2025-07-14,Blood Pressure Monitoring,Metoprolol,25mg daily
9364,2952,2025-07-21,Nebulization,Salbutamol,10mg daily
9365,2953,2025-08-13,Oxygen Therapy,Amoxicillin,10mg daily
9366,2954,2025-04-21,Oxygen Therapy,Amoxicillin,25mg daily
9367,2954,2026-02-07,Oxygen Therapy,Amoxicillin,50mg daily
9368,2955,2025-07-19,Oxygen Therapy,Amoxicillin,25mg daily
9369,2956,2025-12-04,Nebulization,Salbutamol,25mg daily
9370,2956,2025-04-03,Nebulization,Salbutamol,10mg daily
9371,2956,2025-04-04,Nebulization,Salbutamol,100mg daily
9372,2957,2025-10-10,Oxygen Therapy,Amoxicillin,100mg daily
9373,2958,2025-08-05,Blood Pressure Monitoring,Metoprolol,25mg daily
9374,2959,2026-02-12,Blood Pressure Monitoring,Metoprolol,50mg daily
9375,2959,2025-10-24,Blood Pressure Monitoring,Metoprolol,100mg daily
9376,2959,2025-07-30,Blood Pressure Monitoring,Metoprolol,10mg daily
9377,2959,2026-02-22,Blood Pressure Monitoring,Metoprolol,10mg daily
9378,2960,2025-08-14,Oxygen Therapy,Amoxicillin,25mg daily
9379,2960,2025-09-14,Oxygen Therapy,Amoxicillin,100mg daily
9380,2960,2025-09-25,Oxygen Therapy,Amoxicillin,100mg daily
9381,2960,2025-06-30,Oxygen Therapy,Amoxicillin,25mg daily
9382,2961,2025-05-05,Oxygen Therapy,Amoxicillin,50mg daily
9383,2961,2026-01-15,Oxygen Therapy,Amoxicillin,10mg daily
9384,2962,2026-02-07,Oxygen Therapy,Amoxicillin,10mg daily
9385,2963,2025-08-19,Oxygen Therapy,Amoxicillin,10mg daily
9386,2963,2025-03-24,Oxygen Therapy,Amoxicillin,100mg daily
9387,2964,2026-01-20,Blood Pressure Monitoring,Metoprolol,100mg daily
9388,2964,2025-11-10,Blood Pressure Monitoring,Metoprolol,10mg daily
9389,2965,2025-05-12,ECG Monitoring,Aspirin,100mg daily
9390,2966,2026-02-22,ECG Monitoring,Aspirin,10mg daily
9391,2966,2025-06-03,ECG Monitoring,Aspirin,100mg daily
9392,2967,2025-09-13,Oxygen Therapy,Amoxicillin,25mg daily
9393,2968,2025-08-02,Oxygen Therapy,Amoxicillin,25mg daily
9394,2969,2026-02-09,Oxygen Therapy,Amoxicillin,25mg daily
9395,2969,2025-06-25,Oxygen Therapy,Amoxicillin,100mg daily
9396,2970,2025-08-08,ECG Monitoring,Aspirin,50mg daily
9397,2970,2026-02-12,ECG Monitoring,Aspirin,10mg daily
9398,2971,2025-11-09,Oxygen Therapy,Amoxicillin,50mg daily
9399,2972,2025-10-17,Blood Pressure Monitoring,Metoprolol,50mg daily
9400,2972,2025-11-30,Blood Pressure Monitoring,Metoprolol,10mg daily
9401,2972,2025-10-25,Blood Pressure Monitoring,Metoprolol,50mg daily
9402,2973,2025-12-24,Oxygen Therapy,Amoxicillin,10mg daily
9403,2973,2025-12-24,Oxygen Therapy,Amoxicillin,100mg daily
9404,2973,2025-04-09,Oxygen Therapy,Amoxicillin,100mg daily
9405,2973,2025-12-28,Oxygen Therapy,Amoxicillin,100mg daily
9406,2974,2026-03-05,Oxygen Therapy,Amoxicillin,100mg daily
9407,2974,2026-02-06,Oxygen Therapy,Amoxicillin,100mg daily
9408,2974,2025-12-11,Oxygen Therapy,Amoxicillin,10mg daily
9409,2974,2026-02-20,Oxygen Therapy,Amoxicillin,100mg daily
9410,2975,2026-03-03,Oxygen Therapy,Amoxicillin,100mg daily
9411,2975,2025-12-29,Oxygen Therapy,Amoxicillin,100mg daily
9412,2975,2025-10-06,Oxygen Therapy,Amoxicillin,25mg daily
9413,2975,2025-12-25,Oxygen Therapy,Amoxicillin,25mg daily
9414,2976,2025-12-22,Oxygen Therapy,Amoxicillin,10mg daily
9415,2976,2025-07-15,Oxygen Therapy,Amoxicillin,10mg daily
9416,2977,2026-02-08,Oxygen Therapy,Amoxicillin,50mg daily
9417,2978,2025-06-08,Oxygen Therapy,Amoxicillin,10mg daily
9418,2978,2025-06-09,Oxygen Therapy,Amoxicillin,50mg daily
9419,2979,2026-02-12,Oxygen Therapy,Amoxicillin,50mg daily
9420,2979,2025-10-08,Oxygen Therapy,Amoxicillin,10mg daily
9421,2980,2025-07-19,ECG Monitoring,Aspirin,25mg daily
9422,2980,2025-10-29,ECG Monitoring,Aspirin,10mg daily
9423,2980,2025-04-14,ECG Monitoring,Aspirin,10mg daily
9424,2980,2025-11-11,ECG Monitoring,Aspirin,100mg daily
9425,2981,2026-02-28,Oxygen Therapy,Amoxicillin,25mg daily
9426,2981,2026-02-19,Oxygen Therapy,Amoxicillin,10mg daily
9427,2981,2025-10-04,Oxygen Therapy,Amoxicillin,50mg daily
9428,2981,2025-10-18,Oxygen Therapy,Amoxicillin,10mg daily
9429,2982,2025-08-16,Oxygen Therapy,Amoxicillin,50mg daily
9430,2982,2025-10-29,Oxygen Therapy,Amoxicillin,25mg daily
9431,2983,2025-12-01,Oxygen Therapy,Amoxicillin,50mg daily
9432,2983,2025-12-17,Oxygen Therapy,Amoxicillin,25mg daily
9433,2984,2026-03-08,Nebulization,Salbutamol,50mg daily
9434,2985,2025-09-21,Oxygen Therapy,Amoxicillin,50mg daily
9435,2985,2025-05-14,Oxygen Therapy,Amoxicillin,100mg daily
9436,2986,2026-02-19,Oxygen Therapy,Amoxicillin,50mg daily
9437,2987,2025-06-03,Blood Pressure Monitoring,Metoprolol,25mg daily
9438,2987,2025-11-26,Blood Pressure Monitoring,Metoprolol,50mg daily
9439,2987,2025-04-18,Blood Pressure Monitoring,Metoprolol,10mg daily
9440,2987,2025-09-21,Blood Pressure Monitoring,Metoprolol,50mg daily
9441,2988,2025-04-01,Blood Pressure Monitoring,Metoprolol,50mg daily
9442,2988,2025-05-24,Blood Pressure Monitoring,Metoprolol,50mg daily
9443,2989,2025-07-08,Oxygen Therapy,Amoxicillin,10mg daily
9444,2989,2025-07-29,Oxygen Therapy,Amoxicillin,10mg daily
9445,2989,2025-09-16,Oxygen Therapy,Amoxicillin,100mg daily
9446,2990,2025-03-31,Oxygen Therapy,Amoxicillin,25mg daily
9447,2990,2025-04-07,Oxygen Therapy,Amoxicillin,25mg daily
9448,2991,2025-04-16,Oxygen Therapy,Amoxicillin,25mg daily
9449,2992,2025-11-05,Oxygen Therapy,Amoxicillin,100mg daily
9450,2992,2025-05-14,Oxygen Therapy,Amoxicillin,10mg daily
9451,2993,2025-06-19,Oxygen Therapy,Amoxicillin,50mg daily
9452,2993,2025-05-11,Oxygen Therapy,Amoxicillin,10mg daily
9453,2993,2025-12-10,Oxygen Therapy,Amoxicillin,50mg daily
9454,2993,2025-06-20,Oxygen Therapy,Amoxicillin,100mg daily
9455,2994,2025-06-13,Nebulization,Salbutamol,25mg daily
9456,2995,2025-10-02,Nebulization,Salbutamol,50mg daily
9457,2996,2025-10-01,Nebulization,Salbutamol,100mg daily
9458,2997,2025-04-02,Oxygen Therapy,Amoxicillin,10mg daily
9459,2997,2025-07-03,Oxygen Therapy,Amoxicillin,10mg daily
9460,2997,2025-10-08,Oxygen Therapy,Amoxicillin,10mg daily
9461,2997,2026-01-05,Oxygen Therapy,Amoxicillin,100mg daily
9462,2998,2025-11-25,Nebulization,Salbutamol,10mg daily
9463,2998,2025-11-20,Nebulization,Salbutamol,100mg daily
9464,2998,2025-11-05,Nebulization,Salbutamol,25mg daily
9465,2998,2025-04-27,Nebulization,Salbutamol,25mg daily
9466,2999,2025-09-30,IV Fluid Therapy,Atorvastatin,25mg daily
9467,2999,2025-11-17,IV Fluid Therapy,Atorvastatin,100mg daily
9468,3000,2026-02-07,ECG Monitoring,Aspirin,100mg daily
9469,3000,2025-05-24,ECG Monitoring,Aspirin,25mg daily
9470,3000,2026-01-08,ECG Monitoring,Aspirin,100mg daily
9471,3000,2025-10-19,ECG Monitoring,Aspirin,50mg daily
9472,3001,2025-03-15,ECG Monitoring,Aspirin,100mg daily
9473,3001,2025-11-18,ECG Monitoring,Aspirin,10mg daily
9474,3001,2025-08-18,ECG Monitoring,Aspirin,25mg daily
9475,3001,2025-03-24,ECG Monitoring,Aspirin,25mg daily
9476,3002,2025-06-19,Blood Pressure Monitoring,Metoprolol,10mg daily
9477,3002,2025-07-04,Blood Pressure Monitoring,Metoprolol,50mg daily
9478,3002,2026-02-23,Blood Pressure Monitoring,Metoprolol,25mg daily
9479,3003,2026-02-02,ECG Monitoring,Aspirin,50mg daily
9480,3003,2025-07-09,ECG Monitoring,Aspirin,50mg daily
9481,3004,2026-02-03,IV Fluid Therapy,Atorvastatin,100mg daily
9482,3004,2025-04-30,IV Fluid Therapy,Atorvastatin,50mg daily
9483,3004,2025-04-04,IV Fluid Therapy,Atorvastatin,100mg daily
9484,3004,2025-12-21,IV Fluid Therapy,Atorvastatin,10mg daily
9485,3005,2026-01-21,ECG Monitoring,Aspirin,50mg daily
9486,3005,2025-11-18,ECG Monitoring,Aspirin,10mg daily
9487,3006,2026-02-24,ECG Monitoring,Aspirin,10mg daily
9488,3007,2026-01-28,ECG Monitoring,Aspirin,25mg daily
9489,3007,2025-10-18,ECG Monitoring,Aspirin,25mg daily
9490,3007,2025-08-20,ECG Monitoring,Aspirin,100mg daily
9491,3008,2026-01-22,ECG Monitoring,Aspirin,100mg daily
9492,3009,2026-01-06,ECG Monitoring,Aspirin,100mg daily
9493,3009,2025-04-03,ECG Monitoring,Aspirin,10mg daily
9494,3010,2025-03-25,ECG Monitoring,Aspirin,25mg daily
9495,3010,2025-05-27,ECG Monitoring,Aspirin,100mg daily
9496,3010,2026-02-09,ECG Monitoring,Aspirin,25mg daily
9497,3011,2025-09-09,IV Fluid Therapy,Atorvastatin,10mg daily
9498,3012,2025-05-23,IV Fluid Therapy,Atorvastatin,25mg daily
9499,3013,2025-07-06,Blood Pressure Monitoring,Metoprolol,100mg daily
9500,3013,2025-11-27,Blood Pressure Monitoring,Metoprolol,50mg daily
9501,3014,2025-10-10,ECG Monitoring,Aspirin,50mg daily
9502,3014,2025-12-08,ECG Monitoring,Aspirin,100mg daily
9503,3014,2025-11-07,ECG Monitoring,Aspirin,10mg daily
9504,3014,2025-04-29,ECG Monitoring,Aspirin,25mg daily
9505,3015,2026-02-04,ECG Monitoring,Aspirin,50mg daily
9506,3015,2025-09-10,ECG Monitoring,Aspirin,25mg daily
9507,3015,2025-03-15,ECG Monitoring,Aspirin,25mg daily
9508,3016,2025-04-19,ECG Monitoring,Aspirin,10mg daily
9509,3017,2025-05-16,ECG Monitoring,Aspirin,25mg daily
9510,3017,2025-12-27,ECG Monitoring,Aspirin,50mg daily
9511,3017,2025-12-08,ECG Monitoring,Aspirin,50mg daily
9512,3018,2025-06-23,Blood Pressure Monitoring,Metoprolol,100mg daily
9513,3018,2025-04-02,Blood Pressure Monitoring,Metoprolol,25mg daily
9514,3019,2025-10-08,Blood Pressure Monitoring,Metoprolol,50mg daily
9515,3019,2025-11-08,Blood Pressure Monitoring,Metoprolol,25mg daily
9516,3019,2026-01-07,Blood Pressure Monitoring,Metoprolol,100mg daily
9517,3019,2025-03-25,Blood Pressure Monitoring,Metoprolol,25mg daily
9518,3020,2025-05-26,Blood Pressure Monitoring,Metoprolol,10mg daily
9519,3020,2026-02-23,Blood Pressure Monitoring,Metoprolol,100mg daily
9520,3021,2026-02-06,IV Fluid Therapy,Atorvastatin,25mg daily
9521,3022,2025-12-24,ECG Monitoring,Aspirin,10mg daily
9522,3022,2025-05-11,ECG Monitoring,Aspirin,50mg daily
9523,3023,2025-07-02,IV Fluid Therapy,Atorvastatin,100mg daily
9524,3023,2026-01-10,IV Fluid Therapy,Atorvastatin,10mg daily
9525,3024,2025-07-27,Oxygen Therapy,Amoxicillin,100mg daily
9526,3024,2026-01-16,Oxygen Therapy,Amoxicillin,100mg daily
9527,3024,2026-01-13,Oxygen Therapy,Amoxicillin,25mg daily
9528,3024,2026-02-27,Oxygen Therapy,Amoxicillin,10mg daily
9529,3025,2025-12-29,Oxygen Therapy,Amoxicillin,50mg daily
9530,3025,2025-11-15,Oxygen Therapy,Amoxicillin,10mg daily
9531,3025,2026-01-26,Oxygen Therapy,Amoxicillin,100mg daily
9532,3025,2026-03-07,Oxygen Therapy,Amoxicillin,50mg daily
9533,3026,2025-06-14,Oxygen Therapy,Amoxicillin,100mg daily
9534,3026,2025-10-23,Oxygen Therapy,Amoxicillin,10mg daily
9535,3026,2025-03-25,Oxygen Therapy,Amoxicillin,50mg daily
9536,3027,2025-06-25,Blood Pressure Monitoring,Metoprolol,25mg daily
9537,3027,2025-05-02,Blood Pressure Monitoring,Metoprolol,50mg daily
9538,3027,2025-10-22,Blood Pressure Monitoring,Metoprolol,100mg daily
9539,3027,2025-06-16,Blood Pressure Monitoring,Metoprolol,10mg daily
9540,3028,2025-11-09,Blood Pressure Monitoring,Metoprolol,10mg daily
9541,3028,2025-10-25,Blood Pressure Monitoring,Metoprolol,10mg daily
9542,3028,2025-06-28,Blood Pressure Monitoring,Metoprolol,50mg daily
9543,3029,2025-06-22,Oxygen Therapy,Amoxicillin,25mg daily
9544,3029,2026-01-26,Oxygen Therapy,Amoxicillin,100mg daily
9545,3029,2025-11-17,Oxygen Therapy,Amoxicillin,50mg daily
9546,3029,2025-09-06,Oxygen Therapy,Amoxicillin,100mg daily
9547,3030,2025-09-05,Oxygen Therapy,Amoxicillin,100mg daily
9548,3030,2025-11-01,Oxygen Therapy,Amoxicillin,10mg daily
9549,3030,2026-02-24,Oxygen Therapy,Amoxicillin,10mg daily
9550,3030,2025-05-01,Oxygen Therapy,Amoxicillin,25mg daily
9551,3031,2025-08-12,Oxygen Therapy,Amoxicillin,50mg daily
9552,3031,2025-08-08,Oxygen Therapy,Amoxicillin,50mg daily
9553,3031,2025-05-06,Oxygen Therapy,Amoxicillin,100mg daily
9554,3031,2025-07-11,Oxygen Therapy,Amoxicillin,50mg daily
9555,3032,2025-08-29,Oxygen Therapy,Amoxicillin,25mg daily
9556,3032,2025-05-08,Oxygen Therapy,Amoxicillin,100mg daily
9557,3032,2026-02-01,Oxygen Therapy,Amoxicillin,50mg daily
9558,3032,2025-05-28,Oxygen Therapy,Amoxicillin,50mg daily
9559,3033,2026-02-07,ECG Monitoring,Aspirin,25mg daily
9560,3033,2025-06-19,ECG Monitoring,Aspirin,100mg daily
9561,3033,2025-08-16,ECG Monitoring,Aspirin,10mg daily
9562,3034,2025-09-25,ECG Monitoring,Aspirin,10mg daily
9563,3034,2025-07-21,ECG Monitoring,Aspirin,10mg daily
9564,3034,2025-11-27,ECG Monitoring,Aspirin,25mg daily
9565,3034,2025-12-22,ECG Monitoring,Aspirin,10mg daily
9566,3035,2025-12-01,ECG Monitoring,Aspirin,100mg daily
9567,3035,2025-04-20,ECG Monitoring,Aspirin,25mg daily
9568,3035,2025-04-02,ECG Monitoring,Aspirin,100mg daily
9569,3036,2025-06-27,ECG Monitoring,Aspirin,25mg daily
9570,3036,2025-09-11,ECG Monitoring,Aspirin,50mg daily
9571,3036,2025-12-29,ECG Monitoring,Aspirin,10mg daily
9572,3036,2025-08-11,ECG Monitoring,Aspirin,10mg daily
9573,3037,2025-03-11,ECG Monitoring,Aspirin,25mg daily
9574,3038,2025-07-05,ECG Monitoring,Aspirin,100mg daily
9575,3038,2025-04-06,ECG Monitoring,Aspirin,25mg daily
9576,3038,2025-09-06,ECG Monitoring,Aspirin,25mg daily
9577,3038,2025-05-07,ECG Monitoring,Aspirin,25mg daily
9578,3039,2025-05-24,ECG Monitoring,Aspirin,100mg daily
9579,3040,2025-11-26,ECG Monitoring,Aspirin,10mg daily
9580,3040,2025-05-19,ECG Monitoring,Aspirin,100mg daily
9581,3040,2025-12-19,ECG Monitoring,Aspirin,50mg daily
9582,3041,2025-11-09,ECG Monitoring,Aspirin,10mg daily
9583,3041,2025-10-10,ECG Monitoring,Aspirin,100mg daily
9584,3041,2025-09-02,ECG Monitoring,Aspirin,100mg daily
9585,3041,2026-03-07,ECG Monitoring,Aspirin,50mg daily
9586,3042,2025-04-11,Blood Pressure Monitoring,Metoprolol,100mg daily
9587,3042,2025-03-22,Blood Pressure Monitoring,Metoprolol,50mg daily
9588,3042,2025-04-01,Blood Pressure Monitoring,Metoprolol,25mg daily
9589,3043,2025-05-12,Blood Pressure Monitoring,Metoprolol,25mg daily
9590,3044,2025-08-06,ECG Monitoring,Aspirin,10mg daily
9591,3044,2025-08-09,ECG Monitoring,Aspirin,10mg daily
9592,3044,2025-12-09,ECG Monitoring,Aspirin,100mg daily
9593,3044,2025-05-27,ECG Monitoring,Aspirin,25mg daily
9594,3045,2025-07-29,ECG Monitoring,Aspirin,100mg daily
9595,3046,2025-06-30,ECG Monitoring,Aspirin,10mg daily
9596,3046,2025-07-07,ECG Monitoring,Aspirin,10mg daily
9597,3047,2025-06-10,ECG Monitoring,Aspirin,50mg daily
9598,3047,2026-03-10,ECG Monitoring,Aspirin,10mg daily
9599,3047,2025-06-03,ECG Monitoring,Aspirin,50mg daily
9600,3047,2025-03-27,ECG Monitoring,Aspirin,100mg daily
9601,3048,2025-05-19,ECG Monitoring,Aspirin,50mg daily
9602,3048,2025-04-08,ECG Monitoring,Aspirin,25mg daily
9603,3049,2025-07-21,Blood Pressure Monitoring,Metoprolol,50mg daily
9604,3049,2025-07-07,Blood Pressure Monitoring,Metoprolol,50mg daily
9605,3049,2026-03-10,Blood Pressure Monitoring,Metoprolol,50mg daily
9606,3049,2026-01-31,Blood Pressure Monitoring,Metoprolol,10mg daily
9607,3050,2025-11-21,IV Fluid Therapy,Atorvastatin,50mg daily
9608,3050,2025-11-24,IV Fluid Therapy,Atorvastatin,100mg daily
9609,3050,2025-05-10,IV Fluid Therapy,Atorvastatin,100mg daily
9610,3051,2025-04-16,IV Fluid Therapy,Atorvastatin,10mg daily
9611,3051,2025-07-15,IV Fluid Therapy,Atorvastatin,50mg daily
9612,3052,2025-12-30,IV Fluid Therapy,Atorvastatin,50mg daily
9613,3052,2025-05-22,IV Fluid Therapy,Atorvastatin,100mg daily
9614,3052,2025-06-15,IV Fluid Therapy,Atorvastatin,10mg daily
9615,3052,2025-09-21,IV Fluid Therapy,Atorvastatin,10mg daily
9616,3053,2026-01-29,ECG Monitoring,Aspirin,25mg daily
9617,3053,2026-03-03,ECG Monitoring,Aspirin,50mg daily
9618,3053,2025-09-05,ECG Monitoring,Aspirin,25mg daily
9619,3054,2025-09-22,ECG Monitoring,Aspirin,50mg daily
9620,3055,2025-04-29,Oxygen Therapy,Amoxicillin,10mg daily
9621,3055,2025-12-12,Oxygen Therapy,Amoxicillin,100mg daily
9622,3055,2026-01-29,Oxygen Therapy,Amoxicillin,50mg daily
9623,3055,2025-06-01,Oxygen Therapy,Amoxicillin,50mg daily
9624,3056,2026-01-22,Oxygen Therapy,Amoxicillin,50mg daily
9625,3056,2025-09-29,Oxygen Therapy,Amoxicillin,10mg daily
9626,3057,2025-10-10,Oxygen Therapy,Amoxicillin,10mg daily
9627,3057,2025-03-18,Oxygen Therapy,Amoxicillin,100mg daily
9628,3057,2025-05-22,Oxygen Therapy,Amoxicillin,10mg daily
9629,3058,2025-06-13,Nebulization,Salbutamol,50mg daily
9630,3058,2025-04-02,Nebulization,Salbutamol,50mg daily
9631,3058,2025-11-24,Nebulization,Salbutamol,100mg daily
9632,3059,2025-04-26,Nebulization,Salbutamol,100mg daily
9633,3059,2025-11-11,Nebulization,Salbutamol,50mg daily
9634,3060,2025-04-12,Oxygen Therapy,Amoxicillin,100mg daily
9635,3060,2026-02-19,Oxygen Therapy,Amoxicillin,25mg daily
9636,3060,2025-07-04,Oxygen Therapy,Amoxicillin,10mg daily
9637,3060,2025-04-08,Oxygen Therapy,Amoxicillin,10mg daily
9638,3061,2026-02-18,Oxygen Therapy,Amoxicillin,10mg daily
9639,3062,2026-01-21,Oxygen Therapy,Amoxicillin,25mg daily
9640,3062,2025-12-26,Oxygen Therapy,Amoxicillin,50mg daily
9641,3062,2025-03-27,Oxygen Therapy,Amoxicillin,100mg daily
9642,3062,2025-07-10,Oxygen Therapy,Amoxicillin,50mg daily
9643,3063,2025-06-19,ECG Monitoring,Aspirin,50mg daily
9644,3063,2025-10-29,ECG Monitoring,Aspirin,10mg daily
9645,3064,2025-07-29,ECG Monitoring,Aspirin,50mg daily
9646,3064,2025-11-07,ECG Monitoring,Aspirin,50mg daily
9647,3064,2025-12-06,ECG Monitoring,Aspirin,100mg daily
9648,3065,2026-03-03,ECG Monitoring,Aspirin,100mg daily
9649,3066,2025-03-19,Blood Pressure Monitoring,Metoprolol,10mg daily
9650,3066,2026-03-02,Blood Pressure Monitoring,Metoprolol,25mg daily
9651,3066,2025-03-17,Blood Pressure Monitoring,Metoprolol,50mg daily
9652,3067,2025-12-14,Oxygen Therapy,Amoxicillin,50mg daily
9653,3068,2025-11-01,Oxygen Therapy,Amoxicillin,25mg daily
9654,3069,2025-03-13,Oxygen Therapy,Amoxicillin,100mg daily
9655,3069,2025-06-10,Oxygen Therapy,Amoxicillin,100mg daily
9656,3069,2025-10-11,Oxygen Therapy,Amoxicillin,25mg daily
9657,3070,2025-12-17,Oxygen Therapy,Amoxicillin,25mg daily
9658,3070,2026-01-31,Oxygen Therapy,Amoxicillin,10mg daily
9659,3071,2026-01-07,Oxygen Therapy,Amoxicillin,50mg daily
9660,3071,2025-11-04,Oxygen Therapy,Amoxicillin,10mg daily
9661,3071,2025-07-20,Oxygen Therapy,Amoxicillin,10mg daily
9662,3071,2025-10-31,Oxygen Therapy,Amoxicillin,25mg daily
9663,3072,2026-02-23,ECG Monitoring,Aspirin,10mg daily
9664,3073,2025-07-09,Blood Pressure Monitoring,Metoprolol,25mg daily
9665,3073,2025-12-16,Blood Pressure Monitoring,Metoprolol,25mg daily
9666,3073,2025-10-08,Blood Pressure Monitoring,Metoprolol,25mg daily
9667,3073,2025-10-21,Blood Pressure Monitoring,Metoprolol,100mg daily
9668,3074,2025-08-25,ECG Monitoring,Aspirin,100mg daily
9669,3074,2025-12-26,ECG Monitoring,Aspirin,50mg daily
9670,3074,2026-01-07,ECG Monitoring,Aspirin,50mg daily
9671,3075,2026-01-22,ECG Monitoring,Aspirin,10mg daily
9672,3075,2025-05-05,ECG Monitoring,Aspirin,100mg daily
9673,3076,2026-01-24,ECG Monitoring,Aspirin,10mg daily
9674,3076,2026-01-15,ECG Monitoring,Aspirin,100mg daily
9675,3077,2026-02-03,ECG Monitoring,Aspirin,10mg daily
9676,3078,2025-09-07,ECG Monitoring,Aspirin,10mg daily
9677,3079,2026-01-19,ECG Monitoring,Aspirin,50mg daily
9678,3079,2025-11-12,ECG Monitoring,Aspirin,10mg daily
9679,3079,2025-11-03,ECG Monitoring,Aspirin,100mg daily
9680,3079,2025-07-19,ECG Monitoring,Aspirin,25mg daily
9681,3080,2025-05-22,ECG Monitoring,Aspirin,25mg daily
9682,3081,2025-04-25,ECG Monitoring,Aspirin,50mg daily
9683,3081,2025-10-26,ECG Monitoring,Aspirin,25mg daily
9684,3082,2025-03-18,ECG Monitoring,Aspirin,100mg daily
9685,3082,2025-08-26,ECG Monitoring,Aspirin,50mg daily
9686,3082,2026-03-09,ECG Monitoring,Aspirin,25mg daily
9687,3082,2025-03-16,ECG Monitoring,Aspirin,10mg daily
9688,3083,2025-08-05,ECG Monitoring,Aspirin,100mg daily
9689,3084,2025-07-29,Blood Pressure Monitoring,Metoprolol,25mg daily
9690,3084,2025-06-29,Blood Pressure Monitoring,Metoprolol,50mg daily
9691,3084,2025-08-08,Blood Pressure Monitoring,Metoprolol,10mg daily
9692,3084,2025-11-01,Blood Pressure Monitoring,Metoprolol,100mg daily
9693,3085,2025-04-14,Blood Pressure Monitoring,Metoprolol,10mg daily
9694,3085,2025-05-06,Blood Pressure Monitoring,Metoprolol,25mg daily
9695,3085,2025-05-07,Blood Pressure Monitoring,Metoprolol,100mg daily
9696,3086,2025-07-07,Blood Pressure Monitoring,Metoprolol,10mg daily
9697,3087,2025-03-16,Blood Pressure Monitoring,Metoprolol,25mg daily
9698,3087,2025-12-29,Blood Pressure Monitoring,Metoprolol,25mg daily
9699,3087,2025-08-07,Blood Pressure Monitoring,Metoprolol,10mg daily
9700,3087,2025-11-29,Blood Pressure Monitoring,Metoprolol,25mg daily
9701,3088,2025-03-31,Blood Pressure Monitoring,Metoprolol,25mg daily
9702,3088,2026-03-06,Blood Pressure Monitoring,Metoprolol,10mg daily
9703,3088,2025-05-25,Blood Pressure Monitoring,Metoprolol,10mg daily
9704,3088,2025-12-13,Blood Pressure Monitoring,Metoprolol,100mg daily
9705,3089,2025-04-01,Oxygen Therapy,Amoxicillin,50mg daily
9706,3089,2025-11-19,Oxygen Therapy,Amoxicillin,10mg daily
9707,3089,2025-10-02,Oxygen Therapy,Amoxicillin,10mg daily
9708,3090,2025-09-09,Oxygen Therapy,Amoxicillin,100mg daily
9709,3090,2025-09-17,Oxygen Therapy,Amoxicillin,50mg daily
9710,3090,2025-04-01,Oxygen Therapy,Amoxicillin,50mg daily
9711,3091,2025-05-10,Oxygen Therapy,Amoxicillin,10mg daily
9712,3091,2025-06-26,Oxygen Therapy,Amoxicillin,10mg daily
9713,3091,2025-11-26,Oxygen Therapy,Amoxicillin,25mg daily
9714,3091,2026-03-09,Oxygen Therapy,Amoxicillin,50mg daily
9715,3092,2025-06-04,Oxygen Therapy,Amoxicillin,100mg daily
9716,3092,2025-09-01,Oxygen Therapy,Amoxicillin,25mg daily
9717,3092,2026-02-20,Oxygen Therapy,Amoxicillin,25mg daily
9718,3093,2025-05-13,Oxygen Therapy,Amoxicillin,10mg daily
9719,3093,2025-04-04,Oxygen Therapy,Amoxicillin,10mg daily
9720,3094,2025-11-01,Oxygen Therapy,Amoxicillin,50mg daily
9721,3094,2025-11-05,Oxygen Therapy,Amoxicillin,50mg daily
9722,3094,2026-01-23,Oxygen Therapy,Amoxicillin,100mg daily
9723,3094,2025-04-05,Oxygen Therapy,Amoxicillin,25mg daily
9724,3095,2025-09-13,IV Fluid Therapy,Atorvastatin,100mg daily
9725,3095,2025-06-03,IV Fluid Therapy,Atorvastatin,25mg daily
9726,3095,2025-09-22,IV Fluid Therapy,Atorvastatin,25mg daily
9727,3096,2026-03-07,Blood Pressure Monitoring,Metoprolol,50mg daily
9728,3096,2025-08-07,Blood Pressure Monitoring,Metoprolol,50mg daily
9729,3097,2025-06-15,Blood Pressure Monitoring,Metoprolol,25mg daily
9730,3097,2025-10-27,Blood Pressure Monitoring,Metoprolol,25mg daily
9731,3097,2025-12-29,Blood Pressure Monitoring,Metoprolol,10mg daily
9732,3098,2026-02-13,Nebulization,Salbutamol,100mg daily
9733,3098,2025-04-27,Nebulization,Salbutamol,25mg daily
9734,3098,2025-09-08,Nebulization,Salbutamol,50mg daily
9735,3098,2025-06-14,Nebulization,Salbutamol,25mg daily
9736,3099,2025-03-18,Oxygen Therapy,Amoxicillin,100mg daily
9737,3099,2025-08-28,Oxygen Therapy,Amoxicillin,50mg daily
9738,3100,2025-09-13,Nebulization,Salbutamol,50mg daily
9739,3100,2025-06-13,Nebulization,Salbutamol,50mg daily
9740,3101,2025-11-03,Nebulization,Salbutamol,100mg daily
9741,3101,2025-05-07,Nebulization,Salbutamol,10mg daily
9742,3101,2025-07-15,Nebulization,Salbutamol,50mg daily
9743,3102,2026-02-23,Blood Pressure Monitoring,Metoprolol,100mg daily
9744,3102,2025-09-04,Blood Pressure Monitoring,Metoprolol,25mg daily
9745,3102,2026-03-02,Blood Pressure Monitoring,Metoprolol,25mg daily
9746,3103,2025-09-28,Blood Pressure Monitoring,Metoprolol,50mg daily
9747,3104,2025-09-11,Blood Pressure Monitoring,Metoprolol,50mg daily
9748,3104,2025-10-25,Blood Pressure Monitoring,Metoprolol,100mg daily
9749,3104,2025-03-14,Blood Pressure Monitoring,Metoprolol,25mg daily
9750,3104,2026-02-17,Blood Pressure Monitoring,Metoprolol,100mg daily
9751,3105,2025-06-19,ECG Monitoring,Aspirin,50mg daily
9752,3105,2025-03-21,ECG Monitoring,Aspirin,100mg daily
9753,3106,2025-07-24,IV Fluid Therapy,Atorvastatin,100mg daily
9754,3106,2025-10-23,IV Fluid Therapy,Atorvastatin,50mg daily
9755,3106,2025-08-15,IV Fluid Therapy,Atorvastatin,100mg daily
9756,3107,2025-06-09,ECG Monitoring,Aspirin,25mg daily
9757,3108,2025-11-18,ECG Monitoring,Aspirin,100mg daily
9758,3108,2026-01-12,ECG Monitoring,Aspirin,50mg daily
9759,3108,2025-06-10,ECG Monitoring,Aspirin,25mg daily
9760,3108,2025-05-01,ECG Monitoring,Aspirin,50mg daily
9761,3109,2025-07-19,Oxygen Therapy,Amoxicillin,10mg daily
9762,3109,2025-10-04,Oxygen Therapy,Amoxicillin,10mg daily
9763,3109,2025-08-21,Oxygen Therapy,Amoxicillin,25mg daily
9764,3109,2025-11-12,Oxygen Therapy,Amoxicillin,25mg daily
9765,3110,2025-05-22,Oxygen Therapy,Amoxicillin,25mg daily
9766,3111,2025-10-10,Oxygen Therapy,Amoxicillin,100mg daily
9767,3112,2025-08-27,ECG Monitoring,Aspirin,100mg daily
9768,3112,2025-11-19,ECG Monitoring,Aspirin,10mg daily
9769,3113,2025-08-29,ECG Monitoring,Aspirin,100mg daily
9770,3113,2025-10-22,ECG Monitoring,Aspirin,100mg daily
9771,3113,2025-08-09,ECG Monitoring,Aspirin,10mg daily
9772,3114,2026-02-04,ECG Monitoring,Aspirin,25mg daily
9773,3114,2025-05-09,ECG Monitoring,Aspirin,50mg daily
9774,3114,2026-01-23,ECG Monitoring,Aspirin,10mg daily
9775,3114,2025-07-05,ECG Monitoring,Aspirin,50mg daily
9776,3115,2025-07-08,IV Fluid Therapy,Atorvastatin,50mg daily
9777,3115,2025-04-18,IV Fluid Therapy,Atorvastatin,100mg daily
9778,3116,2026-01-19,ECG Monitoring,Aspirin,100mg daily
9779,3116,2025-09-14,ECG Monitoring,Aspirin,10mg daily
9780,3117,2025-07-03,IV Fluid Therapy,Atorvastatin,100mg daily
9781,3117,2025-06-05,IV Fluid Therapy,Atorvastatin,100mg daily
9782,3117,2025-08-22,IV Fluid Therapy,Atorvastatin,50mg daily
9783,3118,2025-09-23,Blood Pressure Monitoring,Metoprolol,25mg daily
9784,3118,2026-02-03,Blood Pressure Monitoring,Metoprolol,100mg daily
9785,3118,2025-09-16,Blood Pressure Monitoring,Metoprolol,25mg daily
9786,3118,2025-12-10,Blood Pressure Monitoring,Metoprolol,100mg daily
9787,3119,2025-08-01,Oxygen Therapy,Amoxicillin,50mg daily
9788,3119,2025-08-13,Oxygen Therapy,Amoxicillin,25mg daily
9789,3119,2025-08-07,Oxygen Therapy,Amoxicillin,25mg daily
9790,3120,2026-02-21,Oxygen Therapy,Amoxicillin,10mg daily
9791,3120,2025-05-18,Oxygen Therapy,Amoxicillin,25mg daily
9792,3121,2025-12-28,Nebulization,Salbutamol,10mg daily
9793,3121,2025-09-19,Nebulization,Salbutamol,25mg daily
9794,3121,2026-03-11,Nebulization,Salbutamol,100mg daily
9795,3122,2025-12-19,Blood Pressure Monitoring,Metoprolol,100mg daily
9796,3122,2025-09-09,Blood Pressure Monitoring,Metoprolol,25mg daily
9797,3122,2025-10-14,Blood Pressure Monitoring,Metoprolol,50mg daily
9798,3123,2026-03-08,ECG Monitoring,Aspirin,10mg daily
9799,3123,2025-08-21,ECG Monitoring,Aspirin,25mg daily
9800,3124,2025-10-07,Blood Pressure Monitoring,Metoprolol,25mg daily
9801,3124,2025-10-10,Blood Pressure Monitoring,Metoprolol,25mg daily
9802,3124,2026-03-01,Blood Pressure Monitoring,Metoprolol,10mg daily
9803,3125,2025-05-24,ECG Monitoring,Aspirin,10mg daily
9804,3126,2025-12-24,ECG Monitoring,Aspirin,25mg daily
9805,3126,2025-07-02,ECG Monitoring,Aspirin,50mg daily
9806,3126,2025-07-14,ECG Monitoring,Aspirin,100mg daily
9807,3127,2025-07-15,Oxygen Therapy,Amoxicillin,100mg daily
9808,3127,2025-08-23,Oxygen Therapy,Amoxicillin,50mg daily
9809,3128,2025-08-02,Oxygen Therapy,Amoxicillin,25mg daily
9810,3128,2025-06-27,Oxygen Therapy,Amoxicillin,50mg daily
9811,3129,2025-09-06,Oxygen Therapy,Amoxicillin,10mg daily
9812,3129,2025-10-12,Oxygen Therapy,Amoxicillin,10mg daily
9813,3130,2025-06-10,Oxygen Therapy,Amoxicillin,50mg daily
9814,3130,2025-04-21,Oxygen Therapy,Amoxicillin,10mg daily
9815,3130,2025-12-30,Oxygen Therapy,Amoxicillin,100mg daily
9816,3130,2025-11-20,Oxygen Therapy,Amoxicillin,10mg daily
9817,3131,2025-09-07,Oxygen Therapy,Amoxicillin,25mg daily
9818,3131,2025-08-12,Oxygen Therapy,Amoxicillin,25mg daily
9819,3131,2025-12-18,Oxygen Therapy,Amoxicillin,100mg daily
9820,3131,2025-06-25,Oxygen Therapy,Amoxicillin,50mg daily
9821,3132,2025-06-11,Nebulization,Salbutamol,25mg daily
9822,3133,2025-03-28,Oxygen Therapy,Amoxicillin,50mg daily
9823,3133,2025-08-17,Oxygen Therapy,Amoxicillin,10mg daily
9824,3133,2025-04-19,Oxygen Therapy,Amoxicillin,25mg daily
9825,3133,2026-01-31,Oxygen Therapy,Amoxicillin,50mg daily
9826,3134,2025-10-31,Blood Pressure Monitoring,Metoprolol,50mg daily
9827,3134,2026-01-27,Blood Pressure Monitoring,Metoprolol,10mg daily
9828,3135,2025-12-31,Blood Pressure Monitoring,Metoprolol,25mg daily
9829,3135,2025-08-06,Blood Pressure Monitoring,Metoprolol,25mg daily
9830,3136,2026-01-28,Nebulization,Salbutamol,25mg daily
9831,3137,2025-05-24,Oxygen Therapy,Amoxicillin,50mg daily
9832,3138,2026-02-08,Nebulization,Salbutamol,100mg daily
9833,3138,2025-03-26,Nebulization,Salbutamol,25mg daily
9834,3138,2025-12-15,Nebulization,Salbutamol,25mg daily
9835,3139,2026-01-12,ECG Monitoring,Aspirin,10mg daily
9836,3139,2025-06-01,ECG Monitoring,Aspirin,100mg daily
9837,3140,2025-08-10,Blood Pressure Monitoring,Metoprolol,50mg daily
9838,3140,2026-02-06,Blood Pressure Monitoring,Metoprolol,50mg daily
9839,3140,2025-06-10,Blood Pressure Monitoring,Metoprolol,50mg daily
9840,3140,2025-10-14,Blood Pressure Monitoring,Metoprolol,25mg daily
9841,3141,2025-11-20,Blood Pressure Monitoring,Metoprolol,25mg daily
9842,3141,2025-06-10,Blood Pressure Monitoring,Metoprolol,10mg daily
9843,3141,2025-07-26,Blood Pressure Monitoring,Metoprolol,100mg daily
9844,3142,2025-03-26,Blood Pressure Monitoring,Metoprolol,25mg daily
9845,3143,2025-09-22,ECG Monitoring,Aspirin,50mg daily
9846,3143,2025-05-30,ECG Monitoring,Aspirin,10mg daily
9847,3144,2025-05-10,ECG Monitoring,Aspirin,25mg daily
9848,3145,2025-04-01,ECG Monitoring,Aspirin,50mg daily
9849,3145,2025-06-29,ECG Monitoring,Aspirin,10mg daily
9850,3145,2025-09-22,ECG Monitoring,Aspirin,10mg daily
9851,3145,2025-04-03,ECG Monitoring,Aspirin,50mg daily
9852,3146,2026-02-26,Blood Pressure Monitoring,Metoprolol,10mg daily
9853,3146,2025-07-01,Blood Pressure Monitoring,Metoprolol,50mg daily
9854,3146,2025-10-03,Blood Pressure Monitoring,Metoprolol,10mg daily
9855,3146,2025-11-21,Blood Pressure Monitoring,Metoprolol,100mg daily
9856,3147,2025-04-02,ECG Monitoring,Aspirin,10mg daily
9857,3148,2025-09-28,IV Fluid Therapy,Atorvastatin,10mg daily
9858,3148,2025-03-16,IV Fluid Therapy,Atorvastatin,10mg daily
9859,3148,2025-03-28,IV Fluid Therapy,Atorvastatin,50mg daily
9860,3148,2026-01-18,IV Fluid Therapy,Atorvastatin,100mg daily
9861,3149,2026-02-21,Oxygen Therapy,Amoxicillin,10mg daily
9862,3150,2026-01-30,Oxygen Therapy,Amoxicillin,100mg daily
9863,3150,2025-11-22,Oxygen Therapy,Amoxicillin,50mg daily
9864,3150,2025-08-23,Oxygen Therapy,Amoxicillin,25mg daily
9865,3150,2025-09-04,Oxygen Therapy,Amoxicillin,100mg daily
9866,3151,2025-12-23,Blood Pressure Monitoring,Metoprolol,50mg daily
9867,3151,2025-12-21,Blood Pressure Monitoring,Metoprolol,50mg daily
9868,3151,2025-08-16,Blood Pressure Monitoring,Metoprolol,10mg daily
9869,3151,2025-11-13,Blood Pressure Monitoring,Metoprolol,10mg daily
9870,3152,2026-03-02,Oxygen Therapy,Amoxicillin,100mg daily
9871,3152,2026-02-16,Oxygen Therapy,Amoxicillin,10mg daily
9872,3153,2026-03-05,IV Fluid Therapy,Atorvastatin,25mg daily
9873,3153,2025-06-06,IV Fluid Therapy,Atorvastatin,10mg daily
9874,3153,2025-04-06,IV Fluid Therapy,Atorvastatin,25mg daily
9875,3154,2025-06-19,ECG Monitoring,Aspirin,25mg daily
9876,3155,2026-01-17,Blood Pressure Monitoring,Metoprolol,100mg daily
9877,3155,2025-03-14,Blood Pressure Monitoring,Metoprolol,10mg daily
9878,3155,2026-02-02,Blood Pressure Monitoring,Metoprolol,25mg daily
9879,3156,2025-09-28,Blood Pressure Monitoring,Metoprolol,50mg daily
9880,3156,2025-05-02,Blood Pressure Monitoring,Metoprolol,10mg daily
9881,3156,2025-11-23,Blood Pressure Monitoring,Metoprolol,100mg daily
9882,3156,2026-01-24,Blood Pressure Monitoring,Metoprolol,25mg daily
9883,3157,2026-01-06,Oxygen Therapy,Amoxicillin,10mg daily
9884,3157,2025-07-01,Oxygen Therapy,Amoxicillin,25mg daily
9885,3157,2025-10-28,Oxygen Therapy,Amoxicillin,100mg daily
9886,3157,2025-11-11,Oxygen Therapy,Amoxicillin,100mg daily
9887,3158,2025-09-30,Oxygen Therapy,Amoxicillin,50mg daily
9888,3158,2026-02-16,Oxygen Therapy,Amoxicillin,50mg daily
9889,3158,2025-12-12,Oxygen Therapy,Amoxicillin,10mg daily
9890,3158,2025-03-18,Oxygen Therapy,Amoxicillin,25mg daily
9891,3159,2026-02-05,Oxygen Therapy,Amoxicillin,10mg daily
9892,3159,2025-07-02,Oxygen Therapy,Amoxicillin,100mg daily
9893,3160,2025-08-26,Nebulization,Salbutamol,50mg daily
9894,3160,2025-09-30,Nebulization,Salbutamol,25mg daily
9895,3160,2025-06-02,Nebulization,Salbutamol,25mg daily
9896,3161,2025-12-09,Oxygen Therapy,Amoxicillin,100mg daily
9897,3161,2025-04-18,Oxygen Therapy,Amoxicillin,100mg daily
9898,3162,2025-11-13,ECG Monitoring,Aspirin,50mg daily
9899,3163,2025-05-27,Oxygen Therapy,Amoxicillin,50mg daily
9900,3163,2026-01-04,Oxygen Therapy,Amoxicillin,100mg daily
9901,3164,2025-12-03,Oxygen Therapy,Amoxicillin,50mg daily
9902,3164,2025-11-01,Oxygen Therapy,Amoxicillin,100mg daily
9903,3164,2025-03-28,Oxygen Therapy,Amoxicillin,100mg daily
9904,3164,2025-07-03,Oxygen Therapy,Amoxicillin,100mg daily
9905,3165,2026-01-11,Nebulization,Salbutamol,25mg daily
9906,3165,2025-04-04,Nebulization,Salbutamol,100mg daily
9907,3165,2025-09-12,Nebulization,Salbutamol,100mg daily
9908,3166,2025-08-03,ECG Monitoring,Aspirin,10mg daily
9909,3167,2025-06-02,Blood Pressure Monitoring,Metoprolol,100mg daily
9910,3167,2025-09-24,Blood Pressure Monitoring,Metoprolol,100mg daily
9911,3167,2025-11-03,Blood Pressure Monitoring,Metoprolol,10mg daily
9912,3167,2025-10-06,Blood Pressure Monitoring,Metoprolol,50mg daily
9913,3168,2025-08-07,Blood Pressure Monitoring,Metoprolol,50mg daily
9914,3168,2025-09-22,Blood Pressure Monitoring,Metoprolol,100mg daily
9915,3168,2025-06-16,Blood Pressure Monitoring,Metoprolol,50mg daily
9916,3169,2025-05-13,ECG Monitoring,Aspirin,25mg daily
9917,3170,2025-07-17,ECG Monitoring,Aspirin,25mg daily
9918,3170,2025-11-16,ECG Monitoring,Aspirin,100mg daily
9919,3171,2025-08-09,ECG Monitoring,Aspirin,50mg daily
9920,3172,2026-01-02,ECG Monitoring,Aspirin,50mg daily
9921,3172,2026-02-04,ECG Monitoring,Aspirin,10mg daily
9922,3173,2026-01-08,Oxygen Therapy,Amoxicillin,50mg daily
9923,3173,2025-10-22,Oxygen Therapy,Amoxicillin,50mg daily
9924,3173,2025-10-24,Oxygen Therapy,Amoxicillin,25mg daily
9925,3174,2025-12-09,Oxygen Therapy,Amoxicillin,10mg daily
9926,3174,2025-05-24,Oxygen Therapy,Amoxicillin,100mg daily
9927,3175,2025-09-15,Nebulization,Salbutamol,50mg daily
9928,3175,2025-04-11,Nebulization,Salbutamol,100mg daily
9929,3175,2025-10-11,Nebulization,Salbutamol,50mg daily
9930,3175,2025-07-06,Nebulization,Salbutamol,10mg daily
9931,3176,2025-07-23,Nebulization,Salbutamol,100mg daily
9932,3177,2025-08-17,Nebulization,Salbutamol,25mg daily
9933,3178,2025-03-29,ECG Monitoring,Aspirin,100mg daily
9934,3178,2025-05-27,ECG Monitoring,Aspirin,10mg daily
9935,3179,2025-12-20,Blood Pressure Monitoring,Metoprolol,100mg daily
9936,3180,2025-11-24,Blood Pressure Monitoring,Metoprolol,100mg daily
9937,3180,2026-02-17,Blood Pressure Monitoring,Metoprolol,10mg daily
9938,3180,2026-03-10,Blood Pressure Monitoring,Metoprolol,50mg daily
9939,3180,2025-09-28,Blood Pressure Monitoring,Metoprolol,10mg daily
9940,3181,2026-01-15,Oxygen Therapy,Amoxicillin,25mg daily
9941,3181,2025-03-15,Oxygen Therapy,Amoxicillin,25mg daily
9942,3181,2026-01-01,Oxygen Therapy,Amoxicillin,100mg daily
9943,3181,2025-09-25,Oxygen Therapy,Amoxicillin,100mg daily
9944,3182,2025-04-30,Oxygen Therapy,Amoxicillin,100mg daily
9945,3182,2025-08-09,Oxygen Therapy,Amoxicillin,100mg daily
9946,3182,2025-10-18,Oxygen Therapy,Amoxicillin,100mg daily
9947,3183,2025-04-09,Nebulization,Salbutamol,10mg daily
9948,3183,2025-11-14,Nebulization,Salbutamol,10mg daily
9949,3183,2025-03-15,Nebulization,Salbutamol,10mg daily
9950,3183,2025-06-08,Nebulization,Salbutamol,10mg daily
9951,3184,2025-11-03,ECG Monitoring,Aspirin,10mg daily
9952,3184,2025-03-13,ECG Monitoring,Aspirin,50mg daily
9953,3184,2025-07-10,ECG Monitoring,Aspirin,10mg daily
9954,3185,2025-08-06,ECG Monitoring,Aspirin,10mg daily
9955,3185,2026-01-20,ECG Monitoring,Aspirin,50mg daily
9956,3186,2025-08-15,ECG Monitoring,Aspirin,10mg daily
9957,3187,2025-05-08,ECG Monitoring,Aspirin,100mg daily
9958,3188,2026-02-24,Blood Pressure Monitoring,Metoprolol,25mg daily
9959,3188,2025-09-03,Blood Pressure Monitoring,Metoprolol,100mg daily
9960,3188,2025-04-16,Blood Pressure Monitoring,Metoprolol,50mg daily
9961,3189,2025-07-25,Blood Pressure Monitoring,Metoprolol,50mg daily
9962,3189,2025-06-21,Blood Pressure Monitoring,Metoprolol,50mg daily
9963,3190,2025-03-12,Blood Pressure Monitoring,Metoprolol,25mg daily
9964,3190,2025-08-08,Blood Pressure Monitoring,Metoprolol,25mg daily
9965,3191,2026-03-09,IV Fluid Therapy,Atorvastatin,100mg daily
9966,3191,2025-08-22,IV Fluid Therapy,Atorvastatin,25mg daily
9967,3192,2025-08-10,ECG Monitoring,Aspirin,50mg daily
9968,3192,2025-06-30,ECG Monitoring,Aspirin,100mg daily
9969,3193,2026-01-19,IV Fluid Therapy,Atorvastatin,100mg daily
9970,3193,2025-04-21,IV Fluid Therapy,Atorvastatin,100mg daily
9971,3193,2025-05-15,IV Fluid Therapy,Atorvastatin,25mg daily
9972,3194,2025-09-09,Oxygen Therapy,Amoxicillin,10mg daily
9973,3195,2025-09-07,ECG Monitoring,Aspirin,100mg daily
9974,3195,2026-02-03,ECG Monitoring,Aspirin,25mg daily
9975,3195,2025-08-26,ECG Monitoring,Aspirin,10mg daily
9976,3196,2025-06-12,ECG Monitoring,Aspirin,100mg daily
9977,3196,2025-09-26,ECG Monitoring,Aspirin,100mg daily
9978,3197,2025-10-26,Blood Pressure Monitoring,Metoprolol,100mg daily
9979,3197,2025-11-23,Blood Pressure Monitoring,Metoprolol,25mg daily
9980,3197,2025-12-13,Blood Pressure Monitoring,Metoprolol,50mg daily
9981,3197,2026-01-28,Blood Pressure Monitoring,Metoprolol,100mg daily
9982,3198,2025-09-10,Blood Pressure Monitoring,Metoprolol,50mg daily
9983,3198,2025-05-16,Blood Pressure Monitoring,Metoprolol,25mg daily
9984,3198,2025-09-16,Blood Pressure Monitoring,Metoprolol,50mg daily
9985,3198,2026-02-22,Blood Pressure Monitoring,Metoprolol,100mg daily
9986,3199,2025-04-15,Blood Pressure Monitoring,Metoprolol,100mg daily
9987,3200,2025-03-16,Oxygen Therapy,Amoxicillin,10mg daily
9988,3200,2025-04-26,Oxygen Therapy,Amoxicillin,10mg daily
9989,3200,2025-06-12,Oxygen Therapy,Amoxicillin,50mg daily
9990,3200,2025-04-23,Oxygen Therapy,Amoxicillin,10mg daily
9991,3201,2025-09-10,Oxygen Therapy,Amoxicillin,10mg daily
9992,3201,2026-03-03,Oxygen Therapy,Amoxicillin,100mg daily
9993,3201,2025-11-29,Oxygen Therapy,Amoxicillin,10mg daily
9994,3201,2026-02-06,Oxygen Therapy,Amoxicillin,50mg daily
9995,3202,2025-08-29,Oxygen Therapy,Amoxicillin,10mg daily
9996,3202,2025-10-01,Oxygen Therapy,Amoxicillin,25mg daily
9997,3202,2025-05-06,Oxygen Therapy,Amoxicillin,100mg daily
9998,3203,2025-08-06,Blood Pressure Monitoring,Metoprolol,10mg daily
9999,3203,2025-10-20,Blood Pressure Monitoring,Metoprolol,10mg daily
10000,3203,2025-04-26,Blood Pressure Monitoring,Metoprolol,10mg daily
10001,3204,2025-07-28,ECG Monitoring,Aspirin,50mg daily
10002,3205,2025-09-04,Oxygen Therapy,Amoxicillin,25mg daily
10003,3205,2025-03-16,Oxygen Therapy,Amoxicillin,10mg daily
10004,3206,2026-02-15,Oxygen Therapy,Amoxicillin,10mg daily
10005,3206,2026-03-08,Oxygen Therapy,Amoxicillin,10mg daily
10006,3207,2025-07-29,Nebulization,Salbutamol,50mg daily
10007,3207,2025-10-02,Nebulization,Salbutamol,25mg daily
10008,3208,2025-08-29,Oxygen Therapy,Amoxicillin,10mg daily
10009,3208,2025-06-14,Oxygen Therapy,Amoxicillin,100mg daily
10010,3208,2025-06-06,Oxygen Therapy,Amoxicillin,100mg daily
10011,3208,2026-01-05,Oxygen Therapy,Amoxicillin,10mg daily
10012,3209,2025-10-25,Blood Pressure Monitoring,Metoprolol,25mg daily
10013,3209,2025-05-25,Blood Pressure Monitoring,Metoprolol,25mg daily
10014,3209,2025-09-22,Blood Pressure Monitoring,Metoprolol,100mg daily
10015,3209,2025-09-10,Blood Pressure Monitoring,Metoprolol,10mg daily
10016,3210,2026-03-07,Blood Pressure Monitoring,Metoprolol,25mg daily
10017,3210,2025-06-29,Blood Pressure Monitoring,Metoprolol,50mg daily
10018,3210,2025-09-21,Blood Pressure Monitoring,Metoprolol,10mg daily
10019,3210,2025-05-22,Blood Pressure Monitoring,Metoprolol,25mg daily
10020,3211,2025-06-12,Nebulization,Salbutamol,25mg daily
10021,3211,2026-01-20,Nebulization,Salbutamol,10mg daily
10022,3211,2025-10-02,Nebulization,Salbutamol,50mg daily
10023,3212,2025-11-15,Nebulization,Salbutamol,25mg daily
10024,3212,2025-12-06,Nebulization,Salbutamol,50mg daily
10025,3212,2025-11-21,Nebulization,Salbutamol,50mg daily
10026,3212,2025-11-05,Nebulization,Salbutamol,25mg daily
10027,3213,2025-06-28,Nebulization,Salbutamol,50mg daily
10028,3213,2025-09-18,Nebulization,Salbutamol,25mg daily
10029,3213,2026-02-08,Nebulization,Salbutamol,25mg daily
10030,3214,2025-09-18,Nebulization,Salbutamol,100mg daily
10031,3214,2025-03-16,Nebulization,Salbutamol,100mg daily
10032,3215,2025-07-04,Oxygen Therapy,Amoxicillin,100mg daily
10033,3216,2025-07-17,Nebulization,Salbutamol,50mg daily
10034,3216,2025-09-17,Nebulization,Salbutamol,50mg daily
10035,3217,2025-09-02,ECG Monitoring,Aspirin,10mg daily
10036,3217,2025-06-08,ECG Monitoring,Aspirin,100mg daily
10037,3217,2025-08-01,ECG Monitoring,Aspirin,25mg daily
10038,3217,2025-06-08,ECG Monitoring,Aspirin,50mg daily
10039,3218,2025-06-04,Oxygen Therapy,Amoxicillin,50mg daily
10040,3218,2026-02-23,Oxygen Therapy,Amoxicillin,50mg daily
10041,3218,2026-02-08,Oxygen Therapy,Amoxicillin,100mg daily
10042,3219,2025-10-15,Oxygen Therapy,Amoxicillin,25mg daily
10043,3219,2025-10-30,Oxygen Therapy,Amoxicillin,100mg daily
10044,3219,2025-06-23,Oxygen Therapy,Amoxicillin,50mg daily
10045,3220,2025-06-26,Oxygen Therapy,Amoxicillin,100mg daily
10046,3220,2026-01-10,Oxygen Therapy,Amoxicillin,25mg daily
10047,3220,2025-09-20,Oxygen Therapy,Amoxicillin,25mg daily
10048,3221,2025-11-04,Blood Pressure Monitoring,Metoprolol,50mg daily
10049,3221,2025-07-12,Blood Pressure Monitoring,Metoprolol,50mg daily
10050,3221,2025-10-22,Blood Pressure Monitoring,Metoprolol,25mg daily
10051,3222,2025-04-17,Blood Pressure Monitoring,Metoprolol,50mg daily
10052,3222,2025-11-07,Blood Pressure Monitoring,Metoprolol,10mg daily
10053,3222,2025-10-06,Blood Pressure Monitoring,Metoprolol,10mg daily
10054,3223,2025-08-08,Blood Pressure Monitoring,Metoprolol,50mg daily
10055,3224,2026-03-03,ECG Monitoring,Aspirin,25mg daily
10056,3224,2026-01-23,ECG Monitoring,Aspirin,50mg daily
10057,3225,2026-01-12,ECG Monitoring,Aspirin,10mg daily
10058,3225,2025-03-23,ECG Monitoring,Aspirin,100mg daily
10059,3225,2025-04-05,ECG Monitoring,Aspirin,10mg daily
10060,3225,2025-07-17,ECG Monitoring,Aspirin,50mg daily
10061,3226,2025-08-16,Oxygen Therapy,Amoxicillin,25mg daily
10062,3226,2025-09-21,Oxygen Therapy,Amoxicillin,50mg daily
10063,3226,2025-05-14,Oxygen Therapy,Amoxicillin,50mg daily
10064,3226,2025-03-24,Oxygen Therapy,Amoxicillin,50mg daily
10065,3227,2025-04-15,Oxygen Therapy,Amoxicillin,50mg daily
10066,3227,2026-02-18,Oxygen Therapy,Amoxicillin,50mg daily
10067,3227,2025-12-11,Oxygen Therapy,Amoxicillin,10mg daily
10068,3228,2025-07-19,IV Fluid Therapy,Atorvastatin,100mg daily
10069,3228,2026-01-19,IV Fluid Therapy,Atorvastatin,10mg daily
10070,3228,2025-11-29,IV Fluid Therapy,Atorvastatin,100mg daily
10071,3228,2025-08-04,IV Fluid Therapy,Atorvastatin,25mg daily
10072,3229,2026-02-08,ECG Monitoring,Aspirin,25mg daily
10073,3229,2026-03-03,ECG Monitoring,Aspirin,100mg daily
10074,3229,2025-11-09,ECG Monitoring,Aspirin,50mg daily
10075,3229,2026-03-07,ECG Monitoring,Aspirin,100mg daily
10076,3230,2025-03-28,Oxygen Therapy,Amoxicillin,10mg daily
10077,3230,2025-12-01,Oxygen Therapy,Amoxicillin,100mg daily
10078,3230,2026-01-31,Oxygen Therapy,Amoxicillin,10mg daily
10079,3230,2025-12-16,Oxygen Therapy,Amoxicillin,25mg daily
10080,3231,2025-05-31,Oxygen Therapy,Amoxicillin,100mg daily
10081,3231,2025-06-03,Oxygen Therapy,Amoxicillin,50mg daily
10082,3231,2025-08-24,Oxygen Therapy,Amoxicillin,50mg daily
10083,3231,2026-01-09,Oxygen Therapy,Amoxicillin,10mg daily
10084,3232,2025-09-29,Oxygen Therapy,Amoxicillin,25mg daily
10085,3233,2025-03-30,Oxygen Therapy,Amoxicillin,10mg daily
10086,3233,2025-11-22,Oxygen Therapy,Amoxicillin,100mg daily
10087,3233,2025-12-07,Oxygen Therapy,Amoxicillin,50mg daily
10088,3233,2025-07-29,Oxygen Therapy,Amoxicillin,100mg daily
10089,3234,2025-10-14,Oxygen Therapy,Amoxicillin,10mg daily
10090,3234,2025-10-17,Oxygen Therapy,Amoxicillin,50mg daily
10091,3235,2026-02-26,Oxygen Therapy,Amoxicillin,10mg daily
10092,3235,2025-07-03,Oxygen Therapy,Amoxicillin,100mg daily
10093,3235,2026-01-22,Oxygen Therapy,Amoxicillin,50mg daily
10094,3236,2025-12-05,Blood Pressure Monitoring,Metoprolol,25mg daily
10095,3236,2025-09-13,Blood Pressure Monitoring,Metoprolol,10mg daily
10096,3236,2025-06-24,Blood Pressure Monitoring,Metoprolol,10mg daily
10097,3236,2025-10-16,Blood Pressure Monitoring,Metoprolol,50mg daily
10098,3237,2026-02-09,Blood Pressure Monitoring,Metoprolol,10mg daily
10099,3238,2025-10-16,Blood Pressure Monitoring,Metoprolol,50mg daily
10100,3238,2025-03-12,Blood Pressure Monitoring,Metoprolol,50mg daily
10101,3239,2025-07-25,Oxygen Therapy,Amoxicillin,50mg daily
10102,3240,2025-08-17,Oxygen Therapy,Amoxicillin,100mg daily
10103,3240,2026-02-17,Oxygen Therapy,Amoxicillin,50mg daily
10104,3241,2025-11-16,Oxygen Therapy,Amoxicillin,50mg daily
10105,3242,2026-02-18,IV Fluid Therapy,Atorvastatin,25mg daily
10106,3243,2025-11-19,IV Fluid Therapy,Atorvastatin,50mg daily
10107,3243,2025-10-23,IV Fluid Therapy,Atorvastatin,100mg daily
10108,3244,2025-06-20,ECG Monitoring,Aspirin,25mg daily
10109,3244,2025-07-06,ECG Monitoring,Aspirin,50mg daily
10110,3244,2026-01-15,ECG Monitoring,Aspirin,10mg daily
10111,3244,2025-12-23,ECG Monitoring,Aspirin,50mg daily
10112,3245,2025-04-01,ECG Monitoring,Aspirin,25mg daily
10113,3245,2025-10-10,ECG Monitoring,Aspirin,50mg daily
10114,3245,2025-10-10,ECG Monitoring,Aspirin,10mg daily
10115,3245,2025-10-07,ECG Monitoring,Aspirin,50mg daily
10116,3246,2025-12-18,Oxygen Therapy,Amoxicillin,50mg daily
10117,3246,2025-08-23,Oxygen Therapy,Amoxicillin,50mg daily
10118,3247,2025-09-24,Oxygen Therapy,Amoxicillin,25mg daily
10119,3247,2026-01-21,Oxygen Therapy,Amoxicillin,25mg daily
10120,3248,2025-09-27,Oxygen Therapy,Amoxicillin,10mg daily
10121,3248,2025-10-24,Oxygen Therapy,Amoxicillin,25mg daily
10122,3249,2026-01-27,ECG Monitoring,Aspirin,10mg daily
10123,3249,2026-01-22,ECG Monitoring,Aspirin,10mg daily
10124,3249,2025-05-04,ECG Monitoring,Aspirin,100mg daily
10125,3249,2025-12-26,ECG Monitoring,Aspirin,10mg daily
10126,3250,2026-03-04,Blood Pressure Monitoring,Metoprolol,50mg daily
10127,3250,2025-07-30,Blood Pressure Monitoring,Metoprolol,50mg daily
10128,3250,2025-06-20,Blood Pressure Monitoring,Metoprolol,25mg daily
10129,3250,2025-12-15,Blood Pressure Monitoring,Metoprolol,25mg daily
10130,3251,2025-10-21,ECG Monitoring,Aspirin,10mg daily
10131,3252,2026-02-22,ECG Monitoring,Aspirin,100mg daily
10132,3252,2025-09-25,ECG Monitoring,Aspirin,50mg daily
10133,3252,2025-10-08,ECG Monitoring,Aspirin,10mg daily
10134,3252,2025-09-30,ECG Monitoring,Aspirin,50mg daily
10135,3253,2025-04-07,ECG Monitoring,Aspirin,50mg daily
10136,3253,2025-09-29,ECG Monitoring,Aspirin,25mg daily
10137,3254,2026-02-24,ECG Monitoring,Aspirin,25mg daily
10138,3255,2025-08-23,Blood Pressure Monitoring,Metoprolol,50mg daily
10139,3255,2025-05-12,Blood Pressure Monitoring,Metoprolol,25mg daily
10140,3255,2025-12-30,Blood Pressure Monitoring,Metoprolol,100mg daily
10141,3255,2025-10-29,Blood Pressure Monitoring,Metoprolol,10mg daily
10142,3256,2025-04-05,ECG Monitoring,Aspirin,25mg daily
10143,3257,2025-10-09,ECG Monitoring,Aspirin,25mg daily
10144,3257,2025-09-07,ECG Monitoring,Aspirin,100mg daily
10145,3258,2026-01-07,ECG Monitoring,Aspirin,50mg daily
10146,3259,2025-05-26,ECG Monitoring,Aspirin,100mg daily
10147,3259,2025-12-13,ECG Monitoring,Aspirin,10mg daily
10148,3259,2025-09-10,ECG Monitoring,Aspirin,10mg daily
10149,3260,2026-02-11,ECG Monitoring,Aspirin,100mg daily
10150,3260,2025-11-14,ECG Monitoring,Aspirin,50mg daily
10151,3261,2026-02-05,ECG Monitoring,Aspirin,50mg daily
10152,3261,2026-01-09,ECG Monitoring,Aspirin,100mg daily
10153,3261,2025-06-26,ECG Monitoring,Aspirin,25mg daily
10154,3262,2026-01-04,ECG Monitoring,Aspirin,10mg daily
10155,3262,2026-03-03,ECG Monitoring,Aspirin,10mg daily
10156,3262,2025-04-13,ECG Monitoring,Aspirin,25mg daily
10157,3263,2026-02-26,Oxygen Therapy,Amoxicillin,25mg daily
10158,3263,2025-09-23,Oxygen Therapy,Amoxicillin,50mg daily
10159,3263,2025-09-12,Oxygen Therapy,Amoxicillin,100mg daily
10160,3264,2026-01-26,Oxygen Therapy,Amoxicillin,50mg daily
10161,3264,2025-08-03,Oxygen Therapy,Amoxicillin,50mg daily
10162,3264,2025-09-23,Oxygen Therapy,Amoxicillin,50mg daily
10163,3265,2025-06-28,Oxygen Therapy,Amoxicillin,50mg daily
10164,3265,2025-05-23,Oxygen Therapy,Amoxicillin,100mg daily
10165,3265,2025-11-28,Oxygen Therapy,Amoxicillin,50mg daily
10166,3266,2025-08-26,Oxygen Therapy,Amoxicillin,100mg daily
10167,3266,2025-04-11,Oxygen Therapy,Amoxicillin,50mg daily
10168,3266,2025-10-31,Oxygen Therapy,Amoxicillin,100mg daily
10169,3266,2026-02-04,Oxygen Therapy,Amoxicillin,100mg daily
10170,3267,2025-05-06,Oxygen Therapy,Amoxicillin,10mg daily
10171,3267,2025-11-14,Oxygen Therapy,Amoxicillin,100mg daily
10172,3267,2025-11-10,Oxygen Therapy,Amoxicillin,25mg daily
10173,3268,2025-07-31,ECG Monitoring,Aspirin,100mg daily
10174,3268,2025-06-07,ECG Monitoring,Aspirin,50mg daily
10175,3268,2025-03-19,ECG Monitoring,Aspirin,100mg daily
10176,3269,2025-04-20,ECG Monitoring,Aspirin,25mg daily
10177,3269,2025-04-20,ECG Monitoring,Aspirin,25mg daily
10178,3269,2025-11-04,ECG Monitoring,Aspirin,100mg daily
10179,3270,2025-07-31,ECG Monitoring,Aspirin,100mg daily
10180,3270,2025-12-31,ECG Monitoring,Aspirin,10mg daily
10181,3271,2025-05-30,ECG Monitoring,Aspirin,10mg daily
10182,3272,2025-09-07,ECG Monitoring,Aspirin,10mg daily
10183,3272,2026-01-31,ECG Monitoring,Aspirin,50mg daily
10184,3272,2025-07-04,ECG Monitoring,Aspirin,50mg daily
10185,3273,2025-04-22,ECG Monitoring,Aspirin,10mg daily
10186,3273,2025-08-10,ECG Monitoring,Aspirin,50mg daily
10187,3274,2025-08-17,ECG Monitoring,Aspirin,50mg daily
10188,3274,2025-04-10,ECG Monitoring,Aspirin,50mg daily
10189,3274,2025-08-06,ECG Monitoring,Aspirin,100mg daily
10190,3275,2025-03-30,ECG Monitoring,Aspirin,50mg daily
10191,3275,2025-07-19,ECG Monitoring,Aspirin,10mg daily
10192,3276,2025-12-04,ECG Monitoring,Aspirin,50mg daily
10193,3276,2025-10-26,ECG Monitoring,Aspirin,100mg daily
10194,3276,2025-06-28,ECG Monitoring,Aspirin,50mg daily
10195,3277,2025-03-17,ECG Monitoring,Aspirin,10mg daily
10196,3277,2025-08-10,ECG Monitoring,Aspirin,25mg daily
10197,3278,2025-10-06,Oxygen Therapy,Amoxicillin,25mg daily
10198,3278,2026-03-10,Oxygen Therapy,Amoxicillin,25mg daily
10199,3278,2025-05-30,Oxygen Therapy,Amoxicillin,10mg daily
10200,3278,2025-10-17,Oxygen Therapy,Amoxicillin,10mg daily
10201,3279,2025-11-06,ECG Monitoring,Aspirin,25mg daily
10202,3279,2025-05-28,ECG Monitoring,Aspirin,50mg daily
10203,3279,2025-11-30,ECG Monitoring,Aspirin,25mg daily
10204,3280,2025-05-10,Blood Pressure Monitoring,Metoprolol,25mg daily
10205,3280,2025-07-12,Blood Pressure Monitoring,Metoprolol,100mg daily
10206,3280,2026-01-15,Blood Pressure Monitoring,Metoprolol,50mg daily
10207,3280,2025-03-12,Blood Pressure Monitoring,Metoprolol,50mg daily
10208,3281,2026-02-09,Blood Pressure Monitoring,Metoprolol,100mg daily
10209,3281,2025-03-22,Blood Pressure Monitoring,Metoprolol,100mg daily
10210,3281,2025-06-05,Blood Pressure Monitoring,Metoprolol,100mg daily
10211,3282,2026-02-21,Blood Pressure Monitoring,Metoprolol,50mg daily
10212,3283,2025-04-24,Blood Pressure Monitoring,Metoprolol,100mg daily
10213,3283,2025-07-05,Blood Pressure Monitoring,Metoprolol,100mg daily
10214,3283,2025-03-17,Blood Pressure Monitoring,Metoprolol,10mg daily
10215,3283,2025-03-15,Blood Pressure Monitoring,Metoprolol,25mg daily
10216,3284,2026-02-28,ECG Monitoring,Aspirin,25mg daily
10217,3284,2025-08-07,ECG Monitoring,Aspirin,50mg daily
10218,3285,2026-03-04,Oxygen Therapy,Amoxicillin,100mg daily
10219,3286,2025-08-01,Oxygen Therapy,Amoxicillin,25mg daily
10220,3286,2025-07-23,Oxygen Therapy,Amoxicillin,25mg daily
10221,3287,2025-03-19,Blood Pressure Monitoring,Metoprolol,10mg daily
10222,3287,2025-08-05,Blood Pressure Monitoring,Metoprolol,50mg daily
10223,3287,2026-01-31,Blood Pressure Monitoring,Metoprolol,25mg daily
10224,3287,2025-04-09,Blood Pressure Monitoring,Metoprolol,10mg daily
10225,3288,2025-05-30,Blood Pressure Monitoring,Metoprolol,10mg daily
10226,3288,2026-03-04,Blood Pressure Monitoring,Metoprolol,10mg daily
10227,3289,2025-07-23,ECG Monitoring,Aspirin,25mg daily
10228,3289,2026-02-16,ECG Monitoring,Aspirin,25mg daily
10229,3290,2025-07-13,IV Fluid Therapy,Atorvastatin,10mg daily
10230,3291,2025-08-30,ECG Monitoring,Aspirin,50mg daily
10231,3291,2025-07-01,ECG Monitoring,Aspirin,10mg daily
10232,3291,2025-09-12,ECG Monitoring,Aspirin,10mg daily
10233,3291,2025-06-23,ECG Monitoring,Aspirin,50mg daily
10234,3292,2025-11-04,ECG Monitoring,Aspirin,50mg daily
10235,3292,2025-03-27,ECG Monitoring,Aspirin,100mg daily
10236,3293,2025-09-18,ECG Monitoring,Aspirin,50mg daily
10237,3294,2025-10-08,Oxygen Therapy,Amoxicillin,25mg daily
10238,3294,2025-10-04,Oxygen Therapy,Amoxicillin,25mg daily
10239,3294,2025-12-23,Oxygen Therapy,Amoxicillin,10mg daily
10240,3295,2025-04-03,Oxygen Therapy,Amoxicillin,25mg daily
10241,3295,2025-05-03,Oxygen Therapy,Amoxicillin,100mg daily
10242,3296,2025-04-14,Oxygen Therapy,Amoxicillin,100mg daily
10243,3296,2025-10-21,Oxygen Therapy,Amoxicillin,10mg daily
10244,3296,2025-09-26,Oxygen Therapy,Amoxicillin,10mg daily
10245,3297,2025-05-17,ECG Monitoring,Aspirin,100mg daily
10246,3297,2025-04-12,ECG Monitoring,Aspirin,10mg daily
10247,3297,2025-06-04,ECG Monitoring,Aspirin,100mg daily
10248,3297,2025-04-21,ECG Monitoring,Aspirin,10mg daily
10249,3298,2025-04-24,ECG Monitoring,Aspirin,10mg daily
10250,3298,2025-05-21,ECG Monitoring,Aspirin,50mg daily
10251,3299,2025-08-21,ECG Monitoring,Aspirin,10mg daily
10252,3300,2025-05-27,Blood Pressure Monitoring,Metoprolol,50mg daily
10253,3300,2026-03-02,Blood Pressure Monitoring,Metoprolol,50mg daily
10254,3301,2025-04-25,Blood Pressure Monitoring,Metoprolol,50mg daily
10255,3302,2025-08-23,Oxygen Therapy,Amoxicillin,10mg daily
10256,3302,2025-08-24,Oxygen Therapy,Amoxicillin,100mg daily
10257,3302,2025-06-18,Oxygen Therapy,Amoxicillin,50mg daily
10258,3303,2025-08-10,Nebulization,Salbutamol,25mg daily
10259,3304,2025-09-15,IV Fluid Therapy,Atorvastatin,50mg daily
10260,3304,2025-03-28,IV Fluid Therapy,Atorvastatin,25mg daily
10261,3304,2025-04-03,IV Fluid Therapy,Atorvastatin,25mg daily
10262,3305,2026-01-20,ECG Monitoring,Aspirin,10mg daily
10263,3305,2025-04-09,ECG Monitoring,Aspirin,100mg daily
10264,3305,2025-09-24,ECG Monitoring,Aspirin,25mg daily
10265,3305,2026-03-01,ECG Monitoring,Aspirin,100mg daily
10266,3306,2026-01-26,Oxygen Therapy,Amoxicillin,100mg daily
10267,3306,2025-12-17,Oxygen Therapy,Amoxicillin,10mg daily
10268,3307,2025-03-18,Oxygen Therapy,Amoxicillin,25mg daily
10269,3307,2025-04-28,Oxygen Therapy,Amoxicillin,100mg daily
10270,3308,2025-06-15,Oxygen Therapy,Amoxicillin,100mg daily
10271,3308,2025-11-11,Oxygen Therapy,Amoxicillin,50mg daily
10272,3308,2026-02-14,Oxygen Therapy,Amoxicillin,25mg daily
10273,3309,2025-03-15,Oxygen Therapy,Amoxicillin,50mg daily
10274,3309,2025-04-11,Oxygen Therapy,Amoxicillin,25mg daily
10275,3309,2025-06-25,Oxygen Therapy,Amoxicillin,100mg daily
10276,3309,2025-03-24,Oxygen Therapy,Amoxicillin,25mg daily
10277,3310,2025-05-10,ECG Monitoring,Aspirin,10mg daily
10278,3310,2025-05-11,ECG Monitoring,Aspirin,10mg daily
10279,3310,2025-07-31,ECG Monitoring,Aspirin,10mg daily
10280,3310,2025-12-25,ECG Monitoring,Aspirin,25mg daily
10281,3311,2026-01-09,IV Fluid Therapy,Atorvastatin,10mg daily
10282,3311,2025-04-13,IV Fluid Therapy,Atorvastatin,25mg daily
10283,3311,2025-05-09,IV Fluid Therapy,Atorvastatin,100mg daily
10284,3311,2026-02-16,IV Fluid Therapy,Atorvastatin,100mg daily
10285,3312,2025-07-08,IV Fluid Therapy,Atorvastatin,25mg daily
10286,3312,2025-10-07,IV Fluid Therapy,Atorvastatin,25mg daily
10287,3312,2025-03-25,IV Fluid Therapy,Atorvastatin,100mg daily
10288,3312,2026-02-21,IV Fluid Therapy,Atorvastatin,100mg daily
10289,3313,2025-06-04,ECG Monitoring,Aspirin,50mg daily
10290,3313,2026-02-22,ECG Monitoring,Aspirin,25mg daily
10291,3313,2025-03-29,ECG Monitoring,Aspirin,50mg daily
10292,3313,2025-03-23,ECG Monitoring,Aspirin,10mg daily
10293,3314,2025-10-16,IV Fluid Therapy,Atorvastatin,50mg daily
10294,3314,2025-08-05,IV Fluid Therapy,Atorvastatin,100mg daily
10295,3314,2025-11-03,IV Fluid Therapy,Atorvastatin,100mg daily
10296,3314,2025-09-20,IV Fluid Therapy,Atorvastatin,100mg daily
10297,3315,2026-03-03,Blood Pressure Monitoring,Metoprolol,50mg daily
10298,3315,2025-10-05,Blood Pressure Monitoring,Metoprolol,100mg daily
10299,3316,2025-08-15,Blood Pressure Monitoring,Metoprolol,25mg daily
10300,3316,2025-08-11,Blood Pressure Monitoring,Metoprolol,25mg daily
10301,3317,2026-01-30,Nebulization,Salbutamol,25mg daily
10302,3318,2026-01-14,ECG Monitoring,Aspirin,25mg daily
10303,3319,2025-11-23,ECG Monitoring,Aspirin,100mg daily
10304,3320,2025-06-25,ECG Monitoring,Aspirin,50mg daily
10305,3320,2025-12-25,ECG Monitoring,Aspirin,100mg daily
10306,3320,2025-12-10,ECG Monitoring,Aspirin,10mg daily
10307,3321,2026-03-02,Oxygen Therapy,Amoxicillin,50mg daily
10308,3321,2025-12-20,Oxygen Therapy,Amoxicillin,50mg daily
10309,3321,2025-05-10,Oxygen Therapy,Amoxicillin,25mg daily
10310,3321,2025-07-11,Oxygen Therapy,Amoxicillin,10mg daily
10311,3322,2025-08-11,Oxygen Therapy,Amoxicillin,50mg daily
10312,3323,2025-04-07,Oxygen Therapy,Amoxicillin,50mg daily
10313,3323,2025-07-02,Oxygen Therapy,Amoxicillin,50mg daily
10314,3324,2025-04-08,Oxygen Therapy,Amoxicillin,50mg daily
10315,3324,2025-12-28,Oxygen Therapy,Amoxicillin,25mg daily
10316,3324,2025-08-02,Oxygen Therapy,Amoxicillin,25mg daily
10317,3325,2025-06-05,ECG Monitoring,Aspirin,10mg daily
10318,3325,2025-11-05,ECG Monitoring,Aspirin,100mg daily
10319,3325,2026-02-28,ECG Monitoring,Aspirin,10mg daily
10320,3326,2026-01-14,Nebulization,Salbutamol,100mg daily
10321,3326,2025-07-09,Nebulization,Salbutamol,50mg daily
10322,3326,2025-06-05,Nebulization,Salbutamol,10mg daily
10323,3327,2026-01-04,Oxygen Therapy,Amoxicillin,50mg daily
10324,3327,2025-05-08,Oxygen Therapy,Amoxicillin,25mg daily
10325,3327,2025-06-22,Oxygen Therapy,Amoxicillin,10mg daily
10326,3328,2025-04-21,Oxygen Therapy,Amoxicillin,25mg daily
10327,3328,2025-03-24,Oxygen Therapy,Amoxicillin,10mg daily
10328,3329,2025-12-01,Oxygen Therapy,Amoxicillin,100mg daily
10329,3329,2026-01-19,Oxygen Therapy,Amoxicillin,25mg daily
10330,3329,2026-01-07,Oxygen Therapy,Amoxicillin,10mg daily
10331,3329,2026-02-11,Oxygen Therapy,Amoxicillin,10mg daily
10332,3330,2025-07-22,Oxygen Therapy,Amoxicillin,10mg daily
10333,3330,2025-06-09,Oxygen Therapy,Amoxicillin,25mg daily
10334,3331,2025-05-29,Oxygen Therapy,Amoxicillin,10mg daily
10335,3332,2026-03-01,Oxygen Therapy,Amoxicillin,100mg daily
10336,3332,2025-07-12,Oxygen Therapy,Amoxicillin,50mg daily
10337,3333,2025-05-17,Oxygen Therapy,Amoxicillin,25mg daily
10338,3333,2025-09-02,Oxygen Therapy,Amoxicillin,25mg daily
10339,3334,2025-03-17,IV Fluid Therapy,Atorvastatin,50mg daily
10340,3335,2025-04-30,IV Fluid Therapy,Atorvastatin,50mg daily
10341,3335,2025-04-26,IV Fluid Therapy,Atorvastatin,25mg daily
10342,3336,2026-03-03,ECG Monitoring,Aspirin,10mg daily
10343,3336,2025-11-15,ECG Monitoring,Aspirin,10mg daily
10344,3337,2026-03-02,ECG Monitoring,Aspirin,10mg daily
10345,3337,2025-12-02,ECG Monitoring,Aspirin,50mg daily
10346,3338,2025-10-09,IV Fluid Therapy,Atorvastatin,25mg daily
10347,3338,2025-10-05,IV Fluid Therapy,Atorvastatin,100mg daily
10348,3338,2025-06-29,IV Fluid Therapy,Atorvastatin,10mg daily
10349,3338,2025-07-26,IV Fluid Therapy,Atorvastatin,100mg daily
10350,3339,2025-05-12,Blood Pressure Monitoring,Metoprolol,100mg daily
10351,3339,2025-05-18,Blood Pressure Monitoring,Metoprolol,25mg daily
10352,3340,2026-01-31,Oxygen Therapy,Amoxicillin,100mg daily
10353,3341,2025-09-09,Oxygen Therapy,Amoxicillin,25mg daily
10354,3341,2025-07-29,Oxygen Therapy,Amoxicillin,10mg daily
10355,3342,2025-07-31,Oxygen Therapy,Amoxicillin,50mg daily
10356,3343,2026-01-12,Oxygen Therapy,Amoxicillin,50mg daily
10357,3343,2025-05-22,Oxygen Therapy,Amoxicillin,100mg daily
10358,3343,2025-04-17,Oxygen Therapy,Amoxicillin,100mg daily
10359,3343,2025-11-12,Oxygen Therapy,Amoxicillin,25mg daily
10360,3344,2025-03-26,Blood Pressure Monitoring,Metoprolol,10mg daily
10361,3344,2025-03-29,Blood Pressure Monitoring,Metoprolol,100mg daily
10362,3345,2025-06-29,Blood Pressure Monitoring,Metoprolol,10mg daily
10363,3346,2025-08-02,Blood Pressure Monitoring,Metoprolol,10mg daily
10364,3346,2025-05-28,Blood Pressure Monitoring,Metoprolol,100mg daily
10365,3347,2025-06-17,ECG Monitoring,Aspirin,25mg daily
10366,3347,2025-08-01,ECG Monitoring,Aspirin,10mg daily
10367,3347,2025-05-26,ECG Monitoring,Aspirin,10mg daily
10368,3348,2025-11-19,Oxygen Therapy,Amoxicillin,25mg daily
10369,3348,2025-06-09,Oxygen Therapy,Amoxicillin,25mg daily
10370,3349,2025-05-17,Oxygen Therapy,Amoxicillin,25mg daily
10371,3349,2026-02-12,Oxygen Therapy,Amoxicillin,10mg daily
10372,3349,2025-11-14,Oxygen Therapy,Amoxicillin,10mg daily
10373,3349,2025-11-08,Oxygen Therapy,Amoxicillin,100mg daily
10374,3350,2025-03-19,Oxygen Therapy,Amoxicillin,50mg daily
10375,3350,2026-02-14,Oxygen Therapy,Amoxicillin,25mg daily
10376,3351,2025-08-23,Oxygen Therapy,Amoxicillin,100mg daily
10377,3351,2025-06-26,Oxygen Therapy,Amoxicillin,100mg daily
10378,3352,2026-01-02,Oxygen Therapy,Amoxicillin,100mg daily
10379,3352,2025-08-09,Oxygen Therapy,Amoxicillin,10mg daily
10380,3352,2025-04-07,Oxygen Therapy,Amoxicillin,10mg daily
10381,3353,2025-09-18,ECG Monitoring,Aspirin,100mg daily
10382,3353,2025-10-03,ECG Monitoring,Aspirin,100mg daily
10383,3353,2025-06-13,ECG Monitoring,Aspirin,25mg daily
10384,3353,2025-04-25,ECG Monitoring,Aspirin,25mg daily
10385,3354,2025-06-04,ECG Monitoring,Aspirin,50mg daily
10386,3354,2025-09-19,ECG Monitoring,Aspirin,100mg daily
10387,3354,2025-07-06,ECG Monitoring,Aspirin,100mg daily
10388,3354,2025-12-25,ECG Monitoring,Aspirin,50mg daily
10389,3355,2025-12-26,Oxygen Therapy,Amoxicillin,100mg daily
10390,3356,2025-03-31,ECG Monitoring,Aspirin,50mg daily
10391,3356,2025-06-18,ECG Monitoring,Aspirin,100mg daily
10392,3357,2025-12-11,ECG Monitoring,Aspirin,50mg daily
10393,3358,2025-09-10,Oxygen Therapy,Amoxicillin,100mg daily
10394,3358,2025-04-16,Oxygen Therapy,Amoxicillin,10mg daily
10395,3358,2025-09-27,Oxygen Therapy,Amoxicillin,100mg daily
10396,3359,2025-10-26,Oxygen Therapy,Amoxicillin,25mg daily
10397,3359,2025-07-24,Oxygen Therapy,Amoxicillin,100mg daily
10398,3359,2026-01-11,Oxygen Therapy,Amoxicillin,100mg daily
10399,3360,2025-12-03,Oxygen Therapy,Amoxicillin,25mg daily
10400,3360,2026-03-04,Oxygen Therapy,Amoxicillin,100mg daily
10401,3360,2025-06-19,Oxygen Therapy,Amoxicillin,50mg daily
10402,3361,2026-02-26,Oxygen Therapy,Amoxicillin,10mg daily
10403,3362,2026-01-14,Oxygen Therapy,Amoxicillin,25mg daily
10404,3362,2025-03-26,Oxygen Therapy,Amoxicillin,25mg daily
10405,3363,2025-06-11,Oxygen Therapy,Amoxicillin,100mg daily
10406,3363,2026-01-17,Oxygen Therapy,Amoxicillin,25mg daily
10407,3363,2025-11-01,Oxygen Therapy,Amoxicillin,25mg daily
10408,3364,2025-10-29,IV Fluid Therapy,Atorvastatin,50mg daily
10409,3364,2025-10-06,IV Fluid Therapy,Atorvastatin,10mg daily
10410,3365,2025-12-07,ECG Monitoring,Aspirin,25mg daily
10411,3365,2025-11-11,ECG Monitoring,Aspirin,100mg daily
10412,3365,2025-03-25,ECG Monitoring,Aspirin,25mg daily
10413,3365,2025-09-18,ECG Monitoring,Aspirin,10mg daily
10414,3366,2025-03-17,ECG Monitoring,Aspirin,10mg daily
10415,3367,2025-12-24,IV Fluid Therapy,Atorvastatin,25mg daily
10416,3367,2026-02-08,IV Fluid Therapy,Atorvastatin,50mg daily
10417,3367,2025-11-23,IV Fluid Therapy,Atorvastatin,100mg daily
10418,3368,2025-07-19,Oxygen Therapy,Amoxicillin,25mg daily
10419,3368,2025-03-16,Oxygen Therapy,Amoxicillin,25mg daily
10420,3368,2025-08-26,Oxygen Therapy,Amoxicillin,10mg daily
10421,3368,2025-04-10,Oxygen Therapy,Amoxicillin,50mg daily
10422,3369,2025-11-10,Blood Pressure Monitoring,Metoprolol,50mg daily
10423,3370,2026-01-21,ECG Monitoring,Aspirin,25mg daily
10424,3371,2026-03-03,IV Fluid Therapy,Atorvastatin,50mg daily
10425,3371,2026-02-08,IV Fluid Therapy,Atorvastatin,10mg daily
10426,3372,2025-12-18,ECG Monitoring,Aspirin,25mg daily
10427,3372,2025-09-26,ECG Monitoring,Aspirin,100mg daily
10428,3372,2025-04-12,ECG Monitoring,Aspirin,100mg daily
10429,3372,2025-08-18,ECG Monitoring,Aspirin,25mg daily
10430,3373,2025-03-17,ECG Monitoring,Aspirin,100mg daily
10431,3373,2025-09-25,ECG Monitoring,Aspirin,100mg daily
10432,3373,2025-12-13,ECG Monitoring,Aspirin,100mg daily
10433,3373,2025-07-14,ECG Monitoring,Aspirin,25mg daily
10434,3374,2026-01-31,ECG Monitoring,Aspirin,10mg daily
10435,3375,2025-09-10,Blood Pressure Monitoring,Metoprolol,50mg daily
10436,3376,2026-01-30,Blood Pressure Monitoring,Metoprolol,100mg daily
10437,3376,2025-04-17,Blood Pressure Monitoring,Metoprolol,25mg daily
10438,3376,2025-10-09,Blood Pressure Monitoring,Metoprolol,10mg daily
10439,3376,2025-03-29,Blood Pressure Monitoring,Metoprolol,25mg daily
10440,3377,2025-10-06,ECG Monitoring,Aspirin,100mg daily
10441,3377,2025-05-17,ECG Monitoring,Aspirin,10mg daily
10442,3378,2025-12-05,ECG Monitoring,Aspirin,10mg daily
10443,3378,2026-03-07,ECG Monitoring,Aspirin,50mg daily
10444,3378,2025-06-01,ECG Monitoring,Aspirin,100mg daily
10445,3379,2026-01-26,ECG Monitoring,Aspirin,100mg daily
10446,3379,2025-12-05,ECG Monitoring,Aspirin,100mg daily
10447,3379,2025-10-27,ECG Monitoring,Aspirin,10mg daily
10448,3380,2025-09-22,Blood Pressure Monitoring,Metoprolol,50mg daily
10449,3380,2025-10-01,Blood Pressure Monitoring,Metoprolol,10mg daily
10450,3380,2025-06-23,Blood Pressure Monitoring,Metoprolol,10mg daily
10451,3380,2026-03-04,Blood Pressure Monitoring,Metoprolol,25mg daily
10452,3381,2026-02-20,ECG Monitoring,Aspirin,25mg daily
10453,3381,2025-10-20,ECG Monitoring,Aspirin,100mg daily
10454,3381,2025-03-19,ECG Monitoring,Aspirin,10mg daily
10455,3382,2025-07-25,Oxygen Therapy,Amoxicillin,10mg daily
10456,3382,2025-08-09,Oxygen Therapy,Amoxicillin,25mg daily
10457,3382,2025-12-01,Oxygen Therapy,Amoxicillin,100mg daily
10458,3382,2025-11-11,Oxygen Therapy,Amoxicillin,50mg daily
10459,3383,2025-11-27,Oxygen Therapy,Amoxicillin,25mg daily
10460,3384,2025-08-30,Oxygen Therapy,Amoxicillin,10mg daily
10461,3384,2026-02-05,Oxygen Therapy,Amoxicillin,50mg daily
10462,3384,2025-05-26,Oxygen Therapy,Amoxicillin,100mg daily
10463,3384,2025-05-02,Oxygen Therapy,Amoxicillin,10mg daily
10464,3385,2025-09-12,Nebulization,Salbutamol,25mg daily
10465,3385,2025-04-05,Nebulization,Salbutamol,100mg daily
10466,3385,2025-12-18,Nebulization,Salbutamol,100mg daily
10467,3385,2025-08-09,Nebulization,Salbutamol,25mg daily
10468,3386,2025-05-31,Oxygen Therapy,Amoxicillin,100mg daily
10469,3387,2025-09-26,Nebulization,Salbutamol,100mg daily
10470,3387,2025-06-21,Nebulization,Salbutamol,10mg daily
10471,3388,2025-03-27,Blood Pressure Monitoring,Metoprolol,10mg daily
10472,3388,2025-10-08,Blood Pressure Monitoring,Metoprolol,100mg daily
10473,3389,2025-07-11,Blood Pressure Monitoring,Metoprolol,50mg daily
10474,3389,2025-06-20,Blood Pressure Monitoring,Metoprolol,100mg daily
10475,3389,2026-01-24,Blood Pressure Monitoring,Metoprolol,50mg daily
10476,3390,2025-09-21,Blood Pressure Monitoring,Metoprolol,100mg daily
10477,3390,2025-07-03,Blood Pressure Monitoring,Metoprolol,50mg daily
10478,3390,2025-07-09,Blood Pressure Monitoring,Metoprolol,25mg daily
10479,3391,2025-12-13,Blood Pressure Monitoring,Metoprolol,10mg daily
10480,3391,2025-09-02,Blood Pressure Monitoring,Metoprolol,50mg daily
10481,3391,2025-12-15,Blood Pressure Monitoring,Metoprolol,10mg daily
10482,3391,2025-03-31,Blood Pressure Monitoring,Metoprolol,100mg daily
10483,3392,2025-09-17,Oxygen Therapy,Amoxicillin,50mg daily
10484,3392,2026-02-03,Oxygen Therapy,Amoxicillin,50mg daily
10485,3393,2025-08-18,ECG Monitoring,Aspirin,50mg daily
10486,3393,2026-02-27,ECG Monitoring,Aspirin,10mg daily
10487,3393,2025-09-08,ECG Monitoring,Aspirin,50mg daily
10488,3394,2025-07-13,Blood Pressure Monitoring,Metoprolol,50mg daily
10489,3394,2025-04-13,Blood Pressure Monitoring,Metoprolol,50mg daily
10490,3395,2025-12-11,Blood Pressure Monitoring,Metoprolol,25mg daily
10491,3395,2025-04-05,Blood Pressure Monitoring,Metoprolol,100mg daily
10492,3395,2025-04-04,Blood Pressure Monitoring,Metoprolol,10mg daily
10493,3395,2025-07-09,Blood Pressure Monitoring,Metoprolol,100mg daily
10494,3396,2025-03-16,ECG Monitoring,Aspirin,25mg daily
10495,3396,2025-09-21,ECG Monitoring,Aspirin,50mg daily
10496,3396,2025-10-08,ECG Monitoring,Aspirin,10mg daily
10497,3397,2025-03-27,ECG Monitoring,Aspirin,25mg daily
10498,3397,2025-12-12,ECG Monitoring,Aspirin,25mg daily
10499,3398,2026-02-27,ECG Monitoring,Aspirin,10mg daily
10500,3399,2026-01-15,Blood Pressure Monitoring,Metoprolol,10mg daily
10501,3400,2025-06-05,Blood Pressure Monitoring,Metoprolol,100mg daily
10502,3400,2025-12-25,Blood Pressure Monitoring,Metoprolol,25mg daily
10503,3400,2025-03-21,Blood Pressure Monitoring,Metoprolol,100mg daily
10504,3401,2026-01-09,Blood Pressure Monitoring,Metoprolol,100mg daily
10505,3401,2025-12-31,Blood Pressure Monitoring,Metoprolol,100mg daily
10506,3402,2025-11-27,IV Fluid Therapy,Atorvastatin,10mg daily
10507,3402,2026-02-12,IV Fluid Therapy,Atorvastatin,50mg daily
10508,3402,2026-02-10,IV Fluid Therapy,Atorvastatin,100mg daily
10509,3403,2025-03-27,ECG Monitoring,Aspirin,25mg daily
10510,3403,2025-07-13,ECG Monitoring,Aspirin,10mg daily
10511,3403,2025-11-21,ECG Monitoring,Aspirin,100mg daily
10512,3404,2025-08-27,IV Fluid Therapy,Atorvastatin,100mg daily
10513,3404,2025-05-22,IV Fluid Therapy,Atorvastatin,100mg daily
10514,3404,2025-05-07,IV Fluid Therapy,Atorvastatin,10mg daily
10515,3404,2025-04-15,IV Fluid Therapy,Atorvastatin,100mg daily
10516,3405,2025-07-01,Oxygen Therapy,Amoxicillin,50mg daily
10517,3406,2025-11-09,Oxygen Therapy,Amoxicillin,50mg daily
10518,3406,2025-10-01,Oxygen Therapy,Amoxicillin,100mg daily
10519,3406,2025-12-19,Oxygen Therapy,Amoxicillin,25mg daily
10520,3407,2025-10-05,Oxygen Therapy,Amoxicillin,25mg daily
10521,3407,2026-01-28,Oxygen Therapy,Amoxicillin,10mg daily
10522,3407,2025-08-14,Oxygen Therapy,Amoxicillin,100mg daily
10523,3407,2025-03-16,Oxygen Therapy,Amoxicillin,50mg daily
10524,3408,2026-01-25,ECG Monitoring,Aspirin,50mg daily
10525,3408,2025-06-20,ECG Monitoring,Aspirin,50mg daily
10526,3409,2025-05-23,Oxygen Therapy,Amoxicillin,100mg daily
10527,3409,2025-11-27,Oxygen Therapy,Amoxicillin,50mg daily
10528,3410,2025-09-03,Oxygen Therapy,Amoxicillin,50mg daily
10529,3410,2025-03-24,Oxygen Therapy,Amoxicillin,25mg daily
10530,3410,2025-05-27,Oxygen Therapy,Amoxicillin,10mg daily
10531,3411,2025-07-23,Oxygen Therapy,Amoxicillin,50mg daily
10532,3412,2026-01-03,Oxygen Therapy,Amoxicillin,10mg daily
10533,3412,2025-10-31,Oxygen Therapy,Amoxicillin,100mg daily
10534,3412,2025-09-10,Oxygen Therapy,Amoxicillin,100mg daily
10535,3412,2025-03-17,Oxygen Therapy,Amoxicillin,100mg daily
10536,3413,2025-09-12,Oxygen Therapy,Amoxicillin,25mg daily
10537,3413,2025-03-31,Oxygen Therapy,Amoxicillin,25mg daily
10538,3413,2026-03-03,Oxygen Therapy,Amoxicillin,50mg daily
10539,3414,2025-12-16,Oxygen Therapy,Amoxicillin,10mg daily
10540,3414,2026-01-14,Oxygen Therapy,Amoxicillin,50mg daily
10541,3415,2026-02-22,Oxygen Therapy,Amoxicillin,50mg daily
10542,3415,2025-03-17,Oxygen Therapy,Amoxicillin,100mg daily
10543,3415,2025-07-29,Oxygen Therapy,Amoxicillin,25mg daily
10544,3416,2025-05-27,IV Fluid Therapy,Atorvastatin,100mg daily
10545,3416,2025-09-26,IV Fluid Therapy,Atorvastatin,10mg daily
10546,3417,2025-04-05,Oxygen Therapy,Amoxicillin,50mg daily
10547,3417,2025-05-14,Oxygen Therapy,Amoxicillin,10mg daily
10548,3417,2025-06-12,Oxygen Therapy,Amoxicillin,10mg daily
10549,3418,2025-05-28,Blood Pressure Monitoring,Metoprolol,50mg daily
10550,3418,2026-01-11,Blood Pressure Monitoring,Metoprolol,100mg daily
10551,3418,2025-04-16,Blood Pressure Monitoring,Metoprolol,10mg daily
10552,3418,2026-02-19,Blood Pressure Monitoring,Metoprolol,10mg daily
10553,3419,2025-06-06,Blood Pressure Monitoring,Metoprolol,10mg daily
10554,3420,2026-02-13,ECG Monitoring,Aspirin,10mg daily
10555,3421,2025-11-24,IV Fluid Therapy,Atorvastatin,50mg daily
10556,3421,2025-12-06,IV Fluid Therapy,Atorvastatin,50mg daily
10557,3422,2025-12-06,Blood Pressure Monitoring,Metoprolol,50mg daily
10558,3423,2025-05-15,Blood Pressure Monitoring,Metoprolol,25mg daily
10559,3424,2026-03-05,ECG Monitoring,Aspirin,100mg daily
10560,3425,2026-02-03,ECG Monitoring,Aspirin,100mg daily
10561,3425,2025-05-18,ECG Monitoring,Aspirin,50mg daily
10562,3426,2025-07-08,ECG Monitoring,Aspirin,100mg daily
10563,3426,2025-12-22,ECG Monitoring,Aspirin,100mg daily
10564,3426,2025-05-01,ECG Monitoring,Aspirin,50mg daily
10565,3426,2025-03-18,ECG Monitoring,Aspirin,50mg daily
10566,3427,2025-10-07,ECG Monitoring,Aspirin,50mg daily
10567,3427,2025-09-12,ECG Monitoring,Aspirin,50mg daily
10568,3427,2026-01-02,ECG Monitoring,Aspirin,100mg daily
10569,3427,2025-06-18,ECG Monitoring,Aspirin,100mg daily
10570,3428,2025-11-27,ECG Monitoring,Aspirin,25mg daily
10571,3428,2026-02-22,ECG Monitoring,Aspirin,100mg daily
10572,3428,2025-05-08,ECG Monitoring,Aspirin,100mg daily
10573,3429,2025-10-01,ECG Monitoring,Aspirin,25mg daily
10574,3429,2025-10-18,ECG Monitoring,Aspirin,25mg daily
10575,3429,2026-01-10,ECG Monitoring,Aspirin,10mg daily
10576,3429,2025-12-08,ECG Monitoring,Aspirin,25mg daily
10577,3430,2025-07-22,Nebulization,Salbutamol,50mg daily
10578,3430,2025-09-18,Nebulization,Salbutamol,50mg daily
10579,3430,2025-10-13,Nebulization,Salbutamol,100mg daily
10580,3431,2025-03-18,Oxygen Therapy,Amoxicillin,50mg daily
10581,3431,2026-02-09,Oxygen Therapy,Amoxicillin,10mg daily
10582,3432,2025-05-04,Blood Pressure Monitoring,Metoprolol,25mg daily
10583,3432,2025-06-08,Blood Pressure Monitoring,Metoprolol,100mg daily
10584,3432,2025-11-15,Blood Pressure Monitoring,Metoprolol,50mg daily
10585,3433,2025-11-05,Blood Pressure Monitoring,Metoprolol,25mg daily
10586,3433,2025-04-12,Blood Pressure Monitoring,Metoprolol,100mg daily
10587,3433,2025-10-02,Blood Pressure Monitoring,Metoprolol,10mg daily
10588,3433,2025-09-10,Blood Pressure Monitoring,Metoprolol,50mg daily
10589,3434,2025-07-04,ECG Monitoring,Aspirin,50mg daily
10590,3434,2025-11-19,ECG Monitoring,Aspirin,25mg daily
10591,3434,2025-06-26,ECG Monitoring,Aspirin,10mg daily
10592,3434,2025-11-11,ECG Monitoring,Aspirin,50mg daily
10593,3435,2025-08-29,ECG Monitoring,Aspirin,25mg daily
10594,3435,2025-11-04,ECG Monitoring,Aspirin,25mg daily
10595,3435,2025-04-24,ECG Monitoring,Aspirin,100mg daily
10596,3436,2025-04-20,ECG Monitoring,Aspirin,25mg daily
10597,3436,2025-04-18,ECG Monitoring,Aspirin,10mg daily
10598,3436,2026-01-08,ECG Monitoring,Aspirin,25mg daily
10599,3436,2025-03-26,ECG Monitoring,Aspirin,50mg daily
10600,3437,2025-08-25,ECG Monitoring,Aspirin,100mg daily
10601,3437,2025-06-22,ECG Monitoring,Aspirin,25mg daily
10602,3437,2025-11-23,ECG Monitoring,Aspirin,25mg daily
10603,3438,2025-08-07,ECG Monitoring,Aspirin,100mg daily
10604,3438,2025-06-11,ECG Monitoring,Aspirin,50mg daily
10605,3439,2025-10-15,ECG Monitoring,Aspirin,100mg daily
10606,3439,2025-03-29,ECG Monitoring,Aspirin,10mg daily
10607,3440,2025-10-09,Oxygen Therapy,Amoxicillin,100mg daily
10608,3440,2025-07-22,Oxygen Therapy,Amoxicillin,25mg daily
10609,3441,2025-08-11,ECG Monitoring,Aspirin,10mg daily
10610,3441,2025-09-01,ECG Monitoring,Aspirin,25mg daily
10611,3442,2025-03-20,ECG Monitoring,Aspirin,25mg daily
10612,3443,2025-06-01,ECG Monitoring,Aspirin,25mg daily
10613,3443,2025-12-22,ECG Monitoring,Aspirin,100mg daily
10614,3443,2025-07-02,ECG Monitoring,Aspirin,25mg daily
10615,3444,2025-11-18,Oxygen Therapy,Amoxicillin,10mg daily
10616,3444,2025-07-13,Oxygen Therapy,Amoxicillin,10mg daily
10617,3445,2025-05-17,Oxygen Therapy,Amoxicillin,10mg daily
10618,3445,2026-01-24,Oxygen Therapy,Amoxicillin,50mg daily
10619,3445,2025-10-26,Oxygen Therapy,Amoxicillin,10mg daily
10620,3446,2025-11-07,Oxygen Therapy,Amoxicillin,25mg daily
10621,3446,2025-09-15,Oxygen Therapy,Amoxicillin,100mg daily
10622,3446,2025-10-11,Oxygen Therapy,Amoxicillin,25mg daily
10623,3446,2025-12-02,Oxygen Therapy,Amoxicillin,10mg daily
10624,3447,2026-02-10,Blood Pressure Monitoring,Metoprolol,10mg daily
10625,3447,2026-02-02,Blood Pressure Monitoring,Metoprolol,25mg daily
10626,3447,2025-08-18,Blood Pressure Monitoring,Metoprolol,50mg daily
10627,3448,2025-06-07,ECG Monitoring,Aspirin,100mg daily
10628,3448,2025-09-06,ECG Monitoring,Aspirin,50mg daily
10629,3449,2025-12-05,Nebulization,Salbutamol,50mg daily
10630,3449,2025-09-29,Nebulization,Salbutamol,25mg daily
10631,3450,2025-08-17,ECG Monitoring,Aspirin,50mg daily
10632,3451,2025-05-19,Oxygen Therapy,Amoxicillin,10mg daily
10633,3452,2025-06-29,Oxygen Therapy,Amoxicillin,100mg daily
10634,3452,2025-12-06,Oxygen Therapy,Amoxicillin,100mg daily
10635,3452,2026-01-01,Oxygen Therapy,Amoxicillin,100mg daily
10636,3453,2025-07-08,Oxygen Therapy,Amoxicillin,25mg daily
10637,3453,2025-12-04,Oxygen Therapy,Amoxicillin,25mg daily
10638,3454,2025-08-21,Oxygen Therapy,Amoxicillin,25mg daily
10639,3455,2025-10-05,ECG Monitoring,Aspirin,10mg daily
10640,3455,2025-09-22,ECG Monitoring,Aspirin,50mg daily
10641,3455,2025-12-20,ECG Monitoring,Aspirin,25mg daily
10642,3456,2025-08-08,Blood Pressure Monitoring,Metoprolol,10mg daily
10643,3457,2026-01-23,Blood Pressure Monitoring,Metoprolol,10mg daily
10644,3458,2025-06-28,Oxygen Therapy,Amoxicillin,25mg daily
10645,3459,2025-12-16,Nebulization,Salbutamol,50mg daily
10646,3459,2025-05-28,Nebulization,Salbutamol,100mg daily
10647,3460,2025-10-26,Blood Pressure Monitoring,Metoprolol,100mg daily
10648,3460,2025-08-19,Blood Pressure Monitoring,Metoprolol,100mg daily
10649,3460,2026-02-21,Blood Pressure Monitoring,Metoprolol,25mg daily
10650,3461,2025-07-14,Blood Pressure Monitoring,Metoprolol,50mg daily
10651,3461,2025-12-15,Blood Pressure Monitoring,Metoprolol,100mg daily
10652,3461,2025-08-02,Blood Pressure Monitoring,Metoprolol,100mg daily
10653,3462,2025-11-17,Oxygen Therapy,Amoxicillin,50mg daily
10654,3462,2026-01-28,Oxygen Therapy,Amoxicillin,50mg daily
10655,3462,2025-11-14,Oxygen Therapy,Amoxicillin,25mg daily
10656,3463,2025-07-01,Oxygen Therapy,Amoxicillin,10mg daily
10657,3464,2026-03-01,Blood Pressure Monitoring,Metoprolol,50mg daily
10658,3464,2025-04-06,Blood Pressure Monitoring,Metoprolol,100mg daily
10659,3464,2025-03-30,Blood Pressure Monitoring,Metoprolol,25mg daily
10660,3464,2025-03-31,Blood Pressure Monitoring,Metoprolol,50mg daily
10661,3465,2026-01-27,ECG Monitoring,Aspirin,100mg daily
10662,3466,2025-12-25,Blood Pressure Monitoring,Metoprolol,10mg daily
10663,3466,2025-11-15,Blood Pressure Monitoring,Metoprolol,50mg daily
10664,3466,2025-10-05,Blood Pressure Monitoring,Metoprolol,50mg daily
10665,3467,2026-02-24,Blood Pressure Monitoring,Metoprolol,50mg daily
10666,3467,2025-08-01,Blood Pressure Monitoring,Metoprolol,25mg daily
10667,3467,2025-07-24,Blood Pressure Monitoring,Metoprolol,50mg daily
10668,3467,2026-02-05,Blood Pressure Monitoring,Metoprolol,25mg daily
10669,3468,2025-10-19,Blood Pressure Monitoring,Metoprolol,10mg daily
10670,3468,2025-11-12,Blood Pressure Monitoring,Metoprolol,50mg daily
10671,3469,2025-10-29,Blood Pressure Monitoring,Metoprolol,50mg daily
10672,3469,2025-11-26,Blood Pressure Monitoring,Metoprolol,10mg daily
10673,3469,2025-03-25,Blood Pressure Monitoring,Metoprolol,25mg daily
10674,3469,2025-06-08,Blood Pressure Monitoring,Metoprolol,50mg daily
10675,3470,2025-06-16,Oxygen Therapy,Amoxicillin,10mg daily
10676,3470,2025-05-05,Oxygen Therapy,Amoxicillin,25mg daily
10677,3471,2025-03-30,Blood Pressure Monitoring,Metoprolol,50mg daily
10678,3471,2025-12-11,Blood Pressure Monitoring,Metoprolol,25mg daily
10679,3472,2025-07-25,Blood Pressure Monitoring,Metoprolol,50mg daily
10680,3473,2025-06-17,ECG Monitoring,Aspirin,25mg daily
10681,3474,2025-05-29,ECG Monitoring,Aspirin,25mg daily
10682,3474,2025-11-05,ECG Monitoring,Aspirin,50mg daily
10683,3475,2025-06-24,Oxygen Therapy,Amoxicillin,50mg daily
10684,3475,2025-10-26,Oxygen Therapy,Amoxicillin,100mg daily
10685,3476,2025-06-01,Blood Pressure Monitoring,Metoprolol,100mg daily
10686,3476,2025-07-03,Blood Pressure Monitoring,Metoprolol,50mg daily
10687,3477,2026-01-09,ECG Monitoring,Aspirin,10mg daily
10688,3477,2025-08-13,ECG Monitoring,Aspirin,25mg daily
10689,3477,2025-12-12,ECG Monitoring,Aspirin,50mg daily
10690,3477,2025-04-19,ECG Monitoring,Aspirin,50mg daily
10691,3478,2025-09-20,Oxygen Therapy,Amoxicillin,25mg daily
10692,3478,2025-10-20,Oxygen Therapy,Amoxicillin,100mg daily
10693,3478,2025-08-06,Oxygen Therapy,Amoxicillin,100mg daily
10694,3478,2025-08-31,Oxygen Therapy,Amoxicillin,10mg daily
10695,3479,2025-04-20,Nebulization,Salbutamol,50mg daily
10696,3480,2025-05-22,Nebulization,Salbutamol,25mg daily
10697,3480,2026-02-07,Nebulization,Salbutamol,25mg daily
10698,3480,2026-01-01,Nebulization,Salbutamol,50mg daily
10699,3480,2025-07-03,Nebulization,Salbutamol,100mg daily
10700,3481,2026-01-20,Oxygen Therapy,Amoxicillin,50mg daily
10701,3482,2025-07-02,ECG Monitoring,Aspirin,100mg daily
10702,3483,2026-02-01,Oxygen Therapy,Amoxicillin,100mg daily
10703,3483,2025-09-14,Oxygen Therapy,Amoxicillin,50mg daily
10704,3483,2026-02-15,Oxygen Therapy,Amoxicillin,100mg daily
10705,3484,2025-07-31,Oxygen Therapy,Amoxicillin,50mg daily
10706,3485,2025-10-26,Oxygen Therapy,Amoxicillin,100mg daily
10707,3485,2025-06-08,Oxygen Therapy,Amoxicillin,10mg daily
10708,3485,2025-12-12,Oxygen Therapy,Amoxicillin,25mg daily
10709,3486,2025-10-29,Oxygen Therapy,Amoxicillin,50mg daily
10710,3486,2025-05-15,Oxygen Therapy,Amoxicillin,50mg daily
10711,3487,2025-04-27,Oxygen Therapy,Amoxicillin,10mg daily
10712,3487,2025-04-03,Oxygen Therapy,Amoxicillin,10mg daily
10713,3487,2025-10-24,Oxygen Therapy,Amoxicillin,25mg daily
10714,3487,2026-01-15,Oxygen Therapy,Amoxicillin,100mg daily
10715,3488,2026-01-30,IV Fluid Therapy,Atorvastatin,50mg daily
10716,3489,2025-03-13,ECG Monitoring,Aspirin,25mg daily
10717,3489,2025-07-26,ECG Monitoring,Aspirin,10mg daily
10718,3490,2025-07-21,IV Fluid Therapy,Atorvastatin,25mg daily
10719,3490,2026-01-05,IV Fluid Therapy,Atorvastatin,100mg daily
10720,3491,2025-09-23,Oxygen Therapy,Amoxicillin,25mg daily
10721,3492,2025-07-26,Oxygen Therapy,Amoxicillin,10mg daily
10722,3492,2025-12-14,Oxygen Therapy,Amoxicillin,50mg daily
10723,3492,2025-06-15,Oxygen Therapy,Amoxicillin,100mg daily
10724,3493,2025-10-08,Oxygen Therapy,Amoxicillin,25mg daily
10725,3494,2025-10-04,Oxygen Therapy,Amoxicillin,100mg daily
10726,3494,2025-12-07,Oxygen Therapy,Amoxicillin,100mg daily
10727,3495,2026-03-02,Oxygen Therapy,Amoxicillin,10mg daily
10728,3495,2025-05-27,Oxygen Therapy,Amoxicillin,100mg daily
10729,3495,2025-06-12,Oxygen Therapy,Amoxicillin,100mg daily
10730,3495,2025-07-23,Oxygen Therapy,Amoxicillin,10mg daily
10731,3496,2025-11-04,Blood Pressure Monitoring,Metoprolol,100mg daily
10732,3496,2025-03-27,Blood Pressure Monitoring,Metoprolol,100mg daily
10733,3497,2025-08-14,ECG Monitoring,Aspirin,25mg daily
10734,3497,2025-10-16,ECG Monitoring,Aspirin,25mg daily
10735,3497,2025-04-19,ECG Monitoring,Aspirin,100mg daily
10736,3497,2026-02-13,ECG Monitoring,Aspirin,10mg daily
10737,3498,2025-11-17,Blood Pressure Monitoring,Metoprolol,50mg daily
10738,3499,2025-04-17,Oxygen Therapy,Amoxicillin,10mg daily
10739,3499,2025-07-29,Oxygen Therapy,Amoxicillin,10mg daily
10740,3499,2025-11-11,Oxygen Therapy,Amoxicillin,25mg daily
10741,3500,2025-07-29,Oxygen Therapy,Amoxicillin,25mg daily
10742,3500,2026-02-20,Oxygen Therapy,Amoxicillin,25mg daily
10743,3500,2025-10-26,Oxygen Therapy,Amoxicillin,10mg daily
10744,3501,2025-12-21,Blood Pressure Monitoring,Metoprolol,25mg daily
10745,3501,2025-07-29,Blood Pressure Monitoring,Metoprolol,25mg daily
10746,3502,2025-07-26,Blood Pressure Monitoring,Metoprolol,100mg daily
10747,3503,2025-05-29,Blood Pressure Monitoring,Metoprolol,10mg daily
10748,3503,2025-03-17,Blood Pressure Monitoring,Metoprolol,50mg daily
10749,3503,2026-03-03,Blood Pressure Monitoring,Metoprolol,25mg daily
10750,3503,2025-12-29,Blood Pressure Monitoring,Metoprolol,10mg daily
10751,3504,2025-08-20,Oxygen Therapy,Amoxicillin,25mg daily
10752,3504,2026-03-09,Oxygen Therapy,Amoxicillin,10mg daily
10753,3504,2025-07-20,Oxygen Therapy,Amoxicillin,50mg daily
10754,3505,2025-07-30,Oxygen Therapy,Amoxicillin,10mg daily
10755,3505,2025-07-17,Oxygen Therapy,Amoxicillin,50mg daily
10756,3505,2025-10-15,Oxygen Therapy,Amoxicillin,25mg daily
10757,3506,2026-01-05,Oxygen Therapy,Amoxicillin,100mg daily
10758,3507,2025-04-05,Oxygen Therapy,Amoxicillin,25mg daily
10759,3507,2025-08-18,Oxygen Therapy,Amoxicillin,25mg daily
10760,3507,2025-07-05,Oxygen Therapy,Amoxicillin,25mg daily
10761,3508,2025-11-01,Oxygen Therapy,Amoxicillin,50mg daily
10762,3509,2026-01-24,Oxygen Therapy,Amoxicillin,50mg daily
10763,3509,2025-09-30,Oxygen Therapy,Amoxicillin,10mg daily
10764,3509,2025-03-17,Oxygen Therapy,Amoxicillin,50mg daily
10765,3509,2025-03-16,Oxygen Therapy,Amoxicillin,50mg daily
10766,3510,2026-03-01,Oxygen Therapy,Amoxicillin,100mg daily
10767,3510,2025-05-13,Oxygen Therapy,Amoxicillin,25mg daily
10768,3510,2025-08-21,Oxygen Therapy,Amoxicillin,10mg daily
10769,3511,2025-11-01,Oxygen Therapy,Amoxicillin,10mg daily
10770,3511,2025-10-07,Oxygen Therapy,Amoxicillin,25mg daily
10771,3511,2025-12-30,Oxygen Therapy,Amoxicillin,25mg daily
10772,3512,2025-05-24,Oxygen Therapy,Amoxicillin,100mg daily
10773,3512,2025-06-12,Oxygen Therapy,Amoxicillin,25mg daily
10774,3513,2025-05-29,Oxygen Therapy,Amoxicillin,10mg daily
10775,3514,2025-09-20,Oxygen Therapy,Amoxicillin,50mg daily
10776,3514,2025-05-08,Oxygen Therapy,Amoxicillin,50mg daily
10777,3514,2025-03-23,Oxygen Therapy,Amoxicillin,50mg daily
10778,3515,2025-08-17,Oxygen Therapy,Amoxicillin,50mg daily
10779,3515,2025-09-11,Oxygen Therapy,Amoxicillin,50mg daily
10780,3515,2025-06-06,Oxygen Therapy,Amoxicillin,25mg daily
10781,3516,2026-01-23,ECG Monitoring,Aspirin,100mg daily
10782,3516,2025-05-30,ECG Monitoring,Aspirin,10mg daily
10783,3516,2025-05-30,ECG Monitoring,Aspirin,10mg daily
10784,3517,2025-06-09,ECG Monitoring,Aspirin,100mg daily
10785,3517,2025-08-05,ECG Monitoring,Aspirin,10mg daily
10786,3518,2025-05-23,Blood Pressure Monitoring,Metoprolol,100mg daily
10787,3518,2025-05-30,Blood Pressure Monitoring,Metoprolol,50mg daily
10788,3518,2025-07-29,Blood Pressure Monitoring,Metoprolol,10mg daily
10789,3519,2025-10-04,Oxygen Therapy,Amoxicillin,10mg daily
10790,3519,2025-07-31,Oxygen Therapy,Amoxicillin,25mg daily
10791,3519,2025-10-26,Oxygen Therapy,Amoxicillin,10mg daily
10792,3519,2026-01-27,Oxygen Therapy,Amoxicillin,25mg daily
10793,3520,2025-04-05,Oxygen Therapy,Amoxicillin,50mg daily
10794,3520,2025-04-07,Oxygen Therapy,Amoxicillin,10mg daily
10795,3520,2025-11-18,Oxygen Therapy,Amoxicillin,100mg daily
10796,3521,2026-01-12,Oxygen Therapy,Amoxicillin,50mg daily
10797,3522,2026-02-16,ECG Monitoring,Aspirin,25mg daily
10798,3523,2025-09-16,Blood Pressure Monitoring,Metoprolol,50mg daily
10799,3523,2025-08-30,Blood Pressure Monitoring,Metoprolol,50mg daily
10800,3523,2025-11-02,Blood Pressure Monitoring,Metoprolol,10mg daily
10801,3523,2025-12-24,Blood Pressure Monitoring,Metoprolol,10mg daily
10802,3524,2025-06-27,Blood Pressure Monitoring,Metoprolol,50mg daily
10803,3524,2025-06-25,Blood Pressure Monitoring,Metoprolol,25mg daily
10804,3525,2025-09-03,ECG Monitoring,Aspirin,25mg daily
10805,3525,2025-06-25,ECG Monitoring,Aspirin,10mg daily
10806,3525,2025-10-27,ECG Monitoring,Aspirin,10mg daily
10807,3525,2025-08-23,ECG Monitoring,Aspirin,100mg daily
10808,3526,2025-12-06,IV Fluid Therapy,Atorvastatin,25mg daily
10809,3526,2025-10-01,IV Fluid Therapy,Atorvastatin,100mg daily
10810,3527,2025-07-05,ECG Monitoring,Aspirin,100mg daily
10811,3527,2025-08-26,ECG Monitoring,Aspirin,10mg daily
10812,3527,2026-01-11,ECG Monitoring,Aspirin,25mg daily
10813,3528,2026-03-06,ECG Monitoring,Aspirin,50mg daily
10814,3528,2025-05-06,ECG Monitoring,Aspirin,25mg daily
10815,3529,2025-08-15,Blood Pressure Monitoring,Metoprolol,25mg daily
10816,3529,2025-12-14,Blood Pressure Monitoring,Metoprolol,10mg daily
10817,3530,2025-07-10,Blood Pressure Monitoring,Metoprolol,50mg daily
10818,3530,2025-11-04,Blood Pressure Monitoring,Metoprolol,100mg daily
10819,3530,2026-01-31,Blood Pressure Monitoring,Metoprolol,50mg daily
10820,3530,2025-07-28,Blood Pressure Monitoring,Metoprolol,50mg daily
10821,3531,2025-11-17,ECG Monitoring,Aspirin,25mg daily
10822,3531,2025-09-30,ECG Monitoring,Aspirin,25mg daily
10823,3532,2025-04-06,IV Fluid Therapy,Atorvastatin,100mg daily
10824,3532,2025-12-25,IV Fluid Therapy,Atorvastatin,50mg daily
10825,3532,2025-11-27,IV Fluid Therapy,Atorvastatin,50mg daily
10826,3533,2026-01-16,IV Fluid Therapy,Atorvastatin,50mg daily
10827,3533,2026-02-02,IV Fluid Therapy,Atorvastatin,25mg daily
10828,3534,2026-02-26,IV Fluid Therapy,Atorvastatin,10mg daily
10829,3534,2025-06-13,IV Fluid Therapy,Atorvastatin,25mg daily
10830,3534,2025-11-05,IV Fluid Therapy,Atorvastatin,50mg daily
10831,3535,2025-09-29,ECG Monitoring,Aspirin,25mg daily
10832,3536,2025-05-08,Oxygen Therapy,Amoxicillin,100mg daily
10833,3536,2025-11-11,Oxygen Therapy,Amoxicillin,25mg daily
10834,3537,2026-03-02,IV Fluid Therapy,Atorvastatin,50mg daily
10835,3537,2025-12-23,IV Fluid Therapy,Atorvastatin,25mg daily
10836,3538,2025-06-13,IV Fluid Therapy,Atorvastatin,50mg daily
10837,3538,2025-10-13,IV Fluid Therapy,Atorvastatin,25mg daily
10838,3539,2026-02-21,IV Fluid Therapy,Atorvastatin,100mg daily
10839,3540,2025-05-29,Blood Pressure Monitoring,Metoprolol,100mg daily
10840,3540,2025-11-14,Blood Pressure Monitoring,Metoprolol,50mg daily
10841,3540,2025-10-07,Blood Pressure Monitoring,Metoprolol,50mg daily
10842,3541,2025-05-15,Blood Pressure Monitoring,Metoprolol,25mg daily
10843,3541,2025-08-20,Blood Pressure Monitoring,Metoprolol,10mg daily
10844,3541,2025-10-14,Blood Pressure Monitoring,Metoprolol,25mg daily
10845,3541,2026-01-18,Blood Pressure Monitoring,Metoprolol,25mg daily
10846,3542,2025-10-11,Blood Pressure Monitoring,Metoprolol,50mg daily
10847,3542,2025-12-27,Blood Pressure Monitoring,Metoprolol,100mg daily
10848,3542,2025-08-08,Blood Pressure Monitoring,Metoprolol,25mg daily
10849,3542,2025-06-07,Blood Pressure Monitoring,Metoprolol,100mg daily
10850,3543,2025-06-11,ECG Monitoring,Aspirin,25mg daily
10851,3543,2025-05-23,ECG Monitoring,Aspirin,25mg daily
10852,3543,2025-05-20,ECG Monitoring,Aspirin,10mg daily
10853,3544,2026-02-12,Blood Pressure Monitoring,Metoprolol,100mg daily
10854,3544,2025-08-08,Blood Pressure Monitoring,Metoprolol,25mg daily
10855,3545,2025-10-18,Blood Pressure Monitoring,Metoprolol,25mg daily
10856,3545,2025-05-07,Blood Pressure Monitoring,Metoprolol,25mg daily
10857,3545,2026-02-26,Blood Pressure Monitoring,Metoprolol,25mg daily
10858,3545,2026-03-06,Blood Pressure Monitoring,Metoprolol,10mg daily
10859,3546,2025-12-20,Oxygen Therapy,Amoxicillin,100mg daily
10860,3546,2025-07-29,Oxygen Therapy,Amoxicillin,10mg daily
10861,3546,2025-12-05,Oxygen Therapy,Amoxicillin,100mg daily
10862,3547,2025-09-28,Oxygen Therapy,Amoxicillin,50mg daily
10863,3547,2025-09-15,Oxygen Therapy,Amoxicillin,50mg daily
10864,3547,2025-04-08,Oxygen Therapy,Amoxicillin,100mg daily
10865,3548,2025-04-12,Oxygen Therapy,Amoxicillin,50mg daily
10866,3548,2025-10-29,Oxygen Therapy,Amoxicillin,25mg daily
10867,3548,2026-01-06,Oxygen Therapy,Amoxicillin,10mg daily
10868,3548,2026-01-22,Oxygen Therapy,Amoxicillin,10mg daily
10869,3549,2025-03-28,Oxygen Therapy,Amoxicillin,10mg daily
10870,3549,2025-08-17,Oxygen Therapy,Amoxicillin,25mg daily
10871,3549,2025-05-20,Oxygen Therapy,Amoxicillin,100mg daily
10872,3550,2026-03-07,Oxygen Therapy,Amoxicillin,50mg daily
10873,3550,2025-09-08,Oxygen Therapy,Amoxicillin,10mg daily
10874,3551,2026-01-04,Oxygen Therapy,Amoxicillin,10mg daily
10875,3551,2025-04-29,Oxygen Therapy,Amoxicillin,10mg daily
10876,3552,2026-02-16,Oxygen Therapy,Amoxicillin,50mg daily
10877,3552,2026-01-25,Oxygen Therapy,Amoxicillin,100mg daily
10878,3552,2025-05-21,Oxygen Therapy,Amoxicillin,100mg daily
10879,3553,2025-05-17,Oxygen Therapy,Amoxicillin,10mg daily
10880,3554,2026-02-12,Oxygen Therapy,Amoxicillin,100mg daily
10881,3554,2026-02-23,Oxygen Therapy,Amoxicillin,25mg daily
10882,3555,2025-05-29,Oxygen Therapy,Amoxicillin,50mg daily
10883,3555,2025-07-30,Oxygen Therapy,Amoxicillin,100mg daily
10884,3555,2025-12-08,Oxygen Therapy,Amoxicillin,25mg daily
10885,3556,2025-08-31,Oxygen Therapy,Amoxicillin,100mg daily
10886,3556,2026-01-17,Oxygen Therapy,Amoxicillin,50mg daily
10887,3556,2025-10-21,Oxygen Therapy,Amoxicillin,25mg daily
10888,3556,2025-08-12,Oxygen Therapy,Amoxicillin,100mg daily
10889,3557,2025-04-05,ECG Monitoring,Aspirin,50mg daily
10890,3557,2025-04-17,ECG Monitoring,Aspirin,25mg daily
10891,3557,2026-02-17,ECG Monitoring,Aspirin,10mg daily
10892,3557,2025-09-08,ECG Monitoring,Aspirin,10mg daily
10893,3558,2025-09-06,ECG Monitoring,Aspirin,25mg daily
10894,3559,2026-02-20,Oxygen Therapy,Amoxicillin,50mg daily
10895,3560,2025-09-24,Blood Pressure Monitoring,Metoprolol,100mg daily
10896,3560,2025-09-27,Blood Pressure Monitoring,Metoprolol,25mg daily
10897,3561,2025-03-12,Blood Pressure Monitoring,Metoprolol,25mg daily
10898,3561,2025-07-16,Blood Pressure Monitoring,Metoprolol,10mg daily
10899,3561,2025-05-26,Blood Pressure Monitoring,Metoprolol,50mg daily
10900,3562,2025-06-14,Blood Pressure Monitoring,Metoprolol,50mg daily
10901,3562,2025-10-23,Blood Pressure Monitoring,Metoprolol,50mg daily
10902,3563,2026-02-17,Oxygen Therapy,Amoxicillin,50mg daily
10903,3563,2025-05-10,Oxygen Therapy,Amoxicillin,100mg daily
10904,3563,2025-11-21,Oxygen Therapy,Amoxicillin,25mg daily
10905,3563,2025-11-28,Oxygen Therapy,Amoxicillin,25mg daily
10906,3564,2025-08-12,Oxygen Therapy,Amoxicillin,25mg daily
10907,3564,2025-09-17,Oxygen Therapy,Amoxicillin,10mg daily
10908,3564,2025-10-21,Oxygen Therapy,Amoxicillin,25mg daily
10909,3564,2025-03-11,Oxygen Therapy,Amoxicillin,50mg daily
10910,3565,2025-09-19,Oxygen Therapy,Amoxicillin,10mg daily
10911,3565,2025-07-19,Oxygen Therapy,Amoxicillin,10mg daily
10912,3565,2025-09-17,Oxygen Therapy,Amoxicillin,10mg daily
10913,3566,2025-08-27,Oxygen Therapy,Amoxicillin,10mg daily
10914,3566,2025-05-14,Oxygen Therapy,Amoxicillin,50mg daily
10915,3566,2025-08-13,Oxygen Therapy,Amoxicillin,25mg daily
10916,3567,2025-09-05,Oxygen Therapy,Amoxicillin,25mg daily
10917,3567,2025-05-09,Oxygen Therapy,Amoxicillin,10mg daily
10918,3567,2025-06-11,Oxygen Therapy,Amoxicillin,100mg daily
10919,3568,2025-08-07,Blood Pressure Monitoring,Metoprolol,25mg daily
10920,3568,2025-04-13,Blood Pressure Monitoring,Metoprolol,100mg daily
10921,3568,2026-01-19,Blood Pressure Monitoring,Metoprolol,25mg daily
10922,3568,2025-09-06,Blood Pressure Monitoring,Metoprolol,10mg daily
10923,3569,2025-07-17,Oxygen Therapy,Amoxicillin,25mg daily
10924,3569,2026-02-01,Oxygen Therapy,Amoxicillin,50mg daily
10925,3569,2025-11-18,Oxygen Therapy,Amoxicillin,25mg daily
10926,3569,2025-12-25,Oxygen Therapy,Amoxicillin,10mg daily
10927,3570,2025-04-12,Nebulization,Salbutamol,25mg daily
10928,3570,2025-04-19,Nebulization,Salbutamol,100mg daily
10929,3571,2025-11-10,Oxygen Therapy,Amoxicillin,50mg daily
10930,3571,2025-05-05,Oxygen Therapy,Amoxicillin,100mg daily
10931,3571,2025-09-05,Oxygen Therapy,Amoxicillin,100mg daily
10932,3572,2025-09-23,Oxygen Therapy,Amoxicillin,100mg daily
10933,3573,2025-06-04,ECG Monitoring,Aspirin,50mg daily
10934,3573,2025-07-21,ECG Monitoring,Aspirin,50mg daily
10935,3573,2025-08-09,ECG Monitoring,Aspirin,100mg daily
10936,3573,2025-11-26,ECG Monitoring,Aspirin,25mg daily
10937,3574,2026-02-22,ECG Monitoring,Aspirin,100mg daily
10938,3574,2025-12-05,ECG Monitoring,Aspirin,10mg daily
10939,3574,2025-08-19,ECG Monitoring,Aspirin,10mg daily
10940,3574,2025-09-26,ECG Monitoring,Aspirin,10mg daily
10941,3575,2025-12-31,ECG Monitoring,Aspirin,25mg daily
10942,3576,2025-09-06,ECG Monitoring,Aspirin,25mg daily
10943,3576,2026-02-07,ECG Monitoring,Aspirin,25mg daily
10944,3577,2025-05-15,Blood Pressure Monitoring,Metoprolol,10mg daily
10945,3577,2026-01-04,Blood Pressure Monitoring,Metoprolol,50mg daily
10946,3578,2025-06-02,Oxygen Therapy,Amoxicillin,100mg daily
10947,3578,2025-07-26,Oxygen Therapy,Amoxicillin,25mg daily
10948,3578,2025-09-13,Oxygen Therapy,Amoxicillin,50mg daily
10949,3578,2025-12-01,Oxygen Therapy,Amoxicillin,10mg daily
10950,3579,2025-05-01,Oxygen Therapy,Amoxicillin,25mg daily
10951,3580,2025-03-23,ECG Monitoring,Aspirin,50mg daily
10952,3580,2026-01-12,ECG Monitoring,Aspirin,100mg daily
10953,3581,2025-10-06,ECG Monitoring,Aspirin,25mg daily
10954,3581,2025-06-20,ECG Monitoring,Aspirin,50mg daily
10955,3581,2025-10-07,ECG Monitoring,Aspirin,100mg daily
10956,3581,2025-07-02,ECG Monitoring,Aspirin,50mg daily
10957,3582,2025-11-14,ECG Monitoring,Aspirin,100mg daily
10958,3582,2025-10-02,ECG Monitoring,Aspirin,10mg daily
10959,3582,2025-12-20,ECG Monitoring,Aspirin,50mg daily
10960,3583,2025-04-23,ECG Monitoring,Aspirin,50mg daily
10961,3583,2025-12-24,ECG Monitoring,Aspirin,25mg daily
10962,3584,2025-12-05,IV Fluid Therapy,Atorvastatin,50mg daily
10963,3584,2025-06-14,IV Fluid Therapy,Atorvastatin,25mg daily
10964,3585,2025-12-01,ECG Monitoring,Aspirin,10mg daily
10965,3585,2025-11-30,ECG Monitoring,Aspirin,100mg daily
10966,3586,2025-04-12,Blood Pressure Monitoring,Metoprolol,10mg daily
10967,3587,2025-11-08,Blood Pressure Monitoring,Metoprolol,25mg daily
10968,3587,2025-04-08,Blood Pressure Monitoring,Metoprolol,10mg daily
10969,3587,2025-07-01,Blood Pressure Monitoring,Metoprolol,50mg daily
10970,3587,2025-08-28,Blood Pressure Monitoring,Metoprolol,25mg daily
10971,3588,2026-01-31,ECG Monitoring,Aspirin,100mg daily
10972,3588,2026-02-28,ECG Monitoring,Aspirin,100mg daily
10973,3588,2025-05-01,ECG Monitoring,Aspirin,25mg daily
10974,3589,2025-11-19,Oxygen Therapy,Amoxicillin,100mg daily
10975,3590,2025-11-21,Oxygen Therapy,Amoxicillin,25mg daily
10976,3590,2025-12-25,Oxygen Therapy,Amoxicillin,10mg daily
10977,3591,2025-08-30,Oxygen Therapy,Amoxicillin,25mg daily
10978,3591,2025-05-02,Oxygen Therapy,Amoxicillin,100mg daily
10979,3591,2025-08-20,Oxygen Therapy,Amoxicillin,25mg daily
10980,3591,2026-01-26,Oxygen Therapy,Amoxicillin,25mg daily
10981,3592,2025-03-12,Oxygen Therapy,Amoxicillin,50mg daily
10982,3592,2025-11-17,Oxygen Therapy,Amoxicillin,50mg daily
10983,3592,2025-08-11,Oxygen Therapy,Amoxicillin,50mg daily
10984,3593,2026-02-18,ECG Monitoring,Aspirin,100mg daily
10985,3594,2025-04-06,ECG Monitoring,Aspirin,100mg daily
10986,3594,2025-10-05,ECG Monitoring,Aspirin,10mg daily
10987,3594,2026-02-15,ECG Monitoring,Aspirin,25mg daily
10988,3594,2025-11-07,ECG Monitoring,Aspirin,10mg daily
10989,3595,2025-12-26,ECG Monitoring,Aspirin,25mg daily
10990,3595,2025-07-16,ECG Monitoring,Aspirin,100mg daily
10991,3595,2025-05-16,ECG Monitoring,Aspirin,100mg daily
10992,3596,2026-02-21,ECG Monitoring,Aspirin,100mg daily
10993,3596,2026-03-10,ECG Monitoring,Aspirin,25mg daily
10994,3596,2026-02-09,ECG Monitoring,Aspirin,10mg daily
10995,3597,2025-04-20,ECG Monitoring,Aspirin,10mg daily
10996,3597,2025-10-20,ECG Monitoring,Aspirin,25mg daily
10997,3597,2026-02-20,ECG Monitoring,Aspirin,100mg daily
10998,3598,2025-12-29,Oxygen Therapy,Amoxicillin,25mg daily
10999,3598,2025-04-02,Oxygen Therapy,Amoxicillin,50mg daily
11000,3598,2025-04-29,Oxygen Therapy,Amoxicillin,10mg daily
11001,3599,2025-12-31,Oxygen Therapy,Amoxicillin,100mg daily
11002,3599,2025-09-30,Oxygen Therapy,Amoxicillin,10mg daily
11003,3600,2025-12-21,Oxygen Therapy,Amoxicillin,10mg daily
11004,3600,2025-10-28,Oxygen Therapy,Amoxicillin,10mg daily
11005,3600,2025-08-11,Oxygen Therapy,Amoxicillin,10mg daily
11006,3600,2025-11-15,Oxygen Therapy,Amoxicillin,100mg daily
11007,3601,2025-07-07,Oxygen Therapy,Amoxicillin,50mg daily
11008,3602,2025-05-12,Oxygen Therapy,Amoxicillin,100mg daily
11009,3603,2025-04-17,Blood Pressure Monitoring,Metoprolol,100mg daily
11010,3603,2025-08-18,Blood Pressure Monitoring,Metoprolol,50mg daily
11011,3604,2026-01-22,Blood Pressure Monitoring,Metoprolol,10mg daily
11012,3604,2025-07-26,Blood Pressure Monitoring,Metoprolol,100mg daily
11013,3605,2025-04-20,Blood Pressure Monitoring,Metoprolol,50mg daily
11014,3605,2025-12-24,Blood Pressure Monitoring,Metoprolol,10mg daily
11015,3606,2025-03-19,Oxygen Therapy,Amoxicillin,10mg daily
11016,3607,2025-07-03,Oxygen Therapy,Amoxicillin,10mg daily
11017,3608,2025-08-30,Oxygen Therapy,Amoxicillin,10mg daily
11018,3609,2025-05-21,Oxygen Therapy,Amoxicillin,10mg daily
11019,3609,2026-01-24,Oxygen Therapy,Amoxicillin,25mg daily
11020,3610,2025-11-22,Nebulization,Salbutamol,100mg daily
11021,3610,2026-01-20,Nebulization,Salbutamol,100mg daily
11022,3610,2025-11-30,Nebulization,Salbutamol,100mg daily
11023,3610,2025-07-11,Nebulization,Salbutamol,100mg daily
11024,3611,2025-05-12,Nebulization,Salbutamol,50mg daily
11025,3611,2026-02-11,Nebulization,Salbutamol,100mg daily
11026,3611,2025-05-28,Nebulization,Salbutamol,25mg daily
11027,3612,2025-12-14,Oxygen Therapy,Amoxicillin,50mg daily
11028,3612,2025-09-17,Oxygen Therapy,Amoxicillin,50mg daily
11029,3612,2025-03-12,Oxygen Therapy,Amoxicillin,50mg daily
11030,3612,2025-10-24,Oxygen Therapy,Amoxicillin,25mg daily
11031,3613,2025-10-24,Oxygen Therapy,Amoxicillin,50mg daily
11032,3613,2025-06-17,Oxygen Therapy,Amoxicillin,25mg daily
11033,3614,2025-04-20,Oxygen Therapy,Amoxicillin,10mg daily
11034,3614,2025-05-29,Oxygen Therapy,Amoxicillin,25mg daily
11035,3615,2026-03-08,Oxygen Therapy,Amoxicillin,100mg daily
11036,3615,2026-03-04,Oxygen Therapy,Amoxicillin,25mg daily
11037,3615,2025-12-16,Oxygen Therapy,Amoxicillin,100mg daily
11038,3616,2025-09-27,Oxygen Therapy,Amoxicillin,10mg daily
11039,3617,2025-10-26,Blood Pressure Monitoring,Metoprolol,50mg daily
11040,3617,2026-03-08,Blood Pressure Monitoring,Metoprolol,10mg daily
11041,3617,2025-05-07,Blood Pressure Monitoring,Metoprolol,50mg daily
11042,3617,2025-09-17,Blood Pressure Monitoring,Metoprolol,10mg daily
11043,3618,2025-05-25,Blood Pressure Monitoring,Metoprolol,100mg daily
11044,3618,2025-12-30,Blood Pressure Monitoring,Metoprolol,100mg daily
11045,3619,2026-01-06,Blood Pressure Monitoring,Metoprolol,100mg daily
11046,3619,2026-02-21,Blood Pressure Monitoring,Metoprolol,25mg daily
11047,3619,2025-08-17,Blood Pressure Monitoring,Metoprolol,100mg daily
11048,3619,2025-10-20,Blood Pressure Monitoring,Metoprolol,10mg daily
11049,3620,2025-08-03,Blood Pressure Monitoring,Metoprolol,100mg daily
11050,3620,2025-10-10,Blood Pressure Monitoring,Metoprolol,10mg daily
11051,3621,2025-09-17,Blood Pressure Monitoring,Metoprolol,100mg daily
11052,3621,2025-08-10,Blood Pressure Monitoring,Metoprolol,100mg daily
11053,3621,2025-09-25,Blood Pressure Monitoring,Metoprolol,25mg daily
11054,3622,2025-09-03,IV Fluid Therapy,Atorvastatin,100mg daily
11055,3622,2025-05-07,IV Fluid Therapy,Atorvastatin,100mg daily
11056,3623,2026-01-22,ECG Monitoring,Aspirin,50mg daily
11057,3624,2025-04-11,ECG Monitoring,Aspirin,25mg daily
11058,3624,2025-07-22,ECG Monitoring,Aspirin,25mg daily
11059,3624,2026-02-27,ECG Monitoring,Aspirin,25mg daily
11060,3624,2026-01-02,ECG Monitoring,Aspirin,50mg daily
11061,3625,2025-06-28,ECG Monitoring,Aspirin,100mg daily
11062,3625,2025-06-23,ECG Monitoring,Aspirin,50mg daily
11063,3626,2025-07-27,ECG Monitoring,Aspirin,25mg daily
11064,3626,2025-03-20,ECG Monitoring,Aspirin,10mg daily
11065,3626,2026-02-22,ECG Monitoring,Aspirin,50mg daily
11066,3626,2025-09-23,ECG Monitoring,Aspirin,100mg daily
11067,3627,2025-12-20,ECG Monitoring,Aspirin,50mg daily
11068,3627,2026-02-05,ECG Monitoring,Aspirin,10mg daily
11069,3627,2025-12-10,ECG Monitoring,Aspirin,100mg daily
11070,3627,2025-06-07,ECG Monitoring,Aspirin,10mg daily
11071,3628,2025-04-11,ECG Monitoring,Aspirin,10mg daily
11072,3628,2025-10-18,ECG Monitoring,Aspirin,100mg daily
11073,3628,2026-02-12,ECG Monitoring,Aspirin,25mg daily
11074,3628,2025-04-20,ECG Monitoring,Aspirin,100mg daily
11075,3629,2025-09-24,ECG Monitoring,Aspirin,100mg daily
11076,3630,2025-08-09,IV Fluid Therapy,Atorvastatin,50mg daily
11077,3630,2025-07-23,IV Fluid Therapy,Atorvastatin,100mg daily
11078,3630,2025-09-30,IV Fluid Therapy,Atorvastatin,100mg daily
11079,3631,2025-06-04,Oxygen Therapy,Amoxicillin,50mg daily
11080,3632,2025-06-07,Oxygen Therapy,Amoxicillin,100mg daily
11081,3632,2025-11-03,Oxygen Therapy,Amoxicillin,50mg daily
11082,3632,2025-08-10,Oxygen Therapy,Amoxicillin,25mg daily
11083,3633,2025-12-21,ECG Monitoring,Aspirin,50mg daily
11084,3633,2025-11-08,ECG Monitoring,Aspirin,50mg daily
11085,3633,2025-07-15,ECG Monitoring,Aspirin,25mg daily
11086,3633,2026-02-24,ECG Monitoring,Aspirin,25mg daily
11087,3634,2025-06-23,Blood Pressure Monitoring,Metoprolol,25mg daily
11088,3634,2026-02-21,Blood Pressure Monitoring,Metoprolol,25mg daily
11089,3635,2026-02-19,ECG Monitoring,Aspirin,10mg daily
11090,3636,2025-08-25,IV Fluid Therapy,Atorvastatin,10mg daily
11091,3637,2026-01-30,ECG Monitoring,Aspirin,50mg daily
11092,3637,2025-04-03,ECG Monitoring,Aspirin,50mg daily
11093,3637,2026-02-05,ECG Monitoring,Aspirin,10mg daily
11094,3638,2025-12-28,Blood Pressure Monitoring,Metoprolol,50mg daily
11095,3638,2025-10-18,Blood Pressure Monitoring,Metoprolol,10mg daily
11096,3638,2026-03-09,Blood Pressure Monitoring,Metoprolol,100mg daily
11097,3639,2026-01-22,Oxygen Therapy,Amoxicillin,100mg daily
11098,3639,2025-12-18,Oxygen Therapy,Amoxicillin,100mg daily
11099,3639,2025-07-06,Oxygen Therapy,Amoxicillin,25mg daily
11100,3639,2025-09-19,Oxygen Therapy,Amoxicillin,10mg daily
11101,3640,2025-10-21,Oxygen Therapy,Amoxicillin,100mg daily
11102,3640,2025-04-29,Oxygen Therapy,Amoxicillin,50mg daily
11103,3640,2025-06-14,Oxygen Therapy,Amoxicillin,50mg daily
11104,3640,2025-03-11,Oxygen Therapy,Amoxicillin,25mg daily
11105,3641,2026-03-01,Oxygen Therapy,Amoxicillin,50mg daily
11106,3641,2025-07-21,Oxygen Therapy,Amoxicillin,50mg daily
11107,3641,2026-01-20,Oxygen Therapy,Amoxicillin,100mg daily
11108,3642,2025-08-05,Oxygen Therapy,Amoxicillin,50mg daily
11109,3642,2025-09-02,Oxygen Therapy,Amoxicillin,10mg daily
11110,3642,2025-07-31,Oxygen Therapy,Amoxicillin,50mg daily
11111,3643,2025-11-19,Oxygen Therapy,Amoxicillin,25mg daily
11112,3643,2025-11-05,Oxygen Therapy,Amoxicillin,50mg daily
11113,3644,2025-11-05,Nebulization,Salbutamol,50mg daily
11114,3644,2025-08-10,Nebulization,Salbutamol,100mg daily
11115,3645,2025-09-10,Oxygen Therapy,Amoxicillin,10mg daily
11116,3645,2025-07-24,Oxygen Therapy,Amoxicillin,25mg daily
11117,3646,2026-01-12,Oxygen Therapy,Amoxicillin,25mg daily
11118,3646,2026-03-03,Oxygen Therapy,Amoxicillin,25mg daily
11119,3647,2025-04-13,ECG Monitoring,Aspirin,25mg daily
11120,3647,2025-04-17,ECG Monitoring,Aspirin,25mg daily
11121,3647,2025-07-06,ECG Monitoring,Aspirin,25mg daily
11122,3647,2025-06-27,ECG Monitoring,Aspirin,25mg daily
11123,3648,2025-05-12,ECG Monitoring,Aspirin,25mg daily
11124,3648,2025-06-26,ECG Monitoring,Aspirin,25mg daily
11125,3648,2025-07-15,ECG Monitoring,Aspirin,10mg daily
11126,3648,2025-04-27,ECG Monitoring,Aspirin,100mg daily
11127,3649,2025-09-07,Blood Pressure Monitoring,Metoprolol,100mg daily
11128,3649,2025-12-17,Blood Pressure Monitoring,Metoprolol,50mg daily
11129,3650,2026-02-13,Blood Pressure Monitoring,Metoprolol,25mg daily
11130,3650,2025-07-14,Blood Pressure Monitoring,Metoprolol,50mg daily
11131,3650,2025-11-02,Blood Pressure Monitoring,Metoprolol,10mg daily
11132,3651,2025-04-08,ECG Monitoring,Aspirin,25mg daily
11133,3651,2025-12-31,ECG Monitoring,Aspirin,10mg daily
11134,3651,2025-06-21,ECG Monitoring,Aspirin,25mg daily
11135,3652,2025-09-04,IV Fluid Therapy,Atorvastatin,10mg daily
11136,3652,2025-12-30,IV Fluid Therapy,Atorvastatin,10mg daily
11137,3652,2025-11-22,IV Fluid Therapy,Atorvastatin,25mg daily
11138,3652,2025-11-13,IV Fluid Therapy,Atorvastatin,50mg daily
11139,3653,2026-03-02,Oxygen Therapy,Amoxicillin,10mg daily
11140,3654,2025-05-17,ECG Monitoring,Aspirin,50mg daily
11141,3654,2025-12-01,ECG Monitoring,Aspirin,10mg daily
11142,3655,2025-09-27,ECG Monitoring,Aspirin,10mg daily
11143,3655,2025-09-19,ECG Monitoring,Aspirin,50mg daily
11144,3655,2025-04-03,ECG Monitoring,Aspirin,100mg daily
11145,3655,2025-04-17,ECG Monitoring,Aspirin,10mg daily
11146,3656,2025-08-28,ECG Monitoring,Aspirin,50mg daily
11147,3656,2025-10-16,ECG Monitoring,Aspirin,100mg daily
11148,3656,2025-08-07,ECG Monitoring,Aspirin,50mg daily
11149,3656,2025-07-10,ECG Monitoring,Aspirin,50mg daily
11150,3657,2026-01-04,ECG Monitoring,Aspirin,50mg daily
11151,3657,2025-10-03,ECG Monitoring,Aspirin,10mg daily
11152,3658,2025-07-16,ECG Monitoring,Aspirin,50mg daily
11153,3658,2025-06-09,ECG Monitoring,Aspirin,50mg daily
11154,3659,2025-03-31,IV Fluid Therapy,Atorvastatin,25mg daily
11155,3659,2025-04-28,IV Fluid Therapy,Atorvastatin,100mg daily
11156,3659,2025-07-29,IV Fluid Therapy,Atorvastatin,100mg daily
11157,3659,2025-05-26,IV Fluid Therapy,Atorvastatin,100mg daily
11158,3660,2025-05-02,ECG Monitoring,Aspirin,100mg daily
11159,3660,2025-09-15,ECG Monitoring,Aspirin,25mg daily
11160,3660,2026-02-09,ECG Monitoring,Aspirin,10mg daily
11161,3661,2025-11-25,Oxygen Therapy,Amoxicillin,25mg daily
11162,3661,2025-08-15,Oxygen Therapy,Amoxicillin,50mg daily
11163,3661,2025-05-06,Oxygen Therapy,Amoxicillin,10mg daily
11164,3662,2025-12-18,Oxygen Therapy,Amoxicillin,25mg daily
11165,3662,2025-03-16,Oxygen Therapy,Amoxicillin,10mg daily
11166,3662,2025-11-16,Oxygen Therapy,Amoxicillin,50mg daily
11167,3662,2025-03-11,Oxygen Therapy,Amoxicillin,10mg daily
11168,3663,2025-06-23,Oxygen Therapy,Amoxicillin,100mg daily
11169,3663,2025-04-02,Oxygen Therapy,Amoxicillin,25mg daily
11170,3663,2025-09-08,Oxygen Therapy,Amoxicillin,10mg daily
11171,3663,2025-05-18,Oxygen Therapy,Amoxicillin,25mg daily
11172,3664,2025-04-27,ECG Monitoring,Aspirin,50mg daily
11173,3664,2025-07-24,ECG Monitoring,Aspirin,100mg daily
11174,3664,2025-06-15,ECG Monitoring,Aspirin,25mg daily
11175,3665,2026-03-04,Blood Pressure Monitoring,Metoprolol,50mg daily
11176,3665,2026-02-06,Blood Pressure Monitoring,Metoprolol,10mg daily
11177,3666,2025-05-26,ECG Monitoring,Aspirin,100mg daily
11178,3666,2025-06-03,ECG Monitoring,Aspirin,10mg daily
11179,3666,2026-03-06,ECG Monitoring,Aspirin,25mg daily
11180,3666,2025-05-23,ECG Monitoring,Aspirin,50mg daily
11181,3667,2025-09-30,ECG Monitoring,Aspirin,100mg daily
11182,3668,2025-08-22,Blood Pressure Monitoring,Metoprolol,10mg daily
11183,3669,2025-09-11,Oxygen Therapy,Amoxicillin,25mg daily
11184,3669,2025-04-10,Oxygen Therapy,Amoxicillin,10mg daily
11185,3669,2026-02-24,Oxygen Therapy,Amoxicillin,10mg daily
11186,3670,2025-10-05,Oxygen Therapy,Amoxicillin,25mg daily
11187,3670,2025-08-07,Oxygen Therapy,Amoxicillin,100mg daily
11188,3671,2025-06-04,Oxygen Therapy,Amoxicillin,100mg daily
11189,3671,2026-02-03,Oxygen Therapy,Amoxicillin,10mg daily
11190,3672,2025-09-13,Nebulization,Salbutamol,10mg daily
11191,3672,2025-03-18,Nebulization,Salbutamol,25mg daily
11192,3672,2025-09-18,Nebulization,Salbutamol,100mg daily
11193,3673,2025-12-10,Oxygen Therapy,Amoxicillin,50mg daily
11194,3673,2025-06-03,Oxygen Therapy,Amoxicillin,100mg daily
11195,3673,2025-06-21,Oxygen Therapy,Amoxicillin,10mg daily
11196,3673,2026-02-13,Oxygen Therapy,Amoxicillin,25mg daily
11197,3674,2025-08-10,Oxygen Therapy,Amoxicillin,50mg daily
11198,3675,2025-10-01,Blood Pressure Monitoring,Metoprolol,50mg daily
11199,3675,2025-12-03,Blood Pressure Monitoring,Metoprolol,25mg daily
11200,3676,2026-01-16,Oxygen Therapy,Amoxicillin,50mg daily
11201,3677,2025-11-10,Nebulization,Salbutamol,25mg daily
11202,3677,2025-08-17,Nebulization,Salbutamol,100mg daily
11203,3677,2025-05-13,Nebulization,Salbutamol,50mg daily
11204,3677,2025-05-15,Nebulization,Salbutamol,25mg daily
11205,3678,2026-01-24,ECG Monitoring,Aspirin,25mg daily
11206,3678,2025-08-17,ECG Monitoring,Aspirin,50mg daily
11207,3678,2025-05-17,ECG Monitoring,Aspirin,50mg daily
11208,3679,2025-07-25,ECG Monitoring,Aspirin,50mg daily
11209,3679,2025-08-24,ECG Monitoring,Aspirin,25mg daily
11210,3679,2025-11-13,ECG Monitoring,Aspirin,10mg daily
11211,3680,2025-09-08,Oxygen Therapy,Amoxicillin,100mg daily
11212,3680,2026-03-10,Oxygen Therapy,Amoxicillin,100mg daily
11213,3681,2025-08-18,Oxygen Therapy,Amoxicillin,25mg daily
11214,3681,2026-02-11,Oxygen Therapy,Amoxicillin,25mg daily
11215,3681,2025-07-15,Oxygen Therapy,Amoxicillin,10mg daily
11216,3682,2025-10-24,Oxygen Therapy,Amoxicillin,10mg daily
11217,3682,2025-04-10,Oxygen Therapy,Amoxicillin,100mg daily
11218,3682,2026-01-19,Oxygen Therapy,Amoxicillin,10mg daily
11219,3683,2025-09-29,Oxygen Therapy,Amoxicillin,10mg daily
11220,3684,2025-04-15,Oxygen Therapy,Amoxicillin,100mg daily
11221,3684,2026-01-04,Oxygen Therapy,Amoxicillin,50mg daily
11222,3685,2025-10-22,Oxygen Therapy,Amoxicillin,100mg daily
11223,3685,2026-02-10,Oxygen Therapy,Amoxicillin,100mg daily
11224,3685,2026-02-07,Oxygen Therapy,Amoxicillin,50mg daily
11225,3686,2026-01-09,Oxygen Therapy,Amoxicillin,50mg daily
11226,3686,2025-06-16,Oxygen Therapy,Amoxicillin,100mg daily
11227,3686,2025-12-08,Oxygen Therapy,Amoxicillin,100mg daily
11228,3687,2026-01-22,Blood Pressure Monitoring,Metoprolol,10mg daily
11229,3687,2025-09-10,Blood Pressure Monitoring,Metoprolol,10mg daily
11230,3687,2025-07-20,Blood Pressure Monitoring,Metoprolol,10mg daily
11231,3688,2025-12-11,Blood Pressure Monitoring,Metoprolol,50mg daily
11232,3689,2025-08-02,Blood Pressure Monitoring,Metoprolol,25mg daily
11233,3690,2025-05-29,ECG Monitoring,Aspirin,100mg daily
11234,3690,2025-04-11,ECG Monitoring,Aspirin,10mg daily
11235,3691,2025-12-21,ECG Monitoring,Aspirin,10mg daily
11236,3691,2025-10-20,ECG Monitoring,Aspirin,100mg daily
11237,3692,2026-02-10,ECG Monitoring,Aspirin,100mg daily
11238,3692,2025-06-14,ECG Monitoring,Aspirin,10mg daily
11239,3692,2025-10-06,ECG Monitoring,Aspirin,25mg daily
11240,3692,2025-06-12,ECG Monitoring,Aspirin,50mg daily
11241,3693,2025-05-22,Blood Pressure Monitoring,Metoprolol,10mg daily
11242,3693,2026-01-15,Blood Pressure Monitoring,Metoprolol,25mg daily
11243,3693,2026-02-19,Blood Pressure Monitoring,Metoprolol,25mg daily
11244,3694,2025-06-03,Blood Pressure Monitoring,Metoprolol,25mg daily
11245,3695,2025-08-13,ECG Monitoring,Aspirin,100mg daily
11246,3695,2025-04-22,ECG Monitoring,Aspirin,25mg daily
11247,3695,2025-04-12,ECG Monitoring,Aspirin,10mg daily
11248,3696,2025-07-14,ECG Monitoring,Aspirin,10mg daily
11249,3696,2025-07-02,ECG Monitoring,Aspirin,25mg daily
11250,3697,2026-03-07,Oxygen Therapy,Amoxicillin,50mg daily
11251,3698,2026-02-20,Nebulization,Salbutamol,50mg daily
11252,3699,2026-03-07,Blood Pressure Monitoring,Metoprolol,100mg daily
11253,3700,2026-02-03,Blood Pressure Monitoring,Metoprolol,50mg daily
11254,3701,2025-05-01,Blood Pressure Monitoring,Metoprolol,50mg daily
11255,3701,2025-10-19,Blood Pressure Monitoring,Metoprolol,25mg daily
11256,3701,2025-04-23,Blood Pressure Monitoring,Metoprolol,25mg daily
11257,3701,2025-07-13,Blood Pressure Monitoring,Metoprolol,50mg daily
11258,3702,2025-06-08,Blood Pressure Monitoring,Metoprolol,100mg daily
11259,3702,2025-11-14,Blood Pressure Monitoring,Metoprolol,25mg daily
11260,3702,2025-04-25,Blood Pressure Monitoring,Metoprolol,50mg daily
11261,3703,2026-02-23,ECG Monitoring,Aspirin,50mg daily
11262,3703,2026-02-04,ECG Monitoring,Aspirin,10mg daily
11263,3703,2025-10-01,ECG Monitoring,Aspirin,10mg daily
11264,3703,2025-05-23,ECG Monitoring,Aspirin,10mg daily
11265,3704,2025-08-07,Oxygen Therapy,Amoxicillin,25mg daily
11266,3704,2025-07-28,Oxygen Therapy,Amoxicillin,50mg daily
11267,3704,2025-09-21,Oxygen Therapy,Amoxicillin,50mg daily
11268,3705,2025-07-15,Oxygen Therapy,Amoxicillin,10mg daily
11269,3705,2025-06-29,Oxygen Therapy,Amoxicillin,25mg daily
11270,3706,2025-07-26,Oxygen Therapy,Amoxicillin,50mg daily
11271,3706,2025-05-29,Oxygen Therapy,Amoxicillin,100mg daily
11272,3706,2025-11-12,Oxygen Therapy,Amoxicillin,10mg daily
11273,3707,2025-09-14,Blood Pressure Monitoring,Metoprolol,100mg daily
11274,3707,2025-06-07,Blood Pressure Monitoring,Metoprolol,25mg daily
11275,3708,2025-12-23,Blood Pressure Monitoring,Metoprolol,10mg daily
11276,3708,2026-02-17,Blood Pressure Monitoring,Metoprolol,50mg daily
11277,3708,2025-11-09,Blood Pressure Monitoring,Metoprolol,10mg daily
11278,3708,2025-11-19,Blood Pressure Monitoring,Metoprolol,100mg daily
11279,3709,2025-10-25,Blood Pressure Monitoring,Metoprolol,100mg daily
11280,3709,2025-05-04,Blood Pressure Monitoring,Metoprolol,50mg daily
11281,3709,2025-09-08,Blood Pressure Monitoring,Metoprolol,25mg daily
11282,3710,2025-07-29,Blood Pressure Monitoring,Metoprolol,25mg daily
11283,3710,2025-07-29,Blood Pressure Monitoring,Metoprolol,25mg daily
11284,3711,2025-05-16,Blood Pressure Monitoring,Metoprolol,50mg daily
11285,3711,2025-05-24,Blood Pressure Monitoring,Metoprolol,100mg daily
11286,3712,2025-09-09,Blood Pressure Monitoring,Metoprolol,100mg daily
11287,3712,2025-11-22,Blood Pressure Monitoring,Metoprolol,100mg daily
11288,3712,2025-09-01,Blood Pressure Monitoring,Metoprolol,25mg daily
11289,3713,2026-02-11,Nebulization,Salbutamol,100mg daily
11290,3713,2026-03-05,Nebulization,Salbutamol,10mg daily
11291,3714,2025-06-21,Oxygen Therapy,Amoxicillin,25mg daily
11292,3714,2025-08-27,Oxygen Therapy,Amoxicillin,100mg daily
11293,3714,2025-12-02,Oxygen Therapy,Amoxicillin,10mg daily
11294,3715,2025-07-28,Oxygen Therapy,Amoxicillin,10mg daily
11295,3715,2026-02-10,Oxygen Therapy,Amoxicillin,50mg daily
11296,3715,2026-02-19,Oxygen Therapy,Amoxicillin,10mg daily
11297,3715,2025-11-09,Oxygen Therapy,Amoxicillin,10mg daily
11298,3716,2025-07-15,Blood Pressure Monitoring,Metoprolol,10mg daily
11299,3716,2025-10-03,Blood Pressure Monitoring,Metoprolol,50mg daily
11300,3716,2025-10-01,Blood Pressure Monitoring,Metoprolol,25mg daily
11301,3716,2025-06-15,Blood Pressure Monitoring,Metoprolol,50mg daily
11302,3717,2025-05-08,Blood Pressure Monitoring,Metoprolol,50mg daily
11303,3717,2025-05-15,Blood Pressure Monitoring,Metoprolol,10mg daily
11304,3718,2026-01-21,Blood Pressure Monitoring,Metoprolol,25mg daily
11305,3718,2026-01-28,Blood Pressure Monitoring,Metoprolol,25mg daily
11306,3719,2025-04-16,Blood Pressure Monitoring,Metoprolol,25mg daily
11307,3720,2025-07-20,ECG Monitoring,Aspirin,25mg daily
11308,3721,2025-09-21,ECG Monitoring,Aspirin,50mg daily
11309,3721,2026-01-31,ECG Monitoring,Aspirin,100mg daily
11310,3721,2025-07-25,ECG Monitoring,Aspirin,25mg daily
11311,3721,2025-05-26,ECG Monitoring,Aspirin,25mg daily
11312,3722,2025-09-21,ECG Monitoring,Aspirin,100mg daily
11313,3722,2025-06-26,ECG Monitoring,Aspirin,100mg daily
11314,3722,2026-01-21,ECG Monitoring,Aspirin,10mg daily
11315,3723,2025-04-03,Nebulization,Salbutamol,100mg daily
11316,3723,2026-03-07,Nebulization,Salbutamol,50mg daily
11317,3724,2026-02-23,ECG Monitoring,Aspirin,50mg daily
11318,3724,2025-10-01,ECG Monitoring,Aspirin,100mg daily
11319,3725,2025-05-26,ECG Monitoring,Aspirin,50mg daily
11320,3726,2025-12-16,ECG Monitoring,Aspirin,100mg daily
11321,3726,2026-03-06,ECG Monitoring,Aspirin,10mg daily
11322,3726,2025-08-06,ECG Monitoring,Aspirin,50mg daily
11323,3726,2025-10-06,ECG Monitoring,Aspirin,10mg daily
11324,3727,2025-07-22,Blood Pressure Monitoring,Metoprolol,100mg daily
11325,3727,2026-01-10,Blood Pressure Monitoring,Metoprolol,10mg daily
11326,3727,2025-12-16,Blood Pressure Monitoring,Metoprolol,10mg daily
11327,3727,2025-06-02,Blood Pressure Monitoring,Metoprolol,50mg daily
11328,3728,2025-07-30,Oxygen Therapy,Amoxicillin,100mg daily
11329,3728,2025-06-10,Oxygen Therapy,Amoxicillin,10mg daily
11330,3729,2025-04-15,ECG Monitoring,Aspirin,25mg daily
11331,3729,2026-01-03,ECG Monitoring,Aspirin,50mg daily
11332,3729,2025-05-21,ECG Monitoring,Aspirin,100mg daily
11333,3730,2025-07-25,Blood Pressure Monitoring,Metoprolol,10mg daily
11334,3731,2025-09-10,Blood Pressure Monitoring,Metoprolol,100mg daily
11335,3731,2025-05-02,Blood Pressure Monitoring,Metoprolol,100mg daily
11336,3732,2025-10-29,Blood Pressure Monitoring,Metoprolol,100mg daily
11337,3733,2025-05-10,Blood Pressure Monitoring,Metoprolol,25mg daily
11338,3733,2025-11-15,Blood Pressure Monitoring,Metoprolol,100mg daily
11339,3733,2025-09-17,Blood Pressure Monitoring,Metoprolol,100mg daily
11340,3733,2025-12-28,Blood Pressure Monitoring,Metoprolol,25mg daily
11341,3734,2026-01-11,Oxygen Therapy,Amoxicillin,10mg daily
11342,3735,2026-02-21,Oxygen Therapy,Amoxicillin,100mg daily
11343,3735,2025-11-24,Oxygen Therapy,Amoxicillin,10mg daily
11344,3736,2025-05-13,Oxygen Therapy,Amoxicillin,10mg daily
11345,3736,2025-08-28,Oxygen Therapy,Amoxicillin,25mg daily
11346,3737,2025-08-08,ECG Monitoring,Aspirin,100mg daily
11347,3737,2025-05-04,ECG Monitoring,Aspirin,100mg daily
11348,3738,2025-11-01,Nebulization,Salbutamol,100mg daily
11349,3739,2025-08-20,Blood Pressure Monitoring,Metoprolol,25mg daily
11350,3740,2025-11-05,ECG Monitoring,Aspirin,10mg daily
11351,3741,2026-03-11,ECG Monitoring,Aspirin,100mg daily
11352,3741,2026-03-02,ECG Monitoring,Aspirin,50mg daily
11353,3741,2025-11-18,ECG Monitoring,Aspirin,25mg daily
11354,3741,2025-11-08,ECG Monitoring,Aspirin,50mg daily
11355,3742,2025-05-19,Oxygen Therapy,Amoxicillin,50mg daily
11356,3742,2025-09-27,Oxygen Therapy,Amoxicillin,25mg daily
11357,3742,2025-06-29,Oxygen Therapy,Amoxicillin,10mg daily
11358,3743,2025-03-24,Oxygen Therapy,Amoxicillin,25mg daily
11359,3743,2025-08-19,Oxygen Therapy,Amoxicillin,10mg daily
11360,3743,2025-05-26,Oxygen Therapy,Amoxicillin,25mg daily
11361,3743,2025-06-17,Oxygen Therapy,Amoxicillin,10mg daily
11362,3744,2026-02-17,Oxygen Therapy,Amoxicillin,50mg daily
11363,3745,2025-11-14,Blood Pressure Monitoring,Metoprolol,10mg daily
11364,3745,2025-08-06,Blood Pressure Monitoring,Metoprolol,50mg daily
11365,3745,2025-12-24,Blood Pressure Monitoring,Metoprolol,25mg daily
11366,3745,2025-06-23,Blood Pressure Monitoring,Metoprolol,25mg daily
11367,3746,2026-02-14,ECG Monitoring,Aspirin,25mg daily
11368,3747,2026-03-07,Blood Pressure Monitoring,Metoprolol,50mg daily
11369,3747,2025-10-23,Blood Pressure Monitoring,Metoprolol,100mg daily
11370,3747,2025-09-12,Blood Pressure Monitoring,Metoprolol,100mg daily
11371,3748,2025-09-27,Oxygen Therapy,Amoxicillin,10mg daily
11372,3748,2026-02-05,Oxygen Therapy,Amoxicillin,25mg daily
11373,3748,2026-01-18,Oxygen Therapy,Amoxicillin,100mg daily
11374,3749,2025-09-09,Oxygen Therapy,Amoxicillin,10mg daily
11375,3749,2025-11-15,Oxygen Therapy,Amoxicillin,100mg daily
11376,3749,2025-03-30,Oxygen Therapy,Amoxicillin,10mg daily
11377,3749,2025-11-22,Oxygen Therapy,Amoxicillin,10mg daily
11378,3750,2026-02-04,Blood Pressure Monitoring,Metoprolol,25mg daily
11379,3750,2025-07-31,Blood Pressure Monitoring,Metoprolol,50mg daily
11380,3750,2025-03-20,Blood Pressure Monitoring,Metoprolol,10mg daily
11381,3751,2025-09-10,Blood Pressure Monitoring,Metoprolol,100mg daily
11382,3751,2026-02-22,Blood Pressure Monitoring,Metoprolol,10mg daily
11383,3751,2026-02-02,Blood Pressure Monitoring,Metoprolol,100mg daily
11384,3752,2025-07-01,Blood Pressure Monitoring,Metoprolol,100mg daily
11385,3752,2025-08-25,Blood Pressure Monitoring,Metoprolol,100mg daily
11386,3752,2025-08-26,Blood Pressure Monitoring,Metoprolol,25mg daily
11387,3752,2025-05-13,Blood Pressure Monitoring,Metoprolol,25mg daily
11388,3753,2025-05-17,Oxygen Therapy,Amoxicillin,50mg daily
11389,3753,2025-04-27,Oxygen Therapy,Amoxicillin,25mg daily
11390,3754,2025-11-14,Oxygen Therapy,Amoxicillin,100mg daily
11391,3754,2025-10-28,Oxygen Therapy,Amoxicillin,50mg daily
11392,3754,2025-05-22,Oxygen Therapy,Amoxicillin,50mg daily
11393,3754,2025-04-05,Oxygen Therapy,Amoxicillin,100mg daily
11394,3755,2026-02-04,Blood Pressure Monitoring,Metoprolol,25mg daily
11395,3755,2025-09-28,Blood Pressure Monitoring,Metoprolol,50mg daily
11396,3755,2025-11-14,Blood Pressure Monitoring,Metoprolol,10mg daily
11397,3756,2025-09-15,Oxygen Therapy,Amoxicillin,25mg daily
11398,3756,2026-02-23,Oxygen Therapy,Amoxicillin,100mg daily
11399,3756,2025-10-14,Oxygen Therapy,Amoxicillin,100mg daily
11400,3756,2025-08-13,Oxygen Therapy,Amoxicillin,100mg daily
11401,3757,2025-04-27,Oxygen Therapy,Amoxicillin,25mg daily
11402,3757,2025-08-30,Oxygen Therapy,Amoxicillin,10mg daily
11403,3757,2025-05-11,Oxygen Therapy,Amoxicillin,10mg daily
11404,3757,2026-02-18,Oxygen Therapy,Amoxicillin,10mg daily
11405,3758,2025-05-03,Oxygen Therapy,Amoxicillin,50mg daily
11406,3758,2025-03-18,Oxygen Therapy,Amoxicillin,25mg daily
11407,3758,2026-02-15,Oxygen Therapy,Amoxicillin,25mg daily
11408,3759,2025-05-30,Oxygen Therapy,Amoxicillin,50mg daily
11409,3759,2025-11-02,Oxygen Therapy,Amoxicillin,10mg daily
11410,3760,2025-12-23,Oxygen Therapy,Amoxicillin,25mg daily
11411,3760,2026-02-13,Oxygen Therapy,Amoxicillin,10mg daily
11412,3760,2025-11-12,Oxygen Therapy,Amoxicillin,25mg daily
11413,3760,2025-04-12,Oxygen Therapy,Amoxicillin,100mg daily
11414,3761,2025-09-06,Oxygen Therapy,Amoxicillin,50mg daily
11415,3762,2025-03-11,Oxygen Therapy,Amoxicillin,10mg daily
11416,3762,2026-02-06,Oxygen Therapy,Amoxicillin,50mg daily
11417,3763,2025-03-27,Oxygen Therapy,Amoxicillin,50mg daily
11418,3764,2025-04-11,Blood Pressure Monitoring,Metoprolol,10mg daily
11419,3764,2025-12-07,Blood Pressure Monitoring,Metoprolol,50mg daily
11420,3764,2025-08-23,Blood Pressure Monitoring,Metoprolol,25mg daily
11421,3764,2025-12-26,Blood Pressure Monitoring,Metoprolol,50mg daily
11422,3765,2025-11-05,Blood Pressure Monitoring,Metoprolol,100mg daily
11423,3765,2026-01-05,Blood Pressure Monitoring,Metoprolol,10mg daily
11424,3766,2025-07-17,Blood Pressure Monitoring,Metoprolol,50mg daily
11425,3766,2026-03-07,Blood Pressure Monitoring,Metoprolol,50mg daily
11426,3766,2025-12-25,Blood Pressure Monitoring,Metoprolol,25mg daily
11427,3767,2025-05-24,ECG Monitoring,Aspirin,25mg daily
11428,3767,2026-03-02,ECG Monitoring,Aspirin,10mg daily
11429,3768,2026-01-08,IV Fluid Therapy,Atorvastatin,25mg daily
11430,3768,2025-08-28,IV Fluid Therapy,Atorvastatin,25mg daily
11431,3769,2025-08-27,IV Fluid Therapy,Atorvastatin,100mg daily
11432,3769,2025-09-07,IV Fluid Therapy,Atorvastatin,50mg daily
11433,3770,2025-07-21,Oxygen Therapy,Amoxicillin,25mg daily
11434,3771,2025-10-23,Oxygen Therapy,Amoxicillin,25mg daily
11435,3771,2025-05-22,Oxygen Therapy,Amoxicillin,25mg daily
11436,3771,2025-09-26,Oxygen Therapy,Amoxicillin,100mg daily
11437,3772,2026-02-06,ECG Monitoring,Aspirin,25mg daily
11438,3772,2025-11-24,ECG Monitoring,Aspirin,100mg daily
11439,3772,2025-08-02,ECG Monitoring,Aspirin,100mg daily
11440,3772,2026-02-19,ECG Monitoring,Aspirin,50mg daily
11441,3773,2025-10-12,Blood Pressure Monitoring,Metoprolol,25mg daily
11442,3773,2025-06-29,Blood Pressure Monitoring,Metoprolol,10mg daily
11443,3773,2025-04-03,Blood Pressure Monitoring,Metoprolol,100mg daily
11444,3774,2026-01-14,Nebulization,Salbutamol,25mg daily
11445,3775,2026-02-08,Nebulization,Salbutamol,100mg daily
11446,3775,2025-08-17,Nebulization,Salbutamol,25mg daily
11447,3776,2025-08-27,Nebulization,Salbutamol,100mg daily
11448,3776,2025-06-30,Nebulization,Salbutamol,25mg daily
11449,3776,2025-10-19,Nebulization,Salbutamol,50mg daily
11450,3776,2025-08-09,Nebulization,Salbutamol,100mg daily
11451,3777,2025-09-18,ECG Monitoring,Aspirin,50mg daily
11452,3777,2025-10-02,ECG Monitoring,Aspirin,100mg daily
11453,3778,2025-08-02,Blood Pressure Monitoring,Metoprolol,25mg daily
11454,3778,2025-10-31,Blood Pressure Monitoring,Metoprolol,50mg daily
11455,3778,2025-06-19,Blood Pressure Monitoring,Metoprolol,100mg daily
11456,3778,2025-11-27,Blood Pressure Monitoring,Metoprolol,100mg daily
11457,3779,2025-05-24,Nebulization,Salbutamol,50mg daily
11458,3779,2025-07-19,Nebulization,Salbutamol,50mg daily
11459,3779,2026-01-12,Nebulization,Salbutamol,25mg daily
11460,3779,2025-05-17,Nebulization,Salbutamol,25mg daily
11461,3780,2025-12-01,Oxygen Therapy,Amoxicillin,10mg daily
11462,3780,2025-03-25,Oxygen Therapy,Amoxicillin,100mg daily
11463,3780,2025-06-23,Oxygen Therapy,Amoxicillin,50mg daily
11464,3781,2025-09-02,Oxygen Therapy,Amoxicillin,100mg daily
11465,3781,2026-02-01,Oxygen Therapy,Amoxicillin,50mg daily
11466,3782,2025-10-16,Oxygen Therapy,Amoxicillin,100mg daily
11467,3782,2025-08-12,Oxygen Therapy,Amoxicillin,10mg daily
11468,3782,2025-10-30,Oxygen Therapy,Amoxicillin,50mg daily
11469,3783,2025-12-16,Oxygen Therapy,Amoxicillin,50mg daily
11470,3783,2026-02-03,Oxygen Therapy,Amoxicillin,50mg daily
11471,3783,2025-12-04,Oxygen Therapy,Amoxicillin,25mg daily
11472,3783,2025-09-05,Oxygen Therapy,Amoxicillin,10mg daily
11473,3784,2025-10-06,ECG Monitoring,Aspirin,25mg daily
11474,3784,2025-09-25,ECG Monitoring,Aspirin,50mg daily
11475,3784,2025-05-06,ECG Monitoring,Aspirin,10mg daily
11476,3785,2026-01-31,Blood Pressure Monitoring,Metoprolol,25mg daily
11477,3786,2025-05-27,ECG Monitoring,Aspirin,50mg daily
11478,3786,2026-01-26,ECG Monitoring,Aspirin,50mg daily
11479,3786,2025-11-19,ECG Monitoring,Aspirin,25mg daily
11480,3787,2025-12-14,Oxygen Therapy,Amoxicillin,10mg daily
11481,3787,2025-07-20,Oxygen Therapy,Amoxicillin,100mg daily
11482,3788,2025-06-10,Oxygen Therapy,Amoxicillin,100mg daily
11483,3789,2026-01-13,Nebulization,Salbutamol,25mg daily
11484,3789,2026-02-01,Nebulization,Salbutamol,25mg daily
11485,3789,2025-09-21,Nebulization,Salbutamol,50mg daily
11486,3790,2025-10-21,Oxygen Therapy,Amoxicillin,50mg daily
11487,3790,2025-08-17,Oxygen Therapy,Amoxicillin,50mg daily
11488,3790,2025-04-19,Oxygen Therapy,Amoxicillin,50mg daily
11489,3791,2026-01-12,Oxygen Therapy,Amoxicillin,10mg daily
11490,3791,2025-05-30,Oxygen Therapy,Amoxicillin,25mg daily
11491,3792,2025-05-24,Nebulization,Salbutamol,25mg daily
11492,3792,2025-11-07,Nebulization,Salbutamol,25mg daily
11493,3793,2025-08-04,Nebulization,Salbutamol,100mg daily
11494,3793,2025-08-02,Nebulization,Salbutamol,50mg daily
11495,3793,2026-01-04,Nebulization,Salbutamol,25mg daily
11496,3794,2025-08-09,Nebulization,Salbutamol,50mg daily
11497,3795,2025-08-13,ECG Monitoring,Aspirin,100mg daily
11498,3795,2025-06-09,ECG Monitoring,Aspirin,50mg daily
11499,3795,2025-10-21,ECG Monitoring,Aspirin,25mg daily
11500,3796,2025-05-17,ECG Monitoring,Aspirin,50mg daily
11501,3796,2026-01-27,ECG Monitoring,Aspirin,100mg daily
11502,3796,2025-05-18,ECG Monitoring,Aspirin,50mg daily
11503,3797,2025-12-21,ECG Monitoring,Aspirin,10mg daily
11504,3798,2026-02-24,ECG Monitoring,Aspirin,25mg daily
11505,3798,2025-06-12,ECG Monitoring,Aspirin,100mg daily
11506,3798,2025-05-21,ECG Monitoring,Aspirin,25mg daily
11507,3799,2025-07-02,Oxygen Therapy,Amoxicillin,100mg daily
11508,3800,2025-07-21,Oxygen Therapy,Amoxicillin,50mg daily
11509,3800,2026-02-24,Oxygen Therapy,Amoxicillin,10mg daily
11510,3800,2025-11-24,Oxygen Therapy,Amoxicillin,25mg daily
11511,3800,2025-11-09,Oxygen Therapy,Amoxicillin,50mg daily
11512,3801,2026-02-27,ECG Monitoring,Aspirin,100mg daily
11513,3801,2025-04-12,ECG Monitoring,Aspirin,100mg daily
11514,3801,2026-02-28,ECG Monitoring,Aspirin,10mg daily
11515,3802,2025-09-03,ECG Monitoring,Aspirin,100mg daily
11516,3802,2026-01-08,ECG Monitoring,Aspirin,10mg daily
11517,3802,2025-06-18,ECG Monitoring,Aspirin,100mg daily
11518,3803,2025-08-07,Nebulization,Salbutamol,25mg daily
11519,3803,2025-07-08,Nebulization,Salbutamol,100mg daily
11520,3803,2025-09-14,Nebulization,Salbutamol,10mg daily
11521,3804,2025-04-20,Nebulization,Salbutamol,10mg daily
11522,3804,2025-08-11,Nebulization,Salbutamol,10mg daily
11523,3804,2025-06-24,Nebulization,Salbutamol,50mg daily
11524,3804,2025-10-22,Nebulization,Salbutamol,10mg daily
11525,3805,2025-11-25,ECG Monitoring,Aspirin,10mg daily
11526,3805,2025-07-05,ECG Monitoring,Aspirin,100mg daily
11527,3806,2025-09-30,ECG Monitoring,Aspirin,50mg daily
11528,3806,2025-10-08,ECG Monitoring,Aspirin,10mg daily
11529,3807,2025-07-08,Oxygen Therapy,Amoxicillin,25mg daily
11530,3807,2025-08-01,Oxygen Therapy,Amoxicillin,100mg daily
11531,3807,2026-01-20,Oxygen Therapy,Amoxicillin,100mg daily
11532,3807,2025-05-09,Oxygen Therapy,Amoxicillin,25mg daily
11533,3808,2025-12-04,Oxygen Therapy,Amoxicillin,10mg daily
11534,3808,2026-02-10,Oxygen Therapy,Amoxicillin,100mg daily
11535,3809,2025-05-01,Oxygen Therapy,Amoxicillin,25mg daily
11536,3810,2025-07-01,Nebulization,Salbutamol,25mg daily
11537,3811,2025-11-29,Oxygen Therapy,Amoxicillin,50mg daily
11538,3811,2025-10-14,Oxygen Therapy,Amoxicillin,50mg daily
11539,3811,2025-12-23,Oxygen Therapy,Amoxicillin,10mg daily
11540,3812,2026-02-17,Oxygen Therapy,Amoxicillin,100mg daily
11541,3812,2025-09-21,Oxygen Therapy,Amoxicillin,10mg daily
11542,3812,2026-03-10,Oxygen Therapy,Amoxicillin,25mg daily
11543,3813,2025-04-17,Oxygen Therapy,Amoxicillin,25mg daily
11544,3813,2025-11-10,Oxygen Therapy,Amoxicillin,10mg daily
11545,3813,2025-11-28,Oxygen Therapy,Amoxicillin,100mg daily
11546,3813,2025-12-20,Oxygen Therapy,Amoxicillin,10mg daily
11547,3814,2025-10-05,Nebulization,Salbutamol,100mg daily
11548,3815,2025-04-18,Oxygen Therapy,Amoxicillin,25mg daily
11549,3815,2025-12-10,Oxygen Therapy,Amoxicillin,100mg daily
11550,3815,2025-08-20,Oxygen Therapy,Amoxicillin,10mg daily
11551,3816,2025-10-01,Oxygen Therapy,Amoxicillin,10mg daily
11552,3816,2026-02-06,Oxygen Therapy,Amoxicillin,50mg daily
11553,3816,2025-03-24,Oxygen Therapy,Amoxicillin,10mg daily
11554,3816,2025-03-25,Oxygen Therapy,Amoxicillin,100mg daily
11555,3817,2025-08-05,IV Fluid Therapy,Atorvastatin,25mg daily
11556,3817,2025-04-26,IV Fluid Therapy,Atorvastatin,50mg daily
11557,3817,2025-03-22,IV Fluid Therapy,Atorvastatin,25mg daily
11558,3818,2025-06-12,Oxygen Therapy,Amoxicillin,25mg daily
11559,3818,2025-10-08,Oxygen Therapy,Amoxicillin,100mg daily
11560,3818,2026-01-28,Oxygen Therapy,Amoxicillin,10mg daily
11561,3819,2025-05-24,Oxygen Therapy,Amoxicillin,100mg daily
11562,3819,2026-01-12,Oxygen Therapy,Amoxicillin,10mg daily
11563,3819,2025-05-10,Oxygen Therapy,Amoxicillin,25mg daily
11564,3820,2025-10-08,Oxygen Therapy,Amoxicillin,10mg daily
11565,3820,2026-03-05,Oxygen Therapy,Amoxicillin,10mg daily
11566,3820,2025-10-13,Oxygen Therapy,Amoxicillin,100mg daily
11567,3820,2025-05-08,Oxygen Therapy,Amoxicillin,50mg daily
11568,3821,2025-07-25,Oxygen Therapy,Amoxicillin,10mg daily
11569,3821,2026-01-19,Oxygen Therapy,Amoxicillin,100mg daily
11570,3821,2025-07-27,Oxygen Therapy,Amoxicillin,25mg daily
11571,3821,2025-10-17,Oxygen Therapy,Amoxicillin,50mg daily
11572,3822,2025-07-01,ECG Monitoring,Aspirin,50mg daily
11573,3823,2025-05-15,ECG Monitoring,Aspirin,10mg daily
11574,3823,2025-08-25,ECG Monitoring,Aspirin,25mg daily
11575,3824,2025-04-27,Blood Pressure Monitoring,Metoprolol,25mg daily
11576,3824,2025-03-27,Blood Pressure Monitoring,Metoprolol,10mg daily
11577,3825,2025-08-26,Blood Pressure Monitoring,Metoprolol,10mg daily
11578,3825,2026-01-29,Blood Pressure Monitoring,Metoprolol,100mg daily
11579,3825,2025-11-15,Blood Pressure Monitoring,Metoprolol,50mg daily
11580,3825,2025-10-22,Blood Pressure Monitoring,Metoprolol,50mg daily
11581,3826,2025-11-08,Blood Pressure Monitoring,Metoprolol,100mg daily
11582,3826,2025-10-27,Blood Pressure Monitoring,Metoprolol,100mg daily
11583,3826,2025-05-14,Blood Pressure Monitoring,Metoprolol,25mg daily
11584,3827,2025-07-27,Oxygen Therapy,Amoxicillin,25mg daily
11585,3827,2025-04-12,Oxygen Therapy,Amoxicillin,25mg daily
11586,3828,2025-09-27,IV Fluid Therapy,Atorvastatin,10mg daily
11587,3828,2025-09-12,IV Fluid Therapy,Atorvastatin,25mg daily
11588,3828,2025-05-29,IV Fluid Therapy,Atorvastatin,10mg daily
11589,3829,2025-07-10,ECG Monitoring,Aspirin,25mg daily
11590,3829,2025-09-26,ECG Monitoring,Aspirin,25mg daily
11591,3830,2025-06-23,Oxygen Therapy,Amoxicillin,10mg daily
11592,3831,2025-10-28,Oxygen Therapy,Amoxicillin,50mg daily
11593,3831,2025-08-24,Oxygen Therapy,Amoxicillin,50mg daily
11594,3831,2025-08-03,Oxygen Therapy,Amoxicillin,25mg daily
11595,3832,2025-12-23,ECG Monitoring,Aspirin,100mg daily
11596,3832,2025-08-07,ECG Monitoring,Aspirin,25mg daily
11597,3832,2026-01-30,ECG Monitoring,Aspirin,50mg daily
11598,3833,2025-12-14,ECG Monitoring,Aspirin,100mg daily
11599,3833,2025-11-07,ECG Monitoring,Aspirin,25mg daily
11600,3833,2026-01-10,ECG Monitoring,Aspirin,50mg daily
11601,3834,2026-03-01,ECG Monitoring,Aspirin,25mg daily
11602,3835,2025-05-30,Oxygen Therapy,Amoxicillin,10mg daily
11603,3835,2025-07-14,Oxygen Therapy,Amoxicillin,25mg daily
11604,3835,2025-04-12,Oxygen Therapy,Amoxicillin,10mg daily
11605,3835,2025-08-30,Oxygen Therapy,Amoxicillin,50mg daily
11606,3836,2026-02-10,Oxygen Therapy,Amoxicillin,25mg daily
11607,3837,2025-08-28,Oxygen Therapy,Amoxicillin,10mg daily
11608,3837,2025-07-10,Oxygen Therapy,Amoxicillin,100mg daily
11609,3837,2026-02-16,Oxygen Therapy,Amoxicillin,10mg daily
11610,3837,2025-06-20,Oxygen Therapy,Amoxicillin,50mg daily
11611,3838,2026-02-10,Oxygen Therapy,Amoxicillin,50mg daily
11612,3838,2025-06-25,Oxygen Therapy,Amoxicillin,25mg daily
11613,3839,2025-12-16,Oxygen Therapy,Amoxicillin,10mg daily
11614,3839,2026-01-27,Oxygen Therapy,Amoxicillin,100mg daily
11615,3839,2025-08-10,Oxygen Therapy,Amoxicillin,25mg daily
11616,3839,2025-04-30,Oxygen Therapy,Amoxicillin,50mg daily
11617,3840,2026-01-04,Blood Pressure Monitoring,Metoprolol,25mg daily
11618,3840,2026-03-07,Blood Pressure Monitoring,Metoprolol,50mg daily
11619,3840,2026-02-27,Blood Pressure Monitoring,Metoprolol,100mg daily
11620,3841,2025-04-27,ECG Monitoring,Aspirin,10mg daily
11621,3842,2025-10-23,Oxygen Therapy,Amoxicillin,100mg daily
11622,3843,2025-05-28,Oxygen Therapy,Amoxicillin,100mg daily
11623,3843,2025-04-18,Oxygen Therapy,Amoxicillin,25mg daily
11624,3843,2025-04-28,Oxygen Therapy,Amoxicillin,25mg daily
11625,3844,2026-03-01,Blood Pressure Monitoring,Metoprolol,25mg daily
11626,3844,2025-11-10,Blood Pressure Monitoring,Metoprolol,50mg daily
11627,3844,2025-11-05,Blood Pressure Monitoring,Metoprolol,10mg daily
11628,3845,2026-01-01,Blood Pressure Monitoring,Metoprolol,100mg daily
11629,3846,2026-01-23,Blood Pressure Monitoring,Metoprolol,100mg daily
11630,3847,2025-08-12,ECG Monitoring,Aspirin,100mg daily
11631,3848,2025-07-13,Blood Pressure Monitoring,Metoprolol,25mg daily
11632,3848,2025-10-01,Blood Pressure Monitoring,Metoprolol,10mg daily
11633,3849,2025-09-08,ECG Monitoring,Aspirin,100mg daily
11634,3849,2025-09-29,ECG Monitoring,Aspirin,25mg daily
11635,3849,2026-02-11,ECG Monitoring,Aspirin,50mg daily
11636,3849,2025-03-31,ECG Monitoring,Aspirin,50mg daily
11637,3850,2025-09-05,ECG Monitoring,Aspirin,10mg daily
11638,3850,2025-08-01,ECG Monitoring,Aspirin,100mg daily
11639,3851,2025-11-29,Oxygen Therapy,Amoxicillin,25mg daily
11640,3851,2026-01-12,Oxygen Therapy,Amoxicillin,50mg daily
11641,3852,2025-07-10,Oxygen Therapy,Amoxicillin,50mg daily
11642,3853,2025-10-28,Oxygen Therapy,Amoxicillin,10mg daily
11643,3853,2025-06-08,Oxygen Therapy,Amoxicillin,10mg daily
11644,3854,2026-02-19,Oxygen Therapy,Amoxicillin,50mg daily
11645,3854,2025-09-07,Oxygen Therapy,Amoxicillin,10mg daily
11646,3855,2026-01-04,Oxygen Therapy,Amoxicillin,100mg daily
11647,3856,2025-04-30,Oxygen Therapy,Amoxicillin,50mg daily
11648,3856,2025-04-16,Oxygen Therapy,Amoxicillin,25mg daily
11649,3856,2026-01-07,Oxygen Therapy,Amoxicillin,10mg daily
11650,3856,2026-02-17,Oxygen Therapy,Amoxicillin,10mg daily
11651,3857,2025-06-14,Oxygen Therapy,Amoxicillin,100mg daily
11652,3857,2025-07-28,Oxygen Therapy,Amoxicillin,10mg daily
11653,3858,2025-04-02,Oxygen Therapy,Amoxicillin,10mg daily
11654,3859,2025-12-01,Oxygen Therapy,Amoxicillin,50mg daily
11655,3860,2025-12-31,Oxygen Therapy,Amoxicillin,50mg daily
11656,3861,2026-02-22,Oxygen Therapy,Amoxicillin,25mg daily
11657,3861,2025-10-29,Oxygen Therapy,Amoxicillin,10mg daily
11658,3861,2025-03-23,Oxygen Therapy,Amoxicillin,10mg daily
11659,3861,2025-11-16,Oxygen Therapy,Amoxicillin,10mg daily
11660,3862,2025-11-30,Oxygen Therapy,Amoxicillin,10mg daily
11661,3862,2025-10-08,Oxygen Therapy,Amoxicillin,50mg daily
11662,3862,2025-08-06,Oxygen Therapy,Amoxicillin,100mg daily
11663,3862,2025-06-29,Oxygen Therapy,Amoxicillin,100mg daily
11664,3863,2025-09-16,Oxygen Therapy,Amoxicillin,100mg daily
11665,3864,2025-11-17,Nebulization,Salbutamol,10mg daily
11666,3865,2026-01-02,ECG Monitoring,Aspirin,50mg daily
11667,3865,2025-05-20,ECG Monitoring,Aspirin,10mg daily
11668,3866,2025-05-10,Blood Pressure Monitoring,Metoprolol,100mg daily
11669,3867,2025-05-12,Blood Pressure Monitoring,Metoprolol,50mg daily
11670,3867,2025-12-08,Blood Pressure Monitoring,Metoprolol,100mg daily
11671,3867,2025-11-18,Blood Pressure Monitoring,Metoprolol,25mg daily
11672,3868,2025-09-13,Blood Pressure Monitoring,Metoprolol,100mg daily
11673,3868,2026-03-09,Blood Pressure Monitoring,Metoprolol,25mg daily
11674,3869,2025-12-08,ECG Monitoring,Aspirin,50mg daily
11675,3869,2025-05-10,ECG Monitoring,Aspirin,25mg daily
11676,3869,2025-05-19,ECG Monitoring,Aspirin,100mg daily
11677,3870,2026-01-18,Blood Pressure Monitoring,Metoprolol,50mg daily
11678,3870,2025-09-10,Blood Pressure Monitoring,Metoprolol,100mg daily
11679,3870,2025-03-30,Blood Pressure Monitoring,Metoprolol,100mg daily
11680,3871,2026-03-08,Blood Pressure Monitoring,Metoprolol,10mg daily
11681,3871,2026-02-28,Blood Pressure Monitoring,Metoprolol,100mg daily
11682,3872,2025-03-28,Blood Pressure Monitoring,Metoprolol,10mg daily
11683,3872,2026-01-13,Blood Pressure Monitoring,Metoprolol,10mg daily
11684,3873,2025-11-30,Oxygen Therapy,Amoxicillin,100mg daily
11685,3873,2025-07-15,Oxygen Therapy,Amoxicillin,50mg daily
11686,3874,2025-06-20,Blood Pressure Monitoring,Metoprolol,25mg daily
11687,3874,2025-03-19,Blood Pressure Monitoring,Metoprolol,10mg daily
11688,3874,2025-09-25,Blood Pressure Monitoring,Metoprolol,50mg daily
11689,3875,2025-04-09,Oxygen Therapy,Amoxicillin,25mg daily
11690,3876,2025-09-21,Oxygen Therapy,Amoxicillin,10mg daily
11691,3876,2025-12-07,Oxygen Therapy,Amoxicillin,10mg daily
11692,3877,2026-03-04,ECG Monitoring,Aspirin,25mg daily
11693,3878,2025-06-01,ECG Monitoring,Aspirin,10mg daily
11694,3878,2025-08-26,ECG Monitoring,Aspirin,100mg daily
11695,3878,2025-12-07,ECG Monitoring,Aspirin,100mg daily
11696,3879,2025-10-01,Blood Pressure Monitoring,Metoprolol,100mg daily
11697,3879,2025-08-02,Blood Pressure Monitoring,Metoprolol,100mg daily
11698,3880,2025-04-14,Blood Pressure Monitoring,Metoprolol,100mg daily
11699,3880,2025-04-01,Blood Pressure Monitoring,Metoprolol,10mg daily
11700,3880,2025-06-04,Blood Pressure Monitoring,Metoprolol,50mg daily
11701,3880,2025-07-06,Blood Pressure Monitoring,Metoprolol,25mg daily
11702,3881,2025-07-02,Blood Pressure Monitoring,Metoprolol,10mg daily
11703,3881,2025-06-01,Blood Pressure Monitoring,Metoprolol,50mg daily
11704,3881,2025-12-29,Blood Pressure Monitoring,Metoprolol,50mg daily
11705,3881,2025-07-12,Blood Pressure Monitoring,Metoprolol,25mg daily
11706,3882,2026-03-08,Blood Pressure Monitoring,Metoprolol,100mg daily
11707,3882,2025-05-20,Blood Pressure Monitoring,Metoprolol,10mg daily
11708,3883,2025-06-21,Blood Pressure Monitoring,Metoprolol,25mg daily
11709,3883,2025-10-08,Blood Pressure Monitoring,Metoprolol,10mg daily
11710,3884,2026-01-26,Blood Pressure Monitoring,Metoprolol,25mg daily
11711,3884,2025-06-09,Blood Pressure Monitoring,Metoprolol,10mg daily
11712,3885,2025-08-20,IV Fluid Therapy,Atorvastatin,25mg daily
11713,3885,2026-03-08,IV Fluid Therapy,Atorvastatin,25mg daily
11714,3885,2026-02-06,IV Fluid Therapy,Atorvastatin,10mg daily
11715,3885,2025-03-28,IV Fluid Therapy,Atorvastatin,10mg daily
11716,3886,2025-12-17,ECG Monitoring,Aspirin,25mg daily
11717,3887,2026-03-09,ECG Monitoring,Aspirin,100mg daily
11718,3887,2026-02-12,ECG Monitoring,Aspirin,25mg daily
11719,3887,2026-02-21,ECG Monitoring,Aspirin,100mg daily
11720,3887,2026-01-31,ECG Monitoring,Aspirin,25mg daily
11721,3888,2025-07-30,Oxygen Therapy,Amoxicillin,10mg daily
11722,3888,2025-12-12,Oxygen Therapy,Amoxicillin,100mg daily
11723,3888,2025-09-01,Oxygen Therapy,Amoxicillin,100mg daily
11724,3888,2025-09-10,Oxygen Therapy,Amoxicillin,50mg daily
11725,3889,2026-01-23,Oxygen Therapy,Amoxicillin,10mg daily
11726,3889,2025-06-03,Oxygen Therapy,Amoxicillin,100mg daily
11727,3890,2025-09-28,Oxygen Therapy,Amoxicillin,10mg daily
11728,3890,2025-05-28,Oxygen Therapy,Amoxicillin,50mg daily
11729,3890,2025-11-26,Oxygen Therapy,Amoxicillin,25mg daily
11730,3890,2025-08-07,Oxygen Therapy,Amoxicillin,50mg daily
11731,3891,2025-09-24,Blood Pressure Monitoring,Metoprolol,10mg daily
11732,3891,2025-06-07,Blood Pressure Monitoring,Metoprolol,50mg daily
11733,3891,2026-02-20,Blood Pressure Monitoring,Metoprolol,50mg daily
11734,3891,2025-12-19,Blood Pressure Monitoring,Metoprolol,100mg daily
11735,3892,2025-11-02,Oxygen Therapy,Amoxicillin,50mg daily
11736,3892,2025-06-03,Oxygen Therapy,Amoxicillin,100mg daily
11737,3892,2025-07-25,Oxygen Therapy,Amoxicillin,100mg daily
11738,3892,2025-06-09,Oxygen Therapy,Amoxicillin,10mg daily
11739,3893,2025-12-16,Oxygen Therapy,Amoxicillin,100mg daily
11740,3894,2025-09-12,Oxygen Therapy,Amoxicillin,10mg daily
11741,3895,2026-03-09,Oxygen Therapy,Amoxicillin,100mg daily
11742,3895,2025-07-20,Oxygen Therapy,Amoxicillin,50mg daily
11743,3895,2026-03-08,Oxygen Therapy,Amoxicillin,100mg daily
11744,3896,2025-08-23,Blood Pressure Monitoring,Metoprolol,50mg daily
11745,3897,2025-04-26,Blood Pressure Monitoring,Metoprolol,10mg daily
11746,3897,2025-05-02,Blood Pressure Monitoring,Metoprolol,100mg daily
11747,3897,2025-03-16,Blood Pressure Monitoring,Metoprolol,10mg daily
11748,3897,2026-01-02,Blood Pressure Monitoring,Metoprolol,25mg daily
11749,3898,2025-08-22,Blood Pressure Monitoring,Metoprolol,50mg daily
11750,3899,2025-08-04,Blood Pressure Monitoring,Metoprolol,25mg daily
11751,3899,2025-03-30,Blood Pressure Monitoring,Metoprolol,100mg daily
11752,3899,2026-01-13,Blood Pressure Monitoring,Metoprolol,25mg daily
11753,3899,2026-01-31,Blood Pressure Monitoring,Metoprolol,25mg daily
11754,3900,2025-11-08,Blood Pressure Monitoring,Metoprolol,10mg daily
11755,3900,2025-03-16,Blood Pressure Monitoring,Metoprolol,10mg daily
11756,3901,2025-08-08,Blood Pressure Monitoring,Metoprolol,10mg daily
11757,3901,2025-06-26,Blood Pressure Monitoring,Metoprolol,50mg daily
11758,3901,2026-01-10,Blood Pressure Monitoring,Metoprolol,25mg daily
11759,3901,2025-11-10,Blood Pressure Monitoring,Metoprolol,10mg daily
11760,3902,2026-01-20,IV Fluid Therapy,Atorvastatin,50mg daily
11761,3903,2025-05-24,Blood Pressure Monitoring,Metoprolol,100mg daily
11762,3903,2025-12-13,Blood Pressure Monitoring,Metoprolol,100mg daily
11763,3904,2025-06-11,Blood Pressure Monitoring,Metoprolol,100mg daily
11764,3904,2026-02-17,Blood Pressure Monitoring,Metoprolol,10mg daily
11765,3905,2025-05-30,Oxygen Therapy,Amoxicillin,10mg daily
11766,3906,2025-08-23,Blood Pressure Monitoring,Metoprolol,10mg daily
11767,3906,2025-09-23,Blood Pressure Monitoring,Metoprolol,25mg daily
11768,3907,2025-08-27,Blood Pressure Monitoring,Metoprolol,50mg daily
11769,3907,2025-05-28,Blood Pressure Monitoring,Metoprolol,100mg daily
11770,3907,2025-06-29,Blood Pressure Monitoring,Metoprolol,10mg daily
11771,3908,2025-09-15,Blood Pressure Monitoring,Metoprolol,50mg daily
11772,3909,2025-03-14,Nebulization,Salbutamol,50mg daily
11773,3910,2025-08-07,Nebulization,Salbutamol,10mg daily
11774,3910,2026-01-11,Nebulization,Salbutamol,25mg daily
11775,3910,2025-04-14,Nebulization,Salbutamol,50mg daily
11776,3910,2025-11-12,Nebulization,Salbutamol,10mg daily
11777,3911,2025-08-30,Oxygen Therapy,Amoxicillin,50mg daily
11778,3911,2025-09-29,Oxygen Therapy,Amoxicillin,25mg daily
11779,3911,2025-04-04,Oxygen Therapy,Amoxicillin,25mg daily
11780,3911,2026-01-25,Oxygen Therapy,Amoxicillin,10mg daily
11781,3912,2026-02-18,Oxygen Therapy,Amoxicillin,100mg daily
11782,3912,2025-07-26,Oxygen Therapy,Amoxicillin,50mg daily
11783,3913,2025-06-07,Nebulization,Salbutamol,10mg daily
11784,3914,2025-04-09,Nebulization,Salbutamol,10mg daily
11785,3914,2025-12-13,Nebulization,Salbutamol,10mg daily
11786,3914,2025-11-09,Nebulization,Salbutamol,50mg daily
11787,3914,2025-08-17,Nebulization,Salbutamol,100mg daily
11788,3915,2025-04-11,Blood Pressure Monitoring,Metoprolol,25mg daily
11789,3916,2025-05-31,ECG Monitoring,Aspirin,10mg daily
11790,3916,2025-11-09,ECG Monitoring,Aspirin,10mg daily
11791,3916,2025-09-12,ECG Monitoring,Aspirin,25mg daily
11792,3916,2025-07-28,ECG Monitoring,Aspirin,25mg daily
11793,3917,2025-12-07,ECG Monitoring,Aspirin,100mg daily
11794,3917,2025-08-21,ECG Monitoring,Aspirin,100mg daily
11795,3917,2026-01-14,ECG Monitoring,Aspirin,10mg daily
11796,3917,2025-04-01,ECG Monitoring,Aspirin,10mg daily
11797,3918,2026-01-20,ECG Monitoring,Aspirin,25mg daily
11798,3918,2026-01-16,ECG Monitoring,Aspirin,50mg daily
11799,3919,2026-02-27,ECG Monitoring,Aspirin,25mg daily
11800,3920,2026-03-07,Oxygen Therapy,Amoxicillin,25mg daily
11801,3920,2026-01-06,Oxygen Therapy,Amoxicillin,100mg daily
11802,3921,2025-04-07,Oxygen Therapy,Amoxicillin,50mg daily
11803,3921,2026-01-17,Oxygen Therapy,Amoxicillin,100mg daily
11804,3921,2026-01-08,Oxygen Therapy,Amoxicillin,25mg daily
11805,3921,2025-12-28,Oxygen Therapy,Amoxicillin,10mg daily
11806,3922,2025-03-28,Oxygen Therapy,Amoxicillin,100mg daily
11807,3923,2025-08-10,Oxygen Therapy,Amoxicillin,25mg daily
11808,3923,2025-04-11,Oxygen Therapy,Amoxicillin,100mg daily
11809,3924,2026-03-10,Oxygen Therapy,Amoxicillin,10mg daily
11810,3924,2026-03-11,Oxygen Therapy,Amoxicillin,100mg daily
11811,3924,2025-11-04,Oxygen Therapy,Amoxicillin,10mg daily
11812,3924,2025-12-03,Oxygen Therapy,Amoxicillin,10mg daily
11813,3925,2025-05-15,Oxygen Therapy,Amoxicillin,50mg daily
11814,3925,2025-11-07,Oxygen Therapy,Amoxicillin,10mg daily
11815,3925,2025-04-03,Oxygen Therapy,Amoxicillin,25mg daily
11816,3926,2025-04-06,Oxygen Therapy,Amoxicillin,10mg daily
11817,3926,2025-07-28,Oxygen Therapy,Amoxicillin,10mg daily
11818,3927,2025-03-23,Oxygen Therapy,Amoxicillin,100mg daily
11819,3927,2025-08-17,Oxygen Therapy,Amoxicillin,100mg daily
11820,3927,2025-09-15,Oxygen Therapy,Amoxicillin,10mg daily
11821,3928,2025-09-10,Oxygen Therapy,Amoxicillin,100mg daily
11822,3928,2025-08-04,Oxygen Therapy,Amoxicillin,50mg daily
11823,3929,2025-08-22,Oxygen Therapy,Amoxicillin,50mg daily
11824,3930,2025-08-01,Oxygen Therapy,Amoxicillin,25mg daily
11825,3930,2025-08-10,Oxygen Therapy,Amoxicillin,50mg daily
11826,3930,2026-01-24,Oxygen Therapy,Amoxicillin,10mg daily
11827,3931,2025-08-12,Nebulization,Salbutamol,100mg daily
11828,3931,2025-11-10,Nebulization,Salbutamol,100mg daily
11829,3932,2026-02-02,ECG Monitoring,Aspirin,50mg daily
11830,3932,2025-04-14,ECG Monitoring,Aspirin,100mg daily
11831,3933,2025-12-15,ECG Monitoring,Aspirin,50mg daily
11832,3934,2025-09-20,Oxygen Therapy,Amoxicillin,100mg daily
11833,3934,2026-03-08,Oxygen Therapy,Amoxicillin,50mg daily
11834,3934,2025-09-15,Oxygen Therapy,Amoxicillin,25mg daily
11835,3935,2025-09-22,Oxygen Therapy,Amoxicillin,100mg daily
11836,3935,2026-02-09,Oxygen Therapy,Amoxicillin,50mg daily
11837,3935,2026-02-12,Oxygen Therapy,Amoxicillin,10mg daily
11838,3936,2025-08-11,Nebulization,Salbutamol,25mg daily
11839,3936,2025-07-30,Nebulization,Salbutamol,25mg daily
11840,3936,2025-06-20,Nebulization,Salbutamol,100mg daily
11841,3936,2025-03-11,Nebulization,Salbutamol,10mg daily
11842,3937,2025-05-21,Nebulization,Salbutamol,50mg daily
11843,3938,2025-03-19,Nebulization,Salbutamol,25mg daily
11844,3938,2026-02-11,Nebulization,Salbutamol,10mg daily
11845,3938,2025-09-27,Nebulization,Salbutamol,10mg daily
11846,3938,2025-09-23,Nebulization,Salbutamol,100mg daily
11847,3939,2025-05-17,ECG Monitoring,Aspirin,10mg daily
11848,3939,2025-12-18,ECG Monitoring,Aspirin,100mg daily
11849,3939,2025-08-20,ECG Monitoring,Aspirin,10mg daily
11850,3939,2026-01-01,ECG Monitoring,Aspirin,50mg daily
11851,3940,2025-09-13,ECG Monitoring,Aspirin,100mg daily
11852,3941,2026-01-18,ECG Monitoring,Aspirin,100mg daily
11853,3941,2026-02-12,ECG Monitoring,Aspirin,100mg daily
11854,3941,2025-09-26,ECG Monitoring,Aspirin,100mg daily
11855,3942,2025-09-15,IV Fluid Therapy,Atorvastatin,100mg daily
11856,3942,2025-05-25,IV Fluid Therapy,Atorvastatin,50mg daily
11857,3943,2025-04-21,Oxygen Therapy,Amoxicillin,10mg daily
11858,3943,2025-05-26,Oxygen Therapy,Amoxicillin,100mg daily
11859,3943,2026-03-10,Oxygen Therapy,Amoxicillin,25mg daily
11860,3944,2025-11-27,Oxygen Therapy,Amoxicillin,100mg daily
11861,3944,2025-06-21,Oxygen Therapy,Amoxicillin,100mg daily
11862,3944,2025-09-21,Oxygen Therapy,Amoxicillin,50mg daily
11863,3944,2025-07-06,Oxygen Therapy,Amoxicillin,25mg daily
11864,3945,2025-07-08,Nebulization,Salbutamol,100mg daily
11865,3945,2025-06-27,Nebulization,Salbutamol,100mg daily
11866,3945,2025-03-23,Nebulization,Salbutamol,100mg daily
11867,3945,2025-12-23,Nebulization,Salbutamol,100mg daily
11868,3946,2026-02-12,Oxygen Therapy,Amoxicillin,25mg daily
11869,3946,2025-11-30,Oxygen Therapy,Amoxicillin,25mg daily
11870,3946,2025-04-25,Oxygen Therapy,Amoxicillin,25mg daily
11871,3946,2026-01-03,Oxygen Therapy,Amoxicillin,100mg daily
11872,3947,2025-11-26,Blood Pressure Monitoring,Metoprolol,50mg daily
11873,3948,2025-10-30,IV Fluid Therapy,Atorvastatin,25mg daily
11874,3948,2025-12-22,IV Fluid Therapy,Atorvastatin,50mg daily
11875,3948,2025-07-27,IV Fluid Therapy,Atorvastatin,100mg daily
11876,3949,2026-01-08,ECG Monitoring,Aspirin,25mg daily
11877,3950,2025-10-06,ECG Monitoring,Aspirin,100mg daily
11878,3950,2025-03-29,ECG Monitoring,Aspirin,25mg daily
11879,3951,2025-07-09,ECG Monitoring,Aspirin,50mg daily
11880,3952,2025-09-29,ECG Monitoring,Aspirin,25mg daily
11881,3952,2025-11-08,ECG Monitoring,Aspirin,100mg daily
11882,3952,2026-03-03,ECG Monitoring,Aspirin,50mg daily
11883,3953,2026-02-04,Nebulization,Salbutamol,25mg daily
11884,3953,2025-06-30,Nebulization,Salbutamol,25mg daily
11885,3953,2025-08-06,Nebulization,Salbutamol,50mg daily
11886,3954,2025-06-21,Nebulization,Salbutamol,25mg daily
11887,3954,2025-04-26,Nebulization,Salbutamol,50mg daily
11888,3954,2025-12-22,Nebulization,Salbutamol,100mg daily
11889,3955,2025-12-22,Nebulization,Salbutamol,100mg daily
11890,3955,2025-11-13,Nebulization,Salbutamol,10mg daily
11891,3955,2025-03-20,Nebulization,Salbutamol,50mg daily
11892,3955,2025-06-24,Nebulization,Salbutamol,25mg daily
11893,3956,2026-03-02,ECG Monitoring,Aspirin,50mg daily
11894,3956,2026-01-29,ECG Monitoring,Aspirin,100mg daily
11895,3956,2025-12-18,ECG Monitoring,Aspirin,10mg daily
11896,3957,2025-04-14,ECG Monitoring,Aspirin,50mg daily
11897,3958,2025-05-10,ECG Monitoring,Aspirin,10mg daily
11898,3959,2025-11-28,Nebulization,Salbutamol,100mg daily
11899,3959,2026-01-12,Nebulization,Salbutamol,50mg daily
11900,3960,2026-01-14,Oxygen Therapy,Amoxicillin,50mg daily
11901,3961,2025-12-01,ECG Monitoring,Aspirin,100mg daily
11902,3961,2025-10-13,ECG Monitoring,Aspirin,50mg daily
11903,3961,2025-12-30,ECG Monitoring,Aspirin,25mg daily
11904,3961,2026-02-24,ECG Monitoring,Aspirin,25mg daily
11905,3962,2025-06-22,ECG Monitoring,Aspirin,25mg daily
11906,3962,2025-03-23,ECG Monitoring,Aspirin,25mg daily
11907,3962,2025-09-11,ECG Monitoring,Aspirin,50mg daily
11908,3962,2025-11-18,ECG Monitoring,Aspirin,10mg daily
11909,3963,2025-06-25,ECG Monitoring,Aspirin,25mg daily
11910,3963,2025-06-19,ECG Monitoring,Aspirin,10mg daily
11911,3963,2025-08-31,ECG Monitoring,Aspirin,50mg daily
11912,3963,2025-10-11,ECG Monitoring,Aspirin,100mg daily
11913,3964,2025-12-17,Oxygen Therapy,Amoxicillin,50mg daily
11914,3964,2025-11-02,Oxygen Therapy,Amoxicillin,100mg daily
11915,3964,2025-03-14,Oxygen Therapy,Amoxicillin,100mg daily
11916,3964,2025-06-29,Oxygen Therapy,Amoxicillin,10mg daily
11917,3965,2025-09-28,Oxygen Therapy,Amoxicillin,25mg daily
11918,3965,2025-12-13,Oxygen Therapy,Amoxicillin,10mg daily
11919,3965,2025-04-15,Oxygen Therapy,Amoxicillin,10mg daily
11920,3966,2025-05-08,ECG Monitoring,Aspirin,25mg daily
11921,3966,2025-07-14,ECG Monitoring,Aspirin,100mg daily
11922,3966,2026-03-05,ECG Monitoring,Aspirin,10mg daily
11923,3967,2025-05-06,Blood Pressure Monitoring,Metoprolol,25mg daily
11924,3967,2025-09-16,Blood Pressure Monitoring,Metoprolol,25mg daily
11925,3968,2025-04-08,Blood Pressure Monitoring,Metoprolol,50mg daily
11926,3968,2025-11-17,Blood Pressure Monitoring,Metoprolol,100mg daily
11927,3969,2025-03-22,Blood Pressure Monitoring,Metoprolol,25mg daily
11928,3969,2025-09-16,Blood Pressure Monitoring,Metoprolol,100mg daily
11929,3969,2026-02-27,Blood Pressure Monitoring,Metoprolol,25mg daily
11930,3969,2025-03-30,Blood Pressure Monitoring,Metoprolol,25mg daily
11931,3970,2025-03-24,Blood Pressure Monitoring,Metoprolol,25mg daily
11932,3970,2025-04-22,Blood Pressure Monitoring,Metoprolol,50mg daily
11933,3970,2025-12-22,Blood Pressure Monitoring,Metoprolol,100mg daily
11934,3971,2025-12-23,Blood Pressure Monitoring,Metoprolol,25mg daily
11935,3972,2025-05-30,Blood Pressure Monitoring,Metoprolol,10mg daily
11936,3972,2025-04-16,Blood Pressure Monitoring,Metoprolol,25mg daily
11937,3972,2025-03-25,Blood Pressure Monitoring,Metoprolol,10mg daily
11938,3972,2025-10-25,Blood Pressure Monitoring,Metoprolol,100mg daily
11939,3973,2025-11-29,Oxygen Therapy,Amoxicillin,100mg daily
11940,3973,2025-12-23,Oxygen Therapy,Amoxicillin,10mg daily
11941,3974,2025-06-18,Oxygen Therapy,Amoxicillin,25mg daily
11942,3974,2025-08-11,Oxygen Therapy,Amoxicillin,25mg daily
11943,3975,2025-07-24,Oxygen Therapy,Amoxicillin,100mg daily
11944,3975,2025-03-23,Oxygen Therapy,Amoxicillin,50mg daily
11945,3975,2025-07-06,Oxygen Therapy,Amoxicillin,100mg daily
11946,3976,2026-03-09,Oxygen Therapy,Amoxicillin,25mg daily
11947,3976,2025-06-08,Oxygen Therapy,Amoxicillin,10mg daily
11948,3976,2025-12-16,Oxygen Therapy,Amoxicillin,100mg daily
11949,3977,2026-01-03,Nebulization,Salbutamol,10mg daily
11950,3978,2025-10-07,Nebulization,Salbutamol,100mg daily
11951,3978,2025-06-12,Nebulization,Salbutamol,10mg daily
11952,3978,2025-12-13,Nebulization,Salbutamol,50mg daily
11953,3979,2025-12-21,Blood Pressure Monitoring,Metoprolol,10mg daily
11954,3979,2025-10-12,Blood Pressure Monitoring,Metoprolol,50mg daily
11955,3979,2025-11-03,Blood Pressure Monitoring,Metoprolol,10mg daily
11956,3980,2025-12-07,Blood Pressure Monitoring,Metoprolol,50mg daily
11957,3981,2025-07-27,Blood Pressure Monitoring,Metoprolol,25mg daily
11958,3982,2025-12-13,Nebulization,Salbutamol,50mg daily
11959,3983,2025-09-27,Nebulization,Salbutamol,50mg daily
11960,3984,2026-01-07,Oxygen Therapy,Amoxicillin,50mg daily
11961,3984,2025-07-04,Oxygen Therapy,Amoxicillin,25mg daily
11962,3985,2025-11-09,Oxygen Therapy,Amoxicillin,100mg daily
11963,3985,2025-05-23,Oxygen Therapy,Amoxicillin,25mg daily
11964,3985,2025-04-22,Oxygen Therapy,Amoxicillin,25mg daily
11965,3985,2025-06-23,Oxygen Therapy,Amoxicillin,10mg daily
11966,3986,2025-06-28,Oxygen Therapy,Amoxicillin,10mg daily
11967,3986,2025-10-15,Oxygen Therapy,Amoxicillin,100mg daily
11968,3986,2026-01-10,Oxygen Therapy,Amoxicillin,25mg daily
11969,3986,2025-09-05,Oxygen Therapy,Amoxicillin,100mg daily
11970,3987,2025-11-24,Oxygen Therapy,Amoxicillin,100mg daily
11971,3987,2025-05-05,Oxygen Therapy,Amoxicillin,100mg daily
11972,3987,2025-11-04,Oxygen Therapy,Amoxicillin,100mg daily
11973,3987,2025-11-01,Oxygen Therapy,Amoxicillin,50mg daily
11974,3988,2025-03-20,Nebulization,Salbutamol,10mg daily
11975,3989,2025-06-30,Nebulization,Salbutamol,10mg daily
11976,3989,2025-12-22,Nebulization,Salbutamol,100mg daily
11977,3989,2025-07-28,Nebulization,Salbutamol,25mg daily
11978,3989,2025-10-07,Nebulization,Salbutamol,50mg daily
11979,3990,2025-12-07,Blood Pressure Monitoring,Metoprolol,10mg daily
11980,3990,2025-12-26,Blood Pressure Monitoring,Metoprolol,100mg daily
11981,3990,2025-09-15,Blood Pressure Monitoring,Metoprolol,10mg daily
11982,3990,2025-10-02,Blood Pressure Monitoring,Metoprolol,25mg daily
11983,3991,2025-08-23,Blood Pressure Monitoring,Metoprolol,50mg daily
11984,3991,2025-11-23,Blood Pressure Monitoring,Metoprolol,25mg daily
11985,3992,2025-08-19,ECG Monitoring,Aspirin,10mg daily
11986,3992,2025-10-21,ECG Monitoring,Aspirin,100mg daily
11987,3992,2026-01-16,ECG Monitoring,Aspirin,10mg daily
11988,3993,2025-04-26,IV Fluid Therapy,Atorvastatin,25mg daily
11989,3994,2025-10-20,ECG Monitoring,Aspirin,10mg daily
11990,3994,2025-08-08,ECG Monitoring,Aspirin,50mg daily
11991,3994,2025-11-13,ECG Monitoring,Aspirin,25mg daily
11992,3994,2025-07-10,ECG Monitoring,Aspirin,100mg daily
11993,3995,2026-01-30,Oxygen Therapy,Amoxicillin,100mg daily
11994,3995,2025-12-27,Oxygen Therapy,Amoxicillin,50mg daily
11995,3995,2025-06-25,Oxygen Therapy,Amoxicillin,100mg daily
11996,3996,2025-04-11,Nebulization,Salbutamol,25mg daily
11997,3997,2025-03-31,Oxygen Therapy,Amoxicillin,50mg daily
11998,3998,2026-02-10,Oxygen Therapy,Amoxicillin,10mg daily
11999,3998,2026-02-22,Oxygen Therapy,Amoxicillin,25mg daily
12000,3999,2025-03-14,Oxygen Therapy,Amoxicillin,100mg daily
12001,3999,2025-03-20,Oxygen Therapy,Amoxicillin,10mg daily
12002,3999,2025-10-06,Oxygen Therapy,Amoxicillin,100mg daily
12003,4000,2025-09-30,Blood Pressure Monitoring,Metoprolol,50mg daily
12004,4000,2025-09-13,Blood Pressure Monitoring,Metoprolol,50mg daily
12005,4001,2026-01-19,Blood Pressure Monitoring,Metoprolol,10mg daily
12006,4001,2025-06-07,Blood Pressure Monitoring,Metoprolol,10mg daily
12007,4001,2025-05-05,Blood Pressure Monitoring,Metoprolol,100mg daily
12008,4001,2025-06-17,Blood Pressure Monitoring,Metoprolol,10mg daily
12009,4002,2025-05-13,Blood Pressure Monitoring,Metoprolol,10mg daily
12010,4002,2025-03-22,Blood Pressure Monitoring,Metoprolol,10mg daily
12011,4003,2025-03-24,Blood Pressure Monitoring,Metoprolol,10mg daily
12012,4003,2025-05-19,Blood Pressure Monitoring,Metoprolol,25mg daily
12013,4003,2025-05-22,Blood Pressure Monitoring,Metoprolol,100mg daily
12014,4003,2025-08-17,Blood Pressure Monitoring,Metoprolol,10mg daily
12015,4004,2025-04-20,Blood Pressure Monitoring,Metoprolol,10mg daily
12016,4004,2025-06-01,Blood Pressure Monitoring,Metoprolol,10mg daily
12017,4004,2025-03-16,Blood Pressure Monitoring,Metoprolol,25mg daily
12018,4005,2025-09-13,Oxygen Therapy,Amoxicillin,10mg daily
12019,4005,2025-06-25,Oxygen Therapy,Amoxicillin,50mg daily
12020,4005,2025-03-24,Oxygen Therapy,Amoxicillin,25mg daily
12021,4005,2025-10-08,Oxygen Therapy,Amoxicillin,100mg daily
12022,4006,2025-07-22,Oxygen Therapy,Amoxicillin,25mg daily
12023,4006,2025-05-17,Oxygen Therapy,Amoxicillin,25mg daily
12024,4006,2025-05-28,Oxygen Therapy,Amoxicillin,10mg daily
12025,4007,2026-01-12,Oxygen Therapy,Amoxicillin,10mg daily
12026,4007,2025-12-03,Oxygen Therapy,Amoxicillin,10mg daily
12027,4007,2025-07-25,Oxygen Therapy,Amoxicillin,25mg daily
12028,4008,2025-04-17,Oxygen Therapy,Amoxicillin,50mg daily
12029,4009,2025-07-10,Oxygen Therapy,Amoxicillin,50mg daily
12030,4009,2025-05-16,Oxygen Therapy,Amoxicillin,50mg daily
12031,4009,2025-08-27,Oxygen Therapy,Amoxicillin,100mg daily
12032,4009,2025-05-12,Oxygen Therapy,Amoxicillin,50mg daily
12033,4010,2026-03-07,Blood Pressure Monitoring,Metoprolol,10mg daily
12034,4010,2025-05-11,Blood Pressure Monitoring,Metoprolol,10mg daily
12035,4010,2025-12-24,Blood Pressure Monitoring,Metoprolol,25mg daily
12036,4010,2025-10-21,Blood Pressure Monitoring,Metoprolol,10mg daily
12037,4011,2025-09-06,Blood Pressure Monitoring,Metoprolol,25mg daily
12038,4012,2025-11-16,ECG Monitoring,Aspirin,10mg daily
12039,4012,2025-04-22,ECG Monitoring,Aspirin,25mg daily
12040,4012,2025-11-07,ECG Monitoring,Aspirin,100mg daily
12041,4013,2025-04-25,ECG Monitoring,Aspirin,10mg daily
12042,4013,2025-05-06,ECG Monitoring,Aspirin,25mg daily
12043,4013,2026-02-28,ECG Monitoring,Aspirin,100mg daily
12044,4014,2025-06-03,ECG Monitoring,Aspirin,10mg daily
12045,4014,2025-07-19,ECG Monitoring,Aspirin,50mg daily
12046,4015,2025-05-29,ECG Monitoring,Aspirin,50mg daily
12047,4016,2025-04-23,ECG Monitoring,Aspirin,10mg daily
12048,4016,2025-06-24,ECG Monitoring,Aspirin,100mg daily
12049,4016,2025-06-15,ECG Monitoring,Aspirin,25mg daily
12050,4017,2025-10-13,ECG Monitoring,Aspirin,100mg daily
12051,4017,2025-08-30,ECG Monitoring,Aspirin,100mg daily
12052,4017,2025-10-18,ECG Monitoring,Aspirin,50mg daily
12053,4018,2025-07-26,Oxygen Therapy,Amoxicillin,100mg daily
12054,4018,2025-05-28,Oxygen Therapy,Amoxicillin,10mg daily
12055,4018,2025-08-17,Oxygen Therapy,Amoxicillin,100mg daily
12056,4019,2025-04-16,Nebulization,Salbutamol,50mg daily
12057,4019,2025-11-19,Nebulization,Salbutamol,100mg daily
12058,4019,2025-12-21,Nebulization,Salbutamol,10mg daily
12059,4019,2026-03-11,Nebulization,Salbutamol,10mg daily
12060,4020,2025-05-11,Oxygen Therapy,Amoxicillin,50mg daily
12061,4021,2025-11-14,Oxygen Therapy,Amoxicillin,10mg daily
12062,4021,2026-02-05,Oxygen Therapy,Amoxicillin,100mg daily
12063,4021,2026-03-07,Oxygen Therapy,Amoxicillin,25mg daily
12064,4021,2026-01-12,Oxygen Therapy,Amoxicillin,100mg daily
12065,4022,2025-05-31,Oxygen Therapy,Amoxicillin,10mg daily
12066,4022,2025-10-29,Oxygen Therapy,Amoxicillin,100mg daily
12067,4022,2025-09-03,Oxygen Therapy,Amoxicillin,25mg daily
12068,4023,2025-11-12,Oxygen Therapy,Amoxicillin,10mg daily
12069,4023,2026-01-10,Oxygen Therapy,Amoxicillin,10mg daily
12070,4023,2026-01-22,Oxygen Therapy,Amoxicillin,100mg daily
12071,4024,2025-04-04,Oxygen Therapy,Amoxicillin,25mg daily
12072,4024,2025-11-05,Oxygen Therapy,Amoxicillin,100mg daily
12073,4024,2025-09-10,Oxygen Therapy,Amoxicillin,50mg daily
12074,4024,2025-04-28,Oxygen Therapy,Amoxicillin,25mg daily
12075,4025,2025-09-04,ECG Monitoring,Aspirin,25mg daily
12076,4025,2025-03-18,ECG Monitoring,Aspirin,25mg daily
12077,4025,2025-07-14,ECG Monitoring,Aspirin,50mg daily
12078,4026,2025-12-24,ECG Monitoring,Aspirin,50mg daily
12079,4026,2026-01-16,ECG Monitoring,Aspirin,10mg daily
12080,4026,2026-02-02,ECG Monitoring,Aspirin,100mg daily
12081,4026,2026-03-04,ECG Monitoring,Aspirin,10mg daily
12082,4027,2025-07-29,ECG Monitoring,Aspirin,50mg daily
12083,4027,2025-09-20,ECG Monitoring,Aspirin,10mg daily
12084,4027,2025-03-30,ECG Monitoring,Aspirin,10mg daily
12085,4028,2025-05-30,ECG Monitoring,Aspirin,10mg daily
12086,4028,2025-08-21,ECG Monitoring,Aspirin,50mg daily
12087,4028,2026-03-06,ECG Monitoring,Aspirin,100mg daily
12088,4029,2025-11-22,Nebulization,Salbutamol,50mg daily
12089,4029,2025-12-23,Nebulization,Salbutamol,25mg daily
12090,4029,2025-05-25,Nebulization,Salbutamol,25mg daily
12091,4030,2026-02-11,Nebulization,Salbutamol,50mg daily
12092,4030,2025-08-21,Nebulization,Salbutamol,100mg daily
12093,4030,2025-04-17,Nebulization,Salbutamol,10mg daily
12094,4031,2025-10-26,Nebulization,Salbutamol,100mg daily
12095,4032,2025-10-30,IV Fluid Therapy,Atorvastatin,100mg daily
12096,4032,2025-06-24,IV Fluid Therapy,Atorvastatin,50mg daily
12097,4032,2025-10-19,IV Fluid Therapy,Atorvastatin,10mg daily
12098,4032,2025-04-02,IV Fluid Therapy,Atorvastatin,100mg daily
12099,4033,2026-02-23,ECG Monitoring,Aspirin,25mg daily
12100,4033,2025-12-03,ECG Monitoring,Aspirin,25mg daily
12101,4034,2025-05-07,ECG Monitoring,Aspirin,10mg daily
12102,4034,2025-10-26,ECG Monitoring,Aspirin,10mg daily
12103,4035,2025-04-30,Oxygen Therapy,Amoxicillin,10mg daily
12104,4035,2025-06-25,Oxygen Therapy,Amoxicillin,100mg daily
12105,4035,2025-10-06,Oxygen Therapy,Amoxicillin,10mg daily
12106,4035,2025-05-11,Oxygen Therapy,Amoxicillin,10mg daily
12107,4036,2025-11-25,Oxygen Therapy,Amoxicillin,10mg daily
12108,4036,2025-07-17,Oxygen Therapy,Amoxicillin,100mg daily
12109,4036,2025-04-05,Oxygen Therapy,Amoxicillin,25mg daily
12110,4037,2025-04-05,Nebulization,Salbutamol,50mg daily
12111,4037,2025-08-30,Nebulization,Salbutamol,10mg daily
12112,4038,2025-11-15,ECG Monitoring,Aspirin,50mg daily
12113,4038,2025-07-20,ECG Monitoring,Aspirin,10mg daily
12114,4039,2025-07-16,ECG Monitoring,Aspirin,100mg daily
12115,4039,2026-01-09,ECG Monitoring,Aspirin,25mg daily
12116,4039,2025-11-09,ECG Monitoring,Aspirin,100mg daily
12117,4039,2025-12-19,ECG Monitoring,Aspirin,100mg daily
12118,4040,2025-10-30,IV Fluid Therapy,Atorvastatin,10mg daily
12119,4041,2025-06-17,ECG Monitoring,Aspirin,10mg daily
12120,4041,2025-11-03,ECG Monitoring,Aspirin,50mg daily
12121,4042,2025-11-24,IV Fluid Therapy,Atorvastatin,50mg daily
12122,4042,2025-12-19,IV Fluid Therapy,Atorvastatin,50mg daily
12123,4042,2025-08-19,IV Fluid Therapy,Atorvastatin,25mg daily
12124,4042,2025-03-11,IV Fluid Therapy,Atorvastatin,25mg daily
12125,4043,2025-10-08,Oxygen Therapy,Amoxicillin,10mg daily
12126,4043,2025-05-02,Oxygen Therapy,Amoxicillin,100mg daily
12127,4043,2025-05-30,Oxygen Therapy,Amoxicillin,25mg daily
12128,4043,2025-04-23,Oxygen Therapy,Amoxicillin,100mg daily
12129,4044,2026-03-03,Oxygen Therapy,Amoxicillin,10mg daily
12130,4044,2025-11-28,Oxygen Therapy,Amoxicillin,100mg daily
12131,4044,2025-06-05,Oxygen Therapy,Amoxicillin,100mg daily
12132,4044,2025-09-06,Oxygen Therapy,Amoxicillin,25mg daily
12133,4045,2025-08-20,ECG Monitoring,Aspirin,100mg daily
12134,4046,2025-10-24,Blood Pressure Monitoring,Metoprolol,50mg daily
12135,4046,2025-12-23,Blood Pressure Monitoring,Metoprolol,10mg daily
12136,4046,2025-06-15,Blood Pressure Monitoring,Metoprolol,25mg daily
12137,4046,2025-04-08,Blood Pressure Monitoring,Metoprolol,100mg daily
12138,4047,2025-10-18,Blood Pressure Monitoring,Metoprolol,100mg daily
12139,4047,2025-07-18,Blood Pressure Monitoring,Metoprolol,100mg daily
12140,4048,2025-11-30,Blood Pressure Monitoring,Metoprolol,10mg daily
12141,4048,2025-08-25,Blood Pressure Monitoring,Metoprolol,10mg daily
12142,4049,2025-11-30,Blood Pressure Monitoring,Metoprolol,100mg daily
12143,4049,2025-09-29,Blood Pressure Monitoring,Metoprolol,100mg daily
12144,4050,2025-04-05,Blood Pressure Monitoring,Metoprolol,100mg daily
12145,4050,2026-01-21,Blood Pressure Monitoring,Metoprolol,10mg daily
12146,4050,2025-11-12,Blood Pressure Monitoring,Metoprolol,25mg daily
12147,4050,2025-07-11,Blood Pressure Monitoring,Metoprolol,10mg daily
12148,4051,2025-12-25,Blood Pressure Monitoring,Metoprolol,100mg daily
12149,4051,2025-06-04,Blood Pressure Monitoring,Metoprolol,50mg daily
12150,4052,2026-01-31,Nebulization,Salbutamol,50mg daily
12151,4052,2025-09-03,Nebulization,Salbutamol,50mg daily
12152,4053,2025-12-06,Oxygen Therapy,Amoxicillin,100mg daily
12153,4053,2026-02-09,Oxygen Therapy,Amoxicillin,50mg daily
12154,4053,2025-03-12,Oxygen Therapy,Amoxicillin,50mg daily
12155,4054,2026-01-10,Oxygen Therapy,Amoxicillin,50mg daily
12156,4054,2026-02-02,Oxygen Therapy,Amoxicillin,100mg daily
12157,4054,2025-07-09,Oxygen Therapy,Amoxicillin,10mg daily
12158,4055,2025-03-30,ECG Monitoring,Aspirin,50mg daily
12159,4055,2025-07-04,ECG Monitoring,Aspirin,25mg daily
12160,4056,2025-07-06,IV Fluid Therapy,Atorvastatin,100mg daily
12161,4056,2026-02-16,IV Fluid Therapy,Atorvastatin,100mg daily
12162,4057,2025-04-03,IV Fluid Therapy,Atorvastatin,50mg daily
12163,4057,2025-08-25,IV Fluid Therapy,Atorvastatin,100mg daily
12164,4057,2026-01-03,IV Fluid Therapy,Atorvastatin,100mg daily
12165,4058,2026-02-16,ECG Monitoring,Aspirin,10mg daily
12166,4058,2026-01-24,ECG Monitoring,Aspirin,10mg daily
12167,4058,2026-01-09,ECG Monitoring,Aspirin,50mg daily
12168,4059,2025-06-07,ECG Monitoring,Aspirin,50mg daily
12169,4060,2025-11-03,ECG Monitoring,Aspirin,50mg daily
12170,4060,2025-07-24,ECG Monitoring,Aspirin,25mg daily
12171,4061,2025-10-13,ECG Monitoring,Aspirin,25mg daily
12172,4062,2025-11-25,Blood Pressure Monitoring,Metoprolol,100mg daily
12173,4062,2026-01-17,Blood Pressure Monitoring,Metoprolol,10mg daily
12174,4062,2025-04-15,Blood Pressure Monitoring,Metoprolol,100mg daily
12175,4063,2026-01-23,Nebulization,Salbutamol,25mg daily
12176,4064,2025-10-28,Oxygen Therapy,Amoxicillin,10mg daily
12177,4064,2026-03-08,Oxygen Therapy,Amoxicillin,10mg daily
12178,4065,2025-04-04,ECG Monitoring,Aspirin,100mg daily
12179,4065,2025-06-16,ECG Monitoring,Aspirin,100mg daily
12180,4065,2025-07-30,ECG Monitoring,Aspirin,50mg daily
12181,4066,2025-07-27,Blood Pressure Monitoring,Metoprolol,50mg daily
12182,4066,2025-08-14,Blood Pressure Monitoring,Metoprolol,25mg daily
12183,4066,2025-03-24,Blood Pressure Monitoring,Metoprolol,100mg daily
12184,4067,2025-12-22,Blood Pressure Monitoring,Metoprolol,50mg daily
12185,4067,2026-02-28,Blood Pressure Monitoring,Metoprolol,50mg daily
12186,4067,2025-12-08,Blood Pressure Monitoring,Metoprolol,100mg daily
12187,4068,2025-06-26,Oxygen Therapy,Amoxicillin,100mg daily
12188,4068,2025-06-23,Oxygen Therapy,Amoxicillin,10mg daily
12189,4068,2025-10-02,Oxygen Therapy,Amoxicillin,10mg daily
12190,4068,2025-04-20,Oxygen Therapy,Amoxicillin,25mg daily
12191,4069,2025-05-20,Oxygen Therapy,Amoxicillin,50mg daily
12192,4070,2025-09-27,IV Fluid Therapy,Atorvastatin,10mg daily
12193,4070,2025-10-09,IV Fluid Therapy,Atorvastatin,25mg daily
12194,4071,2025-08-17,ECG Monitoring,Aspirin,25mg daily
12195,4072,2026-03-09,ECG Monitoring,Aspirin,10mg daily
12196,4072,2025-04-19,ECG Monitoring,Aspirin,100mg daily
12197,4072,2026-01-18,ECG Monitoring,Aspirin,10mg daily
12198,4072,2025-09-15,ECG Monitoring,Aspirin,50mg daily
12199,4073,2025-12-11,Oxygen Therapy,Amoxicillin,100mg daily
12200,4073,2025-04-26,Oxygen Therapy,Amoxicillin,10mg daily
12201,4074,2025-11-16,Oxygen Therapy,Amoxicillin,10mg daily
12202,4074,2025-09-10,Oxygen Therapy,Amoxicillin,50mg daily
12203,4074,2026-01-03,Oxygen Therapy,Amoxicillin,10mg daily
12204,4075,2026-01-11,IV Fluid Therapy,Atorvastatin,25mg daily
12205,4075,2025-06-29,IV Fluid Therapy,Atorvastatin,25mg daily
12206,4075,2025-04-17,IV Fluid Therapy,Atorvastatin,10mg daily
12207,4076,2026-02-05,ECG Monitoring,Aspirin,50mg daily
12208,4076,2025-05-18,ECG Monitoring,Aspirin,100mg daily
12209,4076,2025-06-01,ECG Monitoring,Aspirin,100mg daily
12210,4076,2025-07-27,ECG Monitoring,Aspirin,10mg daily
12211,4077,2025-03-12,ECG Monitoring,Aspirin,25mg daily
12212,4077,2025-05-04,ECG Monitoring,Aspirin,10mg daily
12213,4077,2025-07-15,ECG Monitoring,Aspirin,100mg daily
12214,4078,2025-12-03,Oxygen Therapy,Amoxicillin,10mg daily
12215,4079,2025-09-29,Blood Pressure Monitoring,Metoprolol,100mg daily
12216,4079,2025-04-30,Blood Pressure Monitoring,Metoprolol,50mg daily
12217,4079,2025-03-20,Blood Pressure Monitoring,Metoprolol,10mg daily
12218,4080,2025-10-15,Blood Pressure Monitoring,Metoprolol,10mg daily
12219,4081,2025-09-08,Nebulization,Salbutamol,100mg daily
12220,4081,2025-07-19,Nebulization,Salbutamol,50mg daily
12221,4081,2025-07-11,Nebulization,Salbutamol,100mg daily
12222,4082,2025-06-15,Nebulization,Salbutamol,25mg daily
12223,4082,2025-04-28,Nebulization,Salbutamol,50mg daily
12224,4082,2026-02-28,Nebulization,Salbutamol,10mg daily
12225,4083,2025-09-22,ECG Monitoring,Aspirin,25mg daily
12226,4083,2026-01-27,ECG Monitoring,Aspirin,100mg daily
12227,4084,2025-04-25,Oxygen Therapy,Amoxicillin,25mg daily
12228,4084,2026-03-11,Oxygen Therapy,Amoxicillin,100mg daily
12229,4084,2026-03-06,Oxygen Therapy,Amoxicillin,25mg daily
12230,4084,2026-02-19,Oxygen Therapy,Amoxicillin,25mg daily
12231,4085,2025-09-05,Oxygen Therapy,Amoxicillin,10mg daily
12232,4085,2025-08-28,Oxygen Therapy,Amoxicillin,25mg daily
12233,4085,2025-10-02,Oxygen Therapy,Amoxicillin,50mg daily
12234,4086,2025-11-05,Oxygen Therapy,Amoxicillin,10mg daily
12235,4087,2025-12-28,Nebulization,Salbutamol,50mg daily
12236,4088,2026-01-25,Oxygen Therapy,Amoxicillin,100mg daily
12237,4088,2025-08-12,Oxygen Therapy,Amoxicillin,10mg daily
12238,4088,2025-08-10,Oxygen Therapy,Amoxicillin,50mg daily
12239,4088,2025-05-04,Oxygen Therapy,Amoxicillin,100mg daily
12240,4089,2026-02-28,Nebulization,Salbutamol,10mg daily
12241,4089,2026-02-22,Nebulization,Salbutamol,25mg daily
12242,4090,2025-08-28,ECG Monitoring,Aspirin,50mg daily
12243,4090,2025-03-15,ECG Monitoring,Aspirin,10mg daily
12244,4091,2025-08-31,ECG Monitoring,Aspirin,100mg daily
12245,4091,2025-06-21,ECG Monitoring,Aspirin,25mg daily
12246,4091,2025-10-14,ECG Monitoring,Aspirin,50mg daily
12247,4091,2025-07-26,ECG Monitoring,Aspirin,25mg daily
12248,4092,2026-01-26,ECG Monitoring,Aspirin,50mg daily
12249,4092,2025-07-30,ECG Monitoring,Aspirin,50mg daily
12250,4093,2025-03-18,ECG Monitoring,Aspirin,25mg daily
12251,4094,2025-09-20,Blood Pressure Monitoring,Metoprolol,10mg daily
12252,4095,2025-06-20,ECG Monitoring,Aspirin,100mg daily
12253,4095,2025-12-24,ECG Monitoring,Aspirin,50mg daily
12254,4095,2026-01-26,ECG Monitoring,Aspirin,10mg daily
12255,4095,2025-08-02,ECG Monitoring,Aspirin,100mg daily
12256,4096,2026-02-03,ECG Monitoring,Aspirin,100mg daily
12257,4096,2026-01-15,ECG Monitoring,Aspirin,10mg daily
12258,4096,2026-03-11,ECG Monitoring,Aspirin,25mg daily
12259,4096,2025-04-25,ECG Monitoring,Aspirin,25mg daily
12260,4097,2025-04-29,ECG Monitoring,Aspirin,25mg daily
12261,4097,2025-06-18,ECG Monitoring,Aspirin,100mg daily
12262,4097,2025-05-19,ECG Monitoring,Aspirin,100mg daily
12263,4097,2026-03-07,ECG Monitoring,Aspirin,25mg daily
12264,4098,2025-03-14,Blood Pressure Monitoring,Metoprolol,10mg daily
12265,4098,2026-01-28,Blood Pressure Monitoring,Metoprolol,100mg daily
12266,4099,2025-11-18,ECG Monitoring,Aspirin,50mg daily
12267,4099,2025-12-30,ECG Monitoring,Aspirin,25mg daily
12268,4100,2025-04-06,ECG Monitoring,Aspirin,50mg daily
12269,4100,2025-09-24,ECG Monitoring,Aspirin,100mg daily
12270,4101,2025-04-29,IV Fluid Therapy,Atorvastatin,50mg daily
12271,4102,2025-04-01,Blood Pressure Monitoring,Metoprolol,10mg daily
12272,4102,2025-06-07,Blood Pressure Monitoring,Metoprolol,25mg daily
12273,4102,2025-08-03,Blood Pressure Monitoring,Metoprolol,50mg daily
12274,4103,2026-03-07,ECG Monitoring,Aspirin,10mg daily
12275,4104,2025-04-16,Blood Pressure Monitoring,Metoprolol,50mg daily
12276,4104,2025-04-13,Blood Pressure Monitoring,Metoprolol,10mg daily
12277,4104,2025-10-10,Blood Pressure Monitoring,Metoprolol,100mg daily
12278,4104,2025-11-20,Blood Pressure Monitoring,Metoprolol,100mg daily
12279,4105,2026-01-14,Nebulization,Salbutamol,10mg daily
12280,4105,2025-12-11,Nebulization,Salbutamol,10mg daily
12281,4105,2025-11-05,Nebulization,Salbutamol,50mg daily
12282,4106,2025-04-30,Oxygen Therapy,Amoxicillin,25mg daily
12283,4106,2025-09-17,Oxygen Therapy,Amoxicillin,100mg daily
12284,4107,2025-12-26,Oxygen Therapy,Amoxicillin,100mg daily
12285,4107,2025-04-23,Oxygen Therapy,Amoxicillin,100mg daily
12286,4107,2026-01-06,Oxygen Therapy,Amoxicillin,50mg daily
12287,4107,2025-12-13,Oxygen Therapy,Amoxicillin,100mg daily
12288,4108,2025-12-14,ECG Monitoring,Aspirin,100mg daily
12289,4108,2025-08-17,ECG Monitoring,Aspirin,25mg daily
12290,4109,2025-05-17,ECG Monitoring,Aspirin,10mg daily
12291,4109,2026-02-23,ECG Monitoring,Aspirin,50mg daily
12292,4109,2025-11-24,ECG Monitoring,Aspirin,50mg daily
12293,4110,2025-10-05,ECG Monitoring,Aspirin,10mg daily
12294,4110,2025-12-18,ECG Monitoring,Aspirin,50mg daily
12295,4110,2025-07-05,ECG Monitoring,Aspirin,50mg daily
12296,4110,2025-05-20,ECG Monitoring,Aspirin,25mg daily
12297,4111,2025-10-27,ECG Monitoring,Aspirin,100mg daily
12298,4111,2025-06-28,ECG Monitoring,Aspirin,50mg daily
12299,4111,2025-07-29,ECG Monitoring,Aspirin,100mg daily
12300,4111,2025-11-09,ECG Monitoring,Aspirin,10mg daily
12301,4112,2026-01-14,Blood Pressure Monitoring,Metoprolol,25mg daily
12302,4112,2025-12-16,Blood Pressure Monitoring,Metoprolol,100mg daily
12303,4112,2026-03-08,Blood Pressure Monitoring,Metoprolol,100mg daily
12304,4112,2025-05-03,Blood Pressure Monitoring,Metoprolol,10mg daily
12305,4113,2025-10-12,Blood Pressure Monitoring,Metoprolol,100mg daily
12306,4114,2025-10-21,Blood Pressure Monitoring,Metoprolol,25mg daily
12307,4114,2025-05-30,Blood Pressure Monitoring,Metoprolol,50mg daily
12308,4114,2025-05-15,Blood Pressure Monitoring,Metoprolol,100mg daily
12309,4114,2025-08-28,Blood Pressure Monitoring,Metoprolol,100mg daily
12310,4115,2026-01-02,Blood Pressure Monitoring,Metoprolol,50mg daily
12311,4115,2026-01-18,Blood Pressure Monitoring,Metoprolol,100mg daily
12312,4116,2026-01-07,ECG Monitoring,Aspirin,25mg daily
12313,4116,2025-05-30,ECG Monitoring,Aspirin,10mg daily
12314,4116,2026-01-02,ECG Monitoring,Aspirin,100mg daily
12315,4116,2025-05-05,ECG Monitoring,Aspirin,50mg daily
12316,4117,2025-04-10,Blood Pressure Monitoring,Metoprolol,100mg daily
12317,4117,2025-11-21,Blood Pressure Monitoring,Metoprolol,25mg daily
12318,4118,2025-06-28,ECG Monitoring,Aspirin,25mg daily
12319,4118,2026-02-24,ECG Monitoring,Aspirin,100mg daily
12320,4119,2026-02-14,Oxygen Therapy,Amoxicillin,50mg daily
12321,4120,2025-05-29,Oxygen Therapy,Amoxicillin,100mg daily
12322,4121,2025-04-15,Blood Pressure Monitoring,Metoprolol,25mg daily
12323,4122,2026-02-22,Blood Pressure Monitoring,Metoprolol,50mg daily
12324,4123,2025-11-06,Blood Pressure Monitoring,Metoprolol,25mg daily
12325,4124,2025-08-01,Blood Pressure Monitoring,Metoprolol,100mg daily
12326,4124,2025-11-23,Blood Pressure Monitoring,Metoprolol,50mg daily
12327,4124,2025-09-09,Blood Pressure Monitoring,Metoprolol,50mg daily
12328,4125,2025-08-20,Blood Pressure Monitoring,Metoprolol,25mg daily
12329,4125,2025-10-19,Blood Pressure Monitoring,Metoprolol,50mg daily
12330,4125,2025-04-24,Blood Pressure Monitoring,Metoprolol,25mg daily
12331,4126,2025-05-07,Oxygen Therapy,Amoxicillin,25mg daily
12332,4126,2025-10-12,Oxygen Therapy,Amoxicillin,25mg daily
12333,4126,2025-11-23,Oxygen Therapy,Amoxicillin,10mg daily
12334,4127,2026-01-07,Oxygen Therapy,Amoxicillin,100mg daily
12335,4127,2025-06-17,Oxygen Therapy,Amoxicillin,100mg daily
12336,4127,2025-10-09,Oxygen Therapy,Amoxicillin,10mg daily
12337,4127,2025-10-30,Oxygen Therapy,Amoxicillin,50mg daily
12338,4128,2025-07-13,IV Fluid Therapy,Atorvastatin,50mg daily
12339,4128,2025-09-21,IV Fluid Therapy,Atorvastatin,10mg daily
12340,4128,2025-10-19,IV Fluid Therapy,Atorvastatin,10mg daily
12341,4129,2025-04-27,Blood Pressure Monitoring,Metoprolol,100mg daily
12342,4129,2025-07-16,Blood Pressure Monitoring,Metoprolol,50mg daily
12343,4129,2025-09-01,Blood Pressure Monitoring,Metoprolol,100mg daily
12344,4129,2025-04-13,Blood Pressure Monitoring,Metoprolol,100mg daily
12345,4130,2025-04-16,Blood Pressure Monitoring,Metoprolol,25mg daily
12346,4130,2025-08-26,Blood Pressure Monitoring,Metoprolol,50mg daily
12347,4130,2025-06-16,Blood Pressure Monitoring,Metoprolol,50mg daily
12348,4131,2025-09-05,Blood Pressure Monitoring,Metoprolol,25mg daily
12349,4131,2025-10-13,Blood Pressure Monitoring,Metoprolol,25mg daily
12350,4131,2026-02-17,Blood Pressure Monitoring,Metoprolol,100mg daily
12351,4131,2025-03-17,Blood Pressure Monitoring,Metoprolol,10mg daily
12352,4132,2025-10-08,Nebulization,Salbutamol,50mg daily
12353,4132,2025-11-19,Nebulization,Salbutamol,50mg daily
12354,4132,2025-09-16,Nebulization,Salbutamol,25mg daily
12355,4133,2025-08-08,Blood Pressure Monitoring,Metoprolol,100mg daily
12356,4133,2025-12-25,Blood Pressure Monitoring,Metoprolol,50mg daily
12357,4133,2025-04-26,Blood Pressure Monitoring,Metoprolol,10mg daily
12358,4134,2025-03-21,Blood Pressure Monitoring,Metoprolol,50mg daily
12359,4135,2025-12-10,Oxygen Therapy,Amoxicillin,25mg daily
12360,4135,2025-10-16,Oxygen Therapy,Amoxicillin,25mg daily
12361,4136,2025-06-18,Oxygen Therapy,Amoxicillin,10mg daily
12362,4136,2026-02-21,Oxygen Therapy,Amoxicillin,25mg daily
12363,4136,2026-01-24,Oxygen Therapy,Amoxicillin,100mg daily
12364,4137,2025-08-28,Oxygen Therapy,Amoxicillin,10mg daily
12365,4137,2026-01-19,Oxygen Therapy,Amoxicillin,50mg daily
12366,4138,2025-10-07,ECG Monitoring,Aspirin,50mg daily
12367,4138,2025-08-03,ECG Monitoring,Aspirin,100mg daily
12368,4138,2025-07-06,ECG Monitoring,Aspirin,10mg daily
12369,4138,2025-10-22,ECG Monitoring,Aspirin,25mg daily
12370,4139,2026-01-25,ECG Monitoring,Aspirin,100mg daily
12371,4139,2025-12-20,ECG Monitoring,Aspirin,50mg daily
12372,4139,2026-03-02,ECG Monitoring,Aspirin,50mg daily
12373,4139,2025-11-03,ECG Monitoring,Aspirin,10mg daily
12374,4140,2025-07-25,ECG Monitoring,Aspirin,50mg daily
12375,4140,2026-02-19,ECG Monitoring,Aspirin,100mg daily
12376,4141,2025-05-06,ECG Monitoring,Aspirin,25mg daily
12377,4141,2026-01-21,ECG Monitoring,Aspirin,50mg daily
12378,4141,2025-12-10,ECG Monitoring,Aspirin,25mg daily
12379,4142,2025-03-31,Oxygen Therapy,Amoxicillin,10mg daily
12380,4142,2025-11-08,Oxygen Therapy,Amoxicillin,25mg daily
12381,4142,2025-06-30,Oxygen Therapy,Amoxicillin,10mg daily
12382,4142,2026-02-08,Oxygen Therapy,Amoxicillin,25mg daily
12383,4143,2025-04-26,Oxygen Therapy,Amoxicillin,10mg daily
12384,4143,2025-07-14,Oxygen Therapy,Amoxicillin,50mg daily
12385,4143,2026-02-20,Oxygen Therapy,Amoxicillin,100mg daily
12386,4143,2025-10-07,Oxygen Therapy,Amoxicillin,100mg daily
12387,4144,2025-11-10,Oxygen Therapy,Amoxicillin,50mg daily
12388,4145,2025-07-18,Oxygen Therapy,Amoxicillin,25mg daily
12389,4145,2025-12-12,Oxygen Therapy,Amoxicillin,10mg daily
12390,4145,2025-08-27,Oxygen Therapy,Amoxicillin,10mg daily
12391,4146,2025-12-10,Oxygen Therapy,Amoxicillin,50mg daily
12392,4147,2026-03-08,Oxygen Therapy,Amoxicillin,100mg daily
12393,4147,2025-05-01,Oxygen Therapy,Amoxicillin,10mg daily
12394,4147,2025-06-14,Oxygen Therapy,Amoxicillin,50mg daily
12395,4147,2025-12-20,Oxygen Therapy,Amoxicillin,100mg daily
12396,4148,2025-03-25,ECG Monitoring,Aspirin,10mg daily
12397,4148,2025-08-15,ECG Monitoring,Aspirin,10mg daily
12398,4149,2025-11-21,ECG Monitoring,Aspirin,100mg daily
12399,4149,2025-07-10,ECG Monitoring,Aspirin,100mg daily
12400,4149,2025-10-04,ECG Monitoring,Aspirin,100mg daily
12401,4149,2025-05-02,ECG Monitoring,Aspirin,50mg daily
12402,4150,2025-03-18,IV Fluid Therapy,Atorvastatin,25mg daily
12403,4151,2025-07-29,IV Fluid Therapy,Atorvastatin,100mg daily
12404,4151,2025-04-02,IV Fluid Therapy,Atorvastatin,25mg daily
12405,4151,2025-06-11,IV Fluid Therapy,Atorvastatin,100mg daily
12406,4152,2025-12-11,Oxygen Therapy,Amoxicillin,100mg daily
12407,4152,2025-03-15,Oxygen Therapy,Amoxicillin,10mg daily
12408,4153,2025-10-17,Nebulization,Salbutamol,50mg daily
12409,4153,2026-01-07,Nebulization,Salbutamol,100mg daily
12410,4153,2025-05-12,Nebulization,Salbutamol,100mg daily
12411,4154,2025-07-19,Oxygen Therapy,Amoxicillin,10mg daily
12412,4154,2025-10-09,Oxygen Therapy,Amoxicillin,50mg daily
12413,4154,2025-06-12,Oxygen Therapy,Amoxicillin,100mg daily
12414,4154,2025-10-15,Oxygen Therapy,Amoxicillin,25mg daily
12415,4155,2025-07-22,Blood Pressure Monitoring,Metoprolol,25mg daily
12416,4155,2025-08-27,Blood Pressure Monitoring,Metoprolol,100mg daily
12417,4156,2026-02-14,Blood Pressure Monitoring,Metoprolol,25mg daily
12418,4157,2025-11-19,Blood Pressure Monitoring,Metoprolol,50mg daily
12419,4157,2026-03-02,Blood Pressure Monitoring,Metoprolol,10mg daily
12420,4157,2025-08-12,Blood Pressure Monitoring,Metoprolol,50mg daily
12421,4158,2025-11-24,Blood Pressure Monitoring,Metoprolol,100mg daily
12422,4159,2025-11-13,ECG Monitoring,Aspirin,25mg daily
12423,4159,2025-05-18,ECG Monitoring,Aspirin,25mg daily
12424,4160,2025-11-22,ECG Monitoring,Aspirin,50mg daily
12425,4160,2026-01-27,ECG Monitoring,Aspirin,10mg daily
12426,4160,2026-01-05,ECG Monitoring,Aspirin,50mg daily
12427,4160,2025-04-10,ECG Monitoring,Aspirin,25mg daily
12428,4161,2025-11-07,ECG Monitoring,Aspirin,100mg daily
12429,4161,2025-09-24,ECG Monitoring,Aspirin,10mg daily
12430,4161,2025-10-01,ECG Monitoring,Aspirin,50mg daily
12431,4161,2025-06-19,ECG Monitoring,Aspirin,100mg daily
12432,4162,2026-01-27,ECG Monitoring,Aspirin,10mg daily
12433,4162,2025-10-21,ECG Monitoring,Aspirin,100mg daily
12434,4163,2025-03-23,IV Fluid Therapy,Atorvastatin,100mg daily
12435,4164,2025-07-24,ECG Monitoring,Aspirin,50mg daily
12436,4164,2025-08-25,ECG Monitoring,Aspirin,25mg daily
12437,4165,2025-06-29,ECG Monitoring,Aspirin,100mg daily
12438,4165,2026-01-14,ECG Monitoring,Aspirin,50mg daily
12439,4166,2025-03-21,ECG Monitoring,Aspirin,100mg daily
12440,4166,2026-01-23,ECG Monitoring,Aspirin,25mg daily
12441,4167,2025-11-23,IV Fluid Therapy,Atorvastatin,100mg daily
12442,4167,2025-12-08,IV Fluid Therapy,Atorvastatin,25mg daily
12443,4168,2025-07-08,Blood Pressure Monitoring,Metoprolol,100mg daily
12444,4168,2025-09-04,Blood Pressure Monitoring,Metoprolol,25mg daily
12445,4168,2025-12-10,Blood Pressure Monitoring,Metoprolol,25mg daily
12446,4168,2025-08-08,Blood Pressure Monitoring,Metoprolol,25mg daily
12447,4169,2025-08-12,Blood Pressure Monitoring,Metoprolol,50mg daily
12448,4169,2025-11-10,Blood Pressure Monitoring,Metoprolol,25mg daily
12449,4169,2025-04-28,Blood Pressure Monitoring,Metoprolol,50mg daily
12450,4170,2025-05-01,Blood Pressure Monitoring,Metoprolol,10mg daily
12451,4170,2025-12-07,Blood Pressure Monitoring,Metoprolol,100mg daily
12452,4170,2025-07-12,Blood Pressure Monitoring,Metoprolol,100mg daily
12453,4171,2025-03-14,Blood Pressure Monitoring,Metoprolol,25mg daily
12454,4172,2025-06-13,Blood Pressure Monitoring,Metoprolol,100mg daily
12455,4172,2025-06-03,Blood Pressure Monitoring,Metoprolol,10mg daily
12456,4172,2025-10-13,Blood Pressure Monitoring,Metoprolol,50mg daily
12457,4173,2025-10-12,Blood Pressure Monitoring,Metoprolol,50mg daily
12458,4173,2025-07-19,Blood Pressure Monitoring,Metoprolol,25mg daily
12459,4173,2026-01-02,Blood Pressure Monitoring,Metoprolol,25mg daily
12460,4174,2026-03-03,Blood Pressure Monitoring,Metoprolol,25mg daily
12461,4175,2026-01-01,Oxygen Therapy,Amoxicillin,25mg daily
12462,4175,2026-01-08,Oxygen Therapy,Amoxicillin,25mg daily
12463,4175,2025-03-24,Oxygen Therapy,Amoxicillin,10mg daily
12464,4175,2025-08-26,Oxygen Therapy,Amoxicillin,100mg daily
12465,4176,2025-10-02,Oxygen Therapy,Amoxicillin,10mg daily
12466,4176,2026-02-20,Oxygen Therapy,Amoxicillin,25mg daily
12467,4176,2025-03-15,Oxygen Therapy,Amoxicillin,100mg daily
12468,4177,2025-05-22,Oxygen Therapy,Amoxicillin,50mg daily
12469,4177,2025-10-27,Oxygen Therapy,Amoxicillin,100mg daily
12470,4178,2025-05-10,Oxygen Therapy,Amoxicillin,10mg daily
12471,4179,2025-04-02,IV Fluid Therapy,Atorvastatin,50mg daily
12472,4180,2026-01-29,Oxygen Therapy,Amoxicillin,10mg daily
12473,4180,2025-11-12,Oxygen Therapy,Amoxicillin,100mg daily
12474,4180,2025-05-25,Oxygen Therapy,Amoxicillin,100mg daily
12475,4180,2025-10-18,Oxygen Therapy,Amoxicillin,100mg daily
12476,4181,2025-05-19,Oxygen Therapy,Amoxicillin,25mg daily
12477,4181,2025-10-12,Oxygen Therapy,Amoxicillin,25mg daily
12478,4181,2025-11-03,Oxygen Therapy,Amoxicillin,50mg daily
12479,4182,2026-02-19,Oxygen Therapy,Amoxicillin,50mg daily
12480,4182,2025-04-22,Oxygen Therapy,Amoxicillin,25mg daily
12481,4183,2025-10-16,Nebulization,Salbutamol,10mg daily
12482,4183,2025-09-26,Nebulization,Salbutamol,50mg daily
12483,4183,2026-03-04,Nebulization,Salbutamol,100mg daily
12484,4183,2026-02-17,Nebulization,Salbutamol,50mg daily
12485,4184,2025-07-09,Oxygen Therapy,Amoxicillin,10mg daily
12486,4184,2025-11-12,Oxygen Therapy,Amoxicillin,50mg daily
12487,4185,2025-12-25,Blood Pressure Monitoring,Metoprolol,100mg daily
12488,4186,2025-10-14,ECG Monitoring,Aspirin,50mg daily
12489,4186,2025-09-05,ECG Monitoring,Aspirin,50mg daily
12490,4186,2025-12-29,ECG Monitoring,Aspirin,25mg daily
12491,4186,2025-03-15,ECG Monitoring,Aspirin,100mg daily
12492,4187,2026-02-17,ECG Monitoring,Aspirin,10mg daily
12493,4187,2025-10-11,ECG Monitoring,Aspirin,50mg daily
12494,4187,2026-01-24,ECG Monitoring,Aspirin,100mg daily
12495,4187,2026-01-12,ECG Monitoring,Aspirin,50mg daily
12496,4188,2025-06-29,ECG Monitoring,Aspirin,25mg daily
12497,4188,2025-06-26,ECG Monitoring,Aspirin,10mg daily
12498,4188,2026-02-18,ECG Monitoring,Aspirin,50mg daily
12499,4189,2025-11-16,Oxygen Therapy,Amoxicillin,50mg daily
12500,4189,2025-12-27,Oxygen Therapy,Amoxicillin,25mg daily
12501,4189,2025-04-12,Oxygen Therapy,Amoxicillin,100mg daily
12502,4189,2025-09-21,Oxygen Therapy,Amoxicillin,50mg daily
12503,4190,2025-06-23,Oxygen Therapy,Amoxicillin,50mg daily
12504,4190,2025-03-11,Oxygen Therapy,Amoxicillin,50mg daily
12505,4191,2025-11-21,Oxygen Therapy,Amoxicillin,25mg daily
12506,4191,2025-03-29,Oxygen Therapy,Amoxicillin,50mg daily
12507,4191,2025-04-22,Oxygen Therapy,Amoxicillin,10mg daily
12508,4192,2025-04-07,Blood Pressure Monitoring,Metoprolol,10mg daily
12509,4193,2026-01-25,ECG Monitoring,Aspirin,25mg daily
12510,4193,2025-03-12,ECG Monitoring,Aspirin,25mg daily
12511,4193,2025-12-04,ECG Monitoring,Aspirin,25mg daily
12512,4193,2025-03-28,ECG Monitoring,Aspirin,50mg daily
12513,4194,2025-06-13,Blood Pressure Monitoring,Metoprolol,50mg daily
12514,4194,2026-02-10,Blood Pressure Monitoring,Metoprolol,50mg daily
12515,4194,2025-06-04,Blood Pressure Monitoring,Metoprolol,25mg daily
12516,4194,2025-12-16,Blood Pressure Monitoring,Metoprolol,25mg daily
12517,4195,2025-07-17,Blood Pressure Monitoring,Metoprolol,100mg daily
12518,4196,2025-04-17,Blood Pressure Monitoring,Metoprolol,10mg daily
12519,4196,2025-04-21,Blood Pressure Monitoring,Metoprolol,25mg daily
12520,4196,2025-10-14,Blood Pressure Monitoring,Metoprolol,10mg daily
12521,4197,2025-08-23,Blood Pressure Monitoring,Metoprolol,10mg daily
12522,4198,2025-06-02,Nebulization,Salbutamol,10mg daily
12523,4199,2025-08-16,ECG Monitoring,Aspirin,10mg daily
12524,4199,2025-07-09,ECG Monitoring,Aspirin,50mg daily
12525,4199,2026-01-13,ECG Monitoring,Aspirin,50mg daily
12526,4200,2025-09-14,ECG Monitoring,Aspirin,50mg daily
12527,4201,2026-01-16,ECG Monitoring,Aspirin,100mg daily
12528,4201,2025-11-30,ECG Monitoring,Aspirin,100mg daily
12529,4201,2025-04-25,ECG Monitoring,Aspirin,50mg daily
12530,4202,2025-03-19,ECG Monitoring,Aspirin,100mg daily
12531,4202,2025-08-30,ECG Monitoring,Aspirin,50mg daily
12532,4203,2025-11-06,ECG Monitoring,Aspirin,50mg daily
12533,4203,2026-02-12,ECG Monitoring,Aspirin,50mg daily
12534,4203,2025-03-20,ECG Monitoring,Aspirin,50mg daily
12535,4203,2025-03-22,ECG Monitoring,Aspirin,50mg daily
12536,4204,2025-12-22,ECG Monitoring,Aspirin,50mg daily
12537,4204,2025-10-10,ECG Monitoring,Aspirin,10mg daily
12538,4204,2025-10-28,ECG Monitoring,Aspirin,25mg daily
12539,4205,2026-02-13,IV Fluid Therapy,Atorvastatin,50mg daily
12540,4206,2025-05-28,Oxygen Therapy,Amoxicillin,10mg daily
12541,4206,2025-08-08,Oxygen Therapy,Amoxicillin,10mg daily
12542,4207,2025-07-18,Oxygen Therapy,Amoxicillin,10mg daily
12543,4208,2025-04-30,Oxygen Therapy,Amoxicillin,10mg daily
12544,4209,2025-10-21,Blood Pressure Monitoring,Metoprolol,10mg daily
12545,4209,2025-11-18,Blood Pressure Monitoring,Metoprolol,50mg daily
12546,4210,2025-10-08,ECG Monitoring,Aspirin,25mg daily
12547,4210,2025-06-03,ECG Monitoring,Aspirin,25mg daily
12548,4210,2025-05-03,ECG Monitoring,Aspirin,25mg daily
12549,4211,2026-01-26,IV Fluid Therapy,Atorvastatin,50mg daily
12550,4211,2025-07-02,IV Fluid Therapy,Atorvastatin,50mg daily
12551,4212,2025-03-24,ECG Monitoring,Aspirin,10mg daily
12552,4212,2025-04-09,ECG Monitoring,Aspirin,50mg daily
12553,4212,2025-03-30,ECG Monitoring,Aspirin,25mg daily
12554,4212,2025-08-24,ECG Monitoring,Aspirin,25mg daily
12555,4213,2025-12-09,Oxygen Therapy,Amoxicillin,10mg daily
12556,4213,2025-11-08,Oxygen Therapy,Amoxicillin,25mg daily
12557,4213,2025-11-07,Oxygen Therapy,Amoxicillin,25mg daily
12558,4214,2025-06-02,Oxygen Therapy,Amoxicillin,25mg daily
12559,4214,2025-07-07,Oxygen Therapy,Amoxicillin,25mg daily
12560,4214,2025-06-14,Oxygen Therapy,Amoxicillin,10mg daily
12561,4215,2025-09-16,Oxygen Therapy,Amoxicillin,25mg daily
12562,4215,2025-04-21,Oxygen Therapy,Amoxicillin,100mg daily
12563,4215,2025-03-17,Oxygen Therapy,Amoxicillin,25mg daily
12564,4215,2026-01-07,Oxygen Therapy,Amoxicillin,25mg daily
12565,4216,2025-03-27,ECG Monitoring,Aspirin,10mg daily
12566,4217,2025-05-20,ECG Monitoring,Aspirin,50mg daily
12567,4217,2025-07-02,ECG Monitoring,Aspirin,50mg daily
12568,4217,2025-12-15,ECG Monitoring,Aspirin,10mg daily
12569,4217,2025-09-25,ECG Monitoring,Aspirin,100mg daily
12570,4218,2026-02-13,ECG Monitoring,Aspirin,50mg daily
12571,4219,2025-03-23,Blood Pressure Monitoring,Metoprolol,50mg daily
12572,4219,2025-04-25,Blood Pressure Monitoring,Metoprolol,50mg daily
12573,4219,2025-11-28,Blood Pressure Monitoring,Metoprolol,50mg daily
12574,4219,2025-12-07,Blood Pressure Monitoring,Metoprolol,100mg daily
12575,4220,2025-10-28,Oxygen Therapy,Amoxicillin,100mg daily
12576,4220,2025-04-10,Oxygen Therapy,Amoxicillin,10mg daily
12577,4220,2025-06-07,Oxygen Therapy,Amoxicillin,10mg daily
12578,4220,2025-10-01,Oxygen Therapy,Amoxicillin,50mg daily
12579,4221,2025-04-27,Oxygen Therapy,Amoxicillin,10mg daily
12580,4221,2025-07-11,Oxygen Therapy,Amoxicillin,10mg daily
12581,4222,2025-06-19,Oxygen Therapy,Amoxicillin,10mg daily
12582,4222,2025-05-05,Oxygen Therapy,Amoxicillin,25mg daily
12583,4223,2025-07-16,IV Fluid Therapy,Atorvastatin,50mg daily
12584,4224,2025-06-27,Oxygen Therapy,Amoxicillin,25mg daily
12585,4225,2026-02-11,ECG Monitoring,Aspirin,50mg daily
12586,4226,2025-03-16,ECG Monitoring,Aspirin,100mg daily
12587,4227,2025-03-20,Oxygen Therapy,Amoxicillin,25mg daily
12588,4228,2025-09-09,Nebulization,Salbutamol,10mg daily
12589,4229,2025-04-06,Nebulization,Salbutamol,10mg daily
12590,4229,2025-06-26,Nebulization,Salbutamol,100mg daily
12591,4230,2025-07-22,Blood Pressure Monitoring,Metoprolol,50mg daily
12592,4230,2025-05-10,Blood Pressure Monitoring,Metoprolol,50mg daily
12593,4231,2025-05-30,Blood Pressure Monitoring,Metoprolol,10mg daily
12594,4231,2025-04-16,Blood Pressure Monitoring,Metoprolol,10mg daily
12595,4231,2025-04-17,Blood Pressure Monitoring,Metoprolol,25mg daily
12596,4232,2026-01-13,Oxygen Therapy,Amoxicillin,10mg daily
12597,4232,2026-03-04,Oxygen Therapy,Amoxicillin,25mg daily
12598,4233,2025-09-01,Oxygen Therapy,Amoxicillin,25mg daily
12599,4233,2025-08-04,Oxygen Therapy,Amoxicillin,50mg daily
12600,4233,2025-03-27,Oxygen Therapy,Amoxicillin,50mg daily
12601,4234,2026-02-16,Oxygen Therapy,Amoxicillin,50mg daily
12602,4234,2026-02-10,Oxygen Therapy,Amoxicillin,100mg daily
12603,4234,2025-12-26,Oxygen Therapy,Amoxicillin,25mg daily
12604,4234,2025-11-17,Oxygen Therapy,Amoxicillin,10mg daily
12605,4235,2025-05-29,Oxygen Therapy,Amoxicillin,25mg daily
12606,4235,2025-07-14,Oxygen Therapy,Amoxicillin,100mg daily
12607,4235,2025-10-06,Oxygen Therapy,Amoxicillin,25mg daily
12608,4236,2025-11-25,Oxygen Therapy,Amoxicillin,50mg daily
12609,4236,2025-03-13,Oxygen Therapy,Amoxicillin,25mg daily
12610,4237,2025-03-30,Oxygen Therapy,Amoxicillin,100mg daily
12611,4237,2025-05-20,Oxygen Therapy,Amoxicillin,10mg daily
12612,4238,2025-07-23,Oxygen Therapy,Amoxicillin,100mg daily
12613,4239,2025-06-03,IV Fluid Therapy,Atorvastatin,50mg daily
12614,4239,2026-01-09,IV Fluid Therapy,Atorvastatin,25mg daily
12615,4239,2025-06-30,IV Fluid Therapy,Atorvastatin,100mg daily
12616,4240,2025-09-29,IV Fluid Therapy,Atorvastatin,10mg daily
12617,4240,2025-09-15,IV Fluid Therapy,Atorvastatin,100mg daily
12618,4240,2026-02-25,IV Fluid Therapy,Atorvastatin,100mg daily
12619,4240,2025-05-21,IV Fluid Therapy,Atorvastatin,25mg daily
12620,4241,2025-04-28,Oxygen Therapy,Amoxicillin,50mg daily
12621,4241,2025-10-22,Oxygen Therapy,Amoxicillin,100mg daily
12622,4242,2026-01-15,Oxygen Therapy,Amoxicillin,25mg daily
12623,4242,2025-08-09,Oxygen Therapy,Amoxicillin,50mg daily
12624,4242,2026-03-07,Oxygen Therapy,Amoxicillin,50mg daily
12625,4243,2025-12-22,Oxygen Therapy,Amoxicillin,25mg daily
12626,4243,2025-04-01,Oxygen Therapy,Amoxicillin,10mg daily
12627,4244,2025-04-11,Oxygen Therapy,Amoxicillin,10mg daily
12628,4244,2025-05-26,Oxygen Therapy,Amoxicillin,50mg daily
12629,4244,2025-05-16,Oxygen Therapy,Amoxicillin,25mg daily
12630,4244,2026-02-18,Oxygen Therapy,Amoxicillin,100mg daily
12631,4245,2025-03-17,Oxygen Therapy,Amoxicillin,50mg daily
12632,4245,2026-03-11,Oxygen Therapy,Amoxicillin,50mg daily
12633,4245,2025-03-18,Oxygen Therapy,Amoxicillin,25mg daily
12634,4245,2026-03-08,Oxygen Therapy,Amoxicillin,25mg daily
12635,4246,2026-02-08,ECG Monitoring,Aspirin,10mg daily
12636,4246,2026-02-23,ECG Monitoring,Aspirin,25mg daily
12637,4246,2025-11-18,ECG Monitoring,Aspirin,100mg daily
12638,4246,2025-05-17,ECG Monitoring,Aspirin,25mg daily
12639,4247,2025-06-19,ECG Monitoring,Aspirin,10mg daily
12640,4248,2025-07-06,Blood Pressure Monitoring,Metoprolol,50mg daily
12641,4248,2025-06-27,Blood Pressure Monitoring,Metoprolol,100mg daily
12642,4248,2025-08-12,Blood Pressure Monitoring,Metoprolol,100mg daily
12643,4248,2025-06-27,Blood Pressure Monitoring,Metoprolol,25mg daily
12644,4249,2025-12-15,Oxygen Therapy,Amoxicillin,10mg daily
12645,4250,2026-03-05,Oxygen Therapy,Amoxicillin,50mg daily
12646,4250,2025-12-13,Oxygen Therapy,Amoxicillin,100mg daily
12647,4251,2025-10-23,Oxygen Therapy,Amoxicillin,25mg daily
12648,4252,2026-02-01,Blood Pressure Monitoring,Metoprolol,50mg daily
12649,4252,2025-11-04,Blood Pressure Monitoring,Metoprolol,100mg daily
12650,4253,2025-10-14,Blood Pressure Monitoring,Metoprolol,100mg daily
12651,4253,2025-06-18,Blood Pressure Monitoring,Metoprolol,10mg daily
12652,4253,2025-09-12,Blood Pressure Monitoring,Metoprolol,100mg daily
12653,4254,2025-09-27,Blood Pressure Monitoring,Metoprolol,25mg daily
12654,4254,2025-08-23,Blood Pressure Monitoring,Metoprolol,10mg daily
12655,4254,2025-05-01,Blood Pressure Monitoring,Metoprolol,25mg daily
12656,4254,2025-10-03,Blood Pressure Monitoring,Metoprolol,50mg daily
12657,4255,2025-09-01,Oxygen Therapy,Amoxicillin,50mg daily
12658,4255,2025-12-17,Oxygen Therapy,Amoxicillin,50mg daily
12659,4255,2025-06-13,Oxygen Therapy,Amoxicillin,50mg daily
12660,4255,2026-02-21,Oxygen Therapy,Amoxicillin,25mg daily
12661,4256,2025-12-12,ECG Monitoring,Aspirin,100mg daily
12662,4256,2025-08-11,ECG Monitoring,Aspirin,100mg daily
12663,4257,2025-06-07,ECG Monitoring,Aspirin,100mg daily
12664,4258,2025-07-28,ECG Monitoring,Aspirin,10mg daily
12665,4258,2025-08-15,ECG Monitoring,Aspirin,25mg daily
12666,4259,2025-07-27,ECG Monitoring,Aspirin,100mg daily
12667,4259,2025-06-16,ECG Monitoring,Aspirin,100mg daily
12668,4260,2025-11-03,IV Fluid Therapy,Atorvastatin,10mg daily
12669,4260,2026-01-11,IV Fluid Therapy,Atorvastatin,25mg daily
12670,4261,2026-01-17,Oxygen Therapy,Amoxicillin,100mg daily
12671,4262,2025-10-01,ECG Monitoring,Aspirin,25mg daily
12672,4262,2025-08-11,ECG Monitoring,Aspirin,10mg daily
12673,4262,2025-11-27,ECG Monitoring,Aspirin,50mg daily
12674,4262,2025-04-02,ECG Monitoring,Aspirin,10mg daily
12675,4263,2026-02-21,ECG Monitoring,Aspirin,25mg daily
12676,4263,2025-09-30,ECG Monitoring,Aspirin,25mg daily
12677,4263,2025-06-11,ECG Monitoring,Aspirin,50mg daily
12678,4264,2025-12-26,ECG Monitoring,Aspirin,100mg daily
12679,4264,2025-07-05,ECG Monitoring,Aspirin,50mg daily
12680,4264,2025-03-18,ECG Monitoring,Aspirin,50mg daily
12681,4265,2025-08-28,ECG Monitoring,Aspirin,100mg daily
12682,4265,2025-06-01,ECG Monitoring,Aspirin,10mg daily
12683,4265,2025-10-27,ECG Monitoring,Aspirin,25mg daily
12684,4265,2025-05-18,ECG Monitoring,Aspirin,10mg daily
12685,4266,2025-08-05,Oxygen Therapy,Amoxicillin,100mg daily
12686,4266,2026-02-18,Oxygen Therapy,Amoxicillin,100mg daily
12687,4266,2025-04-29,Oxygen Therapy,Amoxicillin,100mg daily
12688,4266,2026-01-21,Oxygen Therapy,Amoxicillin,100mg daily
12689,4267,2025-05-16,Oxygen Therapy,Amoxicillin,25mg daily
12690,4267,2025-09-28,Oxygen Therapy,Amoxicillin,25mg daily
12691,4267,2025-07-09,Oxygen Therapy,Amoxicillin,10mg daily
12692,4267,2025-05-28,Oxygen Therapy,Amoxicillin,25mg daily
12693,4268,2025-06-16,Oxygen Therapy,Amoxicillin,50mg daily
12694,4269,2025-05-18,Blood Pressure Monitoring,Metoprolol,100mg daily
12695,4270,2025-07-29,IV Fluid Therapy,Atorvastatin,50mg daily
12696,4271,2026-03-08,ECG Monitoring,Aspirin,10mg daily
12697,4271,2025-09-25,ECG Monitoring,Aspirin,10mg daily
12698,4271,2026-01-13,ECG Monitoring,Aspirin,50mg daily
12699,4271,2026-03-02,ECG Monitoring,Aspirin,100mg daily
12700,4272,2025-06-27,Oxygen Therapy,Amoxicillin,25mg daily
12701,4272,2025-12-14,Oxygen Therapy,Amoxicillin,100mg daily
12702,4272,2026-01-19,Oxygen Therapy,Amoxicillin,100mg daily
12703,4272,2026-01-31,Oxygen Therapy,Amoxicillin,100mg daily
12704,4273,2025-08-03,Oxygen Therapy,Amoxicillin,10mg daily
12705,4273,2025-05-27,Oxygen Therapy,Amoxicillin,100mg daily
12706,4273,2025-07-08,Oxygen Therapy,Amoxicillin,100mg daily
12707,4273,2025-11-04,Oxygen Therapy,Amoxicillin,100mg daily
12708,4274,2026-02-12,ECG Monitoring,Aspirin,100mg daily
12709,4274,2025-04-14,ECG Monitoring,Aspirin,50mg daily
12710,4275,2025-09-04,ECG Monitoring,Aspirin,10mg daily
12711,4275,2025-12-26,ECG Monitoring,Aspirin,25mg daily
12712,4275,2026-01-26,ECG Monitoring,Aspirin,50mg daily
12713,4276,2025-06-24,ECG Monitoring,Aspirin,10mg daily
12714,4276,2025-11-25,ECG Monitoring,Aspirin,25mg daily
12715,4276,2026-01-14,ECG Monitoring,Aspirin,50mg daily
12716,4276,2025-10-29,ECG Monitoring,Aspirin,50mg daily
12717,4277,2025-03-17,ECG Monitoring,Aspirin,100mg daily
12718,4277,2025-08-16,ECG Monitoring,Aspirin,50mg daily
12719,4278,2025-11-04,Blood Pressure Monitoring,Metoprolol,50mg daily
12720,4278,2025-05-02,Blood Pressure Monitoring,Metoprolol,50mg daily
12721,4278,2025-04-15,Blood Pressure Monitoring,Metoprolol,100mg daily
12722,4278,2025-04-09,Blood Pressure Monitoring,Metoprolol,50mg daily
12723,4279,2025-06-10,ECG Monitoring,Aspirin,10mg daily
12724,4280,2025-10-22,Blood Pressure Monitoring,Metoprolol,50mg daily
12725,4280,2025-11-20,Blood Pressure Monitoring,Metoprolol,50mg daily
12726,4280,2025-12-30,Blood Pressure Monitoring,Metoprolol,10mg daily
12727,4280,2025-12-11,Blood Pressure Monitoring,Metoprolol,10mg daily
12728,4281,2025-06-16,Blood Pressure Monitoring,Metoprolol,25mg daily
12729,4281,2025-12-19,Blood Pressure Monitoring,Metoprolol,25mg daily
12730,4281,2025-08-31,Blood Pressure Monitoring,Metoprolol,50mg daily
12731,4281,2025-06-16,Blood Pressure Monitoring,Metoprolol,10mg daily
12732,4282,2025-05-06,Nebulization,Salbutamol,10mg daily
12733,4282,2025-09-06,Nebulization,Salbutamol,50mg daily
12734,4282,2025-04-17,Nebulization,Salbutamol,25mg daily
12735,4283,2026-01-20,Nebulization,Salbutamol,100mg daily
12736,4283,2025-11-05,Nebulization,Salbutamol,100mg daily
12737,4283,2025-12-22,Nebulization,Salbutamol,10mg daily
12738,4284,2025-06-17,ECG Monitoring,Aspirin,25mg daily
12739,4285,2025-11-22,Blood Pressure Monitoring,Metoprolol,25mg daily
12740,4285,2025-06-20,Blood Pressure Monitoring,Metoprolol,50mg daily
12741,4285,2025-08-16,Blood Pressure Monitoring,Metoprolol,10mg daily
12742,4286,2025-05-26,ECG Monitoring,Aspirin,50mg daily
12743,4286,2026-01-30,ECG Monitoring,Aspirin,100mg daily
12744,4286,2026-01-18,ECG Monitoring,Aspirin,25mg daily
12745,4286,2025-08-31,ECG Monitoring,Aspirin,100mg daily
12746,4287,2026-02-20,ECG Monitoring,Aspirin,10mg daily
12747,4288,2025-11-13,Blood Pressure Monitoring,Metoprolol,10mg daily
12748,4289,2025-12-22,Blood Pressure Monitoring,Metoprolol,25mg daily
12749,4289,2025-12-18,Blood Pressure Monitoring,Metoprolol,50mg daily
12750,4289,2025-04-24,Blood Pressure Monitoring,Metoprolol,25mg daily
12751,4290,2025-08-10,Oxygen Therapy,Amoxicillin,10mg daily
12752,4291,2025-09-06,Oxygen Therapy,Amoxicillin,25mg daily
12753,4291,2025-08-10,Oxygen Therapy,Amoxicillin,25mg daily
12754,4291,2025-07-05,Oxygen Therapy,Amoxicillin,50mg daily
12755,4291,2025-06-23,Oxygen Therapy,Amoxicillin,50mg daily
12756,4292,2025-07-10,Oxygen Therapy,Amoxicillin,50mg daily
12757,4292,2025-09-05,Oxygen Therapy,Amoxicillin,10mg daily
12758,4292,2025-11-25,Oxygen Therapy,Amoxicillin,50mg daily
12759,4292,2026-01-07,Oxygen Therapy,Amoxicillin,10mg daily
12760,4293,2026-02-11,Oxygen Therapy,Amoxicillin,25mg daily
12761,4294,2026-01-08,Nebulization,Salbutamol,50mg daily
12762,4294,2025-04-30,Nebulization,Salbutamol,50mg daily
12763,4295,2025-06-04,ECG Monitoring,Aspirin,50mg daily
12764,4295,2026-02-15,ECG Monitoring,Aspirin,50mg daily
12765,4296,2025-11-16,ECG Monitoring,Aspirin,25mg daily
12766,4296,2025-09-21,ECG Monitoring,Aspirin,100mg daily
12767,4296,2025-10-11,ECG Monitoring,Aspirin,100mg daily
12768,4297,2025-08-01,ECG Monitoring,Aspirin,25mg daily
12769,4297,2025-03-21,ECG Monitoring,Aspirin,100mg daily
12770,4297,2025-08-20,ECG Monitoring,Aspirin,25mg daily
12771,4298,2025-03-11,ECG Monitoring,Aspirin,25mg daily
12772,4299,2025-09-06,Blood Pressure Monitoring,Metoprolol,25mg daily
12773,4300,2025-05-13,Blood Pressure Monitoring,Metoprolol,25mg daily
12774,4300,2025-03-21,Blood Pressure Monitoring,Metoprolol,10mg daily
12775,4300,2025-10-27,Blood Pressure Monitoring,Metoprolol,25mg daily
12776,4300,2026-01-13,Blood Pressure Monitoring,Metoprolol,50mg daily
12777,4301,2025-12-18,ECG Monitoring,Aspirin,100mg daily
12778,4301,2025-03-27,ECG Monitoring,Aspirin,50mg daily
12779,4301,2026-01-27,ECG Monitoring,Aspirin,25mg daily
12780,4301,2025-08-11,ECG Monitoring,Aspirin,10mg daily
12781,4302,2025-10-24,ECG Monitoring,Aspirin,25mg daily
12782,4302,2025-03-21,ECG Monitoring,Aspirin,100mg daily
12783,4302,2026-01-28,ECG Monitoring,Aspirin,50mg daily
12784,4303,2025-04-20,Nebulization,Salbutamol,25mg daily
12785,4303,2026-01-07,Nebulization,Salbutamol,50mg daily
12786,4303,2026-01-12,Nebulization,Salbutamol,10mg daily
12787,4304,2025-08-19,Oxygen Therapy,Amoxicillin,50mg daily
12788,4305,2025-04-06,Nebulization,Salbutamol,50mg daily
12789,4305,2025-08-23,Nebulization,Salbutamol,25mg daily
12790,4306,2026-02-12,Oxygen Therapy,Amoxicillin,50mg daily
12791,4306,2025-11-28,Oxygen Therapy,Amoxicillin,100mg daily
12792,4306,2025-03-27,Oxygen Therapy,Amoxicillin,100mg daily
12793,4306,2025-04-05,Oxygen Therapy,Amoxicillin,50mg daily
12794,4307,2026-01-02,ECG Monitoring,Aspirin,50mg daily
12795,4307,2025-04-30,ECG Monitoring,Aspirin,100mg daily
12796,4307,2025-04-29,ECG Monitoring,Aspirin,50mg daily
12797,4308,2025-10-07,IV Fluid Therapy,Atorvastatin,10mg daily
12798,4308,2025-06-27,IV Fluid Therapy,Atorvastatin,50mg daily
12799,4308,2025-03-18,IV Fluid Therapy,Atorvastatin,10mg daily
12800,4308,2025-12-16,IV Fluid Therapy,Atorvastatin,10mg daily
12801,4309,2025-12-15,ECG Monitoring,Aspirin,100mg daily
12802,4309,2025-09-11,ECG Monitoring,Aspirin,50mg daily
12803,4309,2025-11-03,ECG Monitoring,Aspirin,10mg daily
12804,4309,2025-03-28,ECG Monitoring,Aspirin,10mg daily
12805,4310,2025-06-28,Blood Pressure Monitoring,Metoprolol,25mg daily
12806,4310,2025-12-05,Blood Pressure Monitoring,Metoprolol,10mg daily
12807,4310,2026-02-05,Blood Pressure Monitoring,Metoprolol,25mg daily
12808,4311,2025-09-12,ECG Monitoring,Aspirin,25mg daily
12809,4312,2025-09-10,ECG Monitoring,Aspirin,100mg daily
12810,4313,2025-04-11,ECG Monitoring,Aspirin,10mg daily
12811,4313,2025-12-10,ECG Monitoring,Aspirin,25mg daily
12812,4313,2026-02-26,ECG Monitoring,Aspirin,25mg daily
12813,4314,2025-06-06,ECG Monitoring,Aspirin,25mg daily
12814,4314,2025-07-06,ECG Monitoring,Aspirin,100mg daily
12815,4314,2025-09-17,ECG Monitoring,Aspirin,50mg daily
12816,4314,2026-01-27,ECG Monitoring,Aspirin,50mg daily
12817,4315,2025-04-17,ECG Monitoring,Aspirin,25mg daily
12818,4315,2025-09-16,ECG Monitoring,Aspirin,10mg daily
12819,4315,2025-05-29,ECG Monitoring,Aspirin,100mg daily
12820,4315,2025-12-04,ECG Monitoring,Aspirin,100mg daily
12821,4316,2025-04-20,Nebulization,Salbutamol,10mg daily
12822,4316,2025-04-19,Nebulization,Salbutamol,25mg daily
12823,4316,2026-02-26,Nebulization,Salbutamol,25mg daily
12824,4316,2025-06-28,Nebulization,Salbutamol,25mg daily
12825,4317,2025-09-07,Oxygen Therapy,Amoxicillin,25mg daily
12826,4317,2025-12-14,Oxygen Therapy,Amoxicillin,50mg daily
12827,4317,2025-05-15,Oxygen Therapy,Amoxicillin,50mg daily
12828,4317,2025-06-11,Oxygen Therapy,Amoxicillin,10mg daily
12829,4318,2025-05-14,Oxygen Therapy,Amoxicillin,100mg daily
12830,4319,2025-06-16,IV Fluid Therapy,Atorvastatin,10mg daily
12831,4319,2025-12-15,IV Fluid Therapy,Atorvastatin,100mg daily
12832,4319,2025-12-28,IV Fluid Therapy,Atorvastatin,10mg daily
12833,4319,2025-12-22,IV Fluid Therapy,Atorvastatin,25mg daily
12834,4320,2025-07-24,ECG Monitoring,Aspirin,25mg daily
12835,4320,2025-08-23,ECG Monitoring,Aspirin,50mg daily
12836,4320,2026-02-22,ECG Monitoring,Aspirin,100mg daily
12837,4321,2025-11-18,IV Fluid Therapy,Atorvastatin,25mg daily
12838,4321,2026-01-23,IV Fluid Therapy,Atorvastatin,25mg daily
12839,4321,2025-06-27,IV Fluid Therapy,Atorvastatin,100mg daily
12840,4322,2025-04-27,Oxygen Therapy,Amoxicillin,100mg daily
12841,4323,2026-02-26,ECG Monitoring,Aspirin,100mg daily
12842,4324,2025-04-02,ECG Monitoring,Aspirin,25mg daily
12843,4324,2025-12-06,ECG Monitoring,Aspirin,50mg daily
12844,4324,2025-05-01,ECG Monitoring,Aspirin,25mg daily
12845,4324,2025-08-31,ECG Monitoring,Aspirin,50mg daily
12846,4325,2026-02-01,Blood Pressure Monitoring,Metoprolol,10mg daily
12847,4326,2025-05-22,Blood Pressure Monitoring,Metoprolol,10mg daily
12848,4326,2025-10-30,Blood Pressure Monitoring,Metoprolol,50mg daily
12849,4327,2025-05-15,Blood Pressure Monitoring,Metoprolol,10mg daily
12850,4327,2025-11-05,Blood Pressure Monitoring,Metoprolol,50mg daily
12851,4328,2025-08-20,Blood Pressure Monitoring,Metoprolol,50mg daily
12852,4328,2025-04-18,Blood Pressure Monitoring,Metoprolol,10mg daily
12853,4328,2025-12-25,Blood Pressure Monitoring,Metoprolol,100mg daily
12854,4329,2025-11-04,Blood Pressure Monitoring,Metoprolol,25mg daily
12855,4329,2025-12-04,Blood Pressure Monitoring,Metoprolol,10mg daily
12856,4329,2025-12-19,Blood Pressure Monitoring,Metoprolol,10mg daily
12857,4330,2025-06-17,Blood Pressure Monitoring,Metoprolol,100mg daily
12858,4330,2025-08-24,Blood Pressure Monitoring,Metoprolol,25mg daily
12859,4330,2026-01-19,Blood Pressure Monitoring,Metoprolol,50mg daily
12860,4331,2026-02-08,Oxygen Therapy,Amoxicillin,25mg daily
12861,4331,2025-09-09,Oxygen Therapy,Amoxicillin,50mg daily
12862,4332,2025-04-26,Nebulization,Salbutamol,10mg daily
12863,4332,2026-02-23,Nebulization,Salbutamol,25mg daily
12864,4332,2025-08-23,Nebulization,Salbutamol,100mg daily
12865,4332,2025-08-06,Nebulization,Salbutamol,25mg daily
12866,4333,2025-04-30,Nebulization,Salbutamol,50mg daily
12867,4333,2025-08-08,Nebulization,Salbutamol,50mg daily
12868,4334,2025-10-01,ECG Monitoring,Aspirin,10mg daily
12869,4335,2026-02-05,IV Fluid Therapy,Atorvastatin,25mg daily
12870,4335,2025-11-01,IV Fluid Therapy,Atorvastatin,50mg daily
12871,4335,2025-10-28,IV Fluid Therapy,Atorvastatin,100mg daily
12872,4335,2025-04-11,IV Fluid Therapy,Atorvastatin,50mg daily
12873,4336,2025-11-03,ECG Monitoring,Aspirin,50mg daily
12874,4337,2025-05-05,IV Fluid Therapy,Atorvastatin,25mg daily
12875,4338,2025-12-04,ECG Monitoring,Aspirin,10mg daily
12876,4338,2025-03-15,ECG Monitoring,Aspirin,25mg daily
12877,4338,2025-05-05,ECG Monitoring,Aspirin,50mg daily
12878,4338,2025-07-19,ECG Monitoring,Aspirin,50mg daily
12879,4339,2025-07-07,Oxygen Therapy,Amoxicillin,25mg daily
12880,4339,2025-05-13,Oxygen Therapy,Amoxicillin,100mg daily
12881,4340,2025-04-10,Oxygen Therapy,Amoxicillin,50mg daily
12882,4340,2026-02-16,Oxygen Therapy,Amoxicillin,25mg daily
12883,4341,2025-06-08,Blood Pressure Monitoring,Metoprolol,25mg daily
12884,4341,2025-09-09,Blood Pressure Monitoring,Metoprolol,100mg daily
12885,4341,2026-03-09,Blood Pressure Monitoring,Metoprolol,50mg daily
12886,4341,2025-08-26,Blood Pressure Monitoring,Metoprolol,50mg daily
12887,4342,2026-01-23,Blood Pressure Monitoring,Metoprolol,100mg daily
12888,4342,2025-10-23,Blood Pressure Monitoring,Metoprolol,100mg daily
12889,4342,2025-03-13,Blood Pressure Monitoring,Metoprolol,25mg daily
12890,4342,2025-08-24,Blood Pressure Monitoring,Metoprolol,25mg daily
12891,4343,2025-08-15,Blood Pressure Monitoring,Metoprolol,50mg daily
12892,4343,2025-06-27,Blood Pressure Monitoring,Metoprolol,100mg daily
12893,4344,2025-11-05,Oxygen Therapy,Amoxicillin,10mg daily
12894,4344,2026-02-24,Oxygen Therapy,Amoxicillin,50mg daily
12895,4344,2025-04-23,Oxygen Therapy,Amoxicillin,50mg daily
12896,4345,2026-03-04,Oxygen Therapy,Amoxicillin,25mg daily
12897,4345,2026-02-04,Oxygen Therapy,Amoxicillin,100mg daily
12898,4345,2025-09-10,Oxygen Therapy,Amoxicillin,100mg daily
12899,4345,2025-11-25,Oxygen Therapy,Amoxicillin,50mg daily
12900,4346,2025-12-17,Oxygen Therapy,Amoxicillin,100mg daily
12901,4346,2025-04-18,Oxygen Therapy,Amoxicillin,50mg daily
12902,4346,2025-12-26,Oxygen Therapy,Amoxicillin,50mg daily
12903,4347,2026-01-24,Oxygen Therapy,Amoxicillin,10mg daily
12904,4347,2025-03-29,Oxygen Therapy,Amoxicillin,10mg daily
12905,4348,2025-06-07,Nebulization,Salbutamol,10mg daily
12906,4348,2025-09-06,Nebulization,Salbutamol,10mg daily
12907,4348,2025-12-04,Nebulization,Salbutamol,50mg daily
12908,4348,2025-10-22,Nebulization,Salbutamol,10mg daily
12909,4349,2025-11-07,Nebulization,Salbutamol,10mg daily
12910,4349,2025-05-15,Nebulization,Salbutamol,100mg daily
12911,4349,2025-03-27,Nebulization,Salbutamol,10mg daily
12912,4350,2026-02-17,ECG Monitoring,Aspirin,50mg daily
12913,4350,2025-11-14,ECG Monitoring,Aspirin,50mg daily
12914,4351,2025-04-28,ECG Monitoring,Aspirin,10mg daily
12915,4351,2025-11-05,ECG Monitoring,Aspirin,50mg daily
12916,4351,2026-02-12,ECG Monitoring,Aspirin,50mg daily
12917,4351,2025-05-13,ECG Monitoring,Aspirin,100mg daily
12918,4352,2025-06-17,ECG Monitoring,Aspirin,100mg daily
12919,4353,2025-06-28,ECG Monitoring,Aspirin,50mg daily
12920,4353,2025-10-11,ECG Monitoring,Aspirin,25mg daily
12921,4354,2025-04-04,IV Fluid Therapy,Atorvastatin,25mg daily
12922,4354,2025-05-29,IV Fluid Therapy,Atorvastatin,10mg daily
12923,4354,2025-12-02,IV Fluid Therapy,Atorvastatin,25mg daily
12924,4354,2025-04-23,IV Fluid Therapy,Atorvastatin,10mg daily
12925,4355,2026-01-22,ECG Monitoring,Aspirin,25mg daily
12926,4355,2025-04-21,ECG Monitoring,Aspirin,50mg daily
12927,4355,2025-04-29,ECG Monitoring,Aspirin,50mg daily
12928,4356,2025-11-30,IV Fluid Therapy,Atorvastatin,10mg daily
12929,4356,2025-05-20,IV Fluid Therapy,Atorvastatin,50mg daily
12930,4357,2026-02-14,ECG Monitoring,Aspirin,25mg daily
12931,4357,2025-07-19,ECG Monitoring,Aspirin,10mg daily
12932,4357,2025-07-25,ECG Monitoring,Aspirin,25mg daily
12933,4357,2026-01-09,ECG Monitoring,Aspirin,10mg daily
12934,4358,2025-06-21,ECG Monitoring,Aspirin,25mg daily
12935,4358,2025-04-30,ECG Monitoring,Aspirin,50mg daily
12936,4358,2025-10-04,ECG Monitoring,Aspirin,50mg daily
12937,4358,2025-06-16,ECG Monitoring,Aspirin,25mg daily
12938,4359,2025-06-24,ECG Monitoring,Aspirin,25mg daily
12939,4360,2026-01-17,ECG Monitoring,Aspirin,10mg daily
12940,4360,2025-10-05,ECG Monitoring,Aspirin,50mg daily
12941,4360,2025-11-30,ECG Monitoring,Aspirin,10mg daily
12942,4361,2025-12-30,ECG Monitoring,Aspirin,50mg daily
12943,4361,2025-09-14,ECG Monitoring,Aspirin,100mg daily
12944,4361,2026-01-22,ECG Monitoring,Aspirin,10mg daily
12945,4362,2025-06-14,ECG Monitoring,Aspirin,25mg daily
12946,4363,2026-01-30,Nebulization,Salbutamol,50mg daily
12947,4363,2025-10-08,Nebulization,Salbutamol,25mg daily
12948,4363,2025-06-29,Nebulization,Salbutamol,100mg daily
12949,4364,2026-01-02,Nebulization,Salbutamol,25mg daily
12950,4364,2025-11-12,Nebulization,Salbutamol,50mg daily
12951,4365,2025-08-20,Oxygen Therapy,Amoxicillin,25mg daily
12952,4365,2025-04-14,Oxygen Therapy,Amoxicillin,25mg daily
12953,4365,2025-12-10,Oxygen Therapy,Amoxicillin,25mg daily
12954,4365,2025-09-30,Oxygen Therapy,Amoxicillin,10mg daily
12955,4366,2025-12-22,Oxygen Therapy,Amoxicillin,50mg daily
12956,4367,2026-01-27,Blood Pressure Monitoring,Metoprolol,50mg daily
12957,4368,2025-08-04,Blood Pressure Monitoring,Metoprolol,50mg daily
12958,4368,2025-05-15,Blood Pressure Monitoring,Metoprolol,50mg daily
12959,4368,2025-11-05,Blood Pressure Monitoring,Metoprolol,100mg daily
12960,4369,2026-02-14,Oxygen Therapy,Amoxicillin,25mg daily
12961,4369,2025-09-11,Oxygen Therapy,Amoxicillin,10mg daily
12962,4369,2025-12-08,Oxygen Therapy,Amoxicillin,10mg daily
12963,4370,2026-01-18,ECG Monitoring,Aspirin,25mg daily
12964,4370,2025-03-31,ECG Monitoring,Aspirin,10mg daily
12965,4370,2025-12-30,ECG Monitoring,Aspirin,100mg daily
12966,4370,2026-03-07,ECG Monitoring,Aspirin,100mg daily
12967,4371,2025-03-22,Nebulization,Salbutamol,50mg daily
12968,4371,2025-04-21,Nebulization,Salbutamol,25mg daily
12969,4371,2025-06-03,Nebulization,Salbutamol,100mg daily
12970,4372,2025-06-11,Nebulization,Salbutamol,25mg daily
12971,4372,2025-10-28,Nebulization,Salbutamol,50mg daily
12972,4373,2025-09-04,Oxygen Therapy,Amoxicillin,25mg daily
12973,4373,2025-09-16,Oxygen Therapy,Amoxicillin,25mg daily
12974,4373,2025-09-14,Oxygen Therapy,Amoxicillin,100mg daily
12975,4373,2025-05-16,Oxygen Therapy,Amoxicillin,100mg daily
12976,4374,2025-12-24,ECG Monitoring,Aspirin,10mg daily
12977,4375,2025-07-10,ECG Monitoring,Aspirin,10mg daily
12978,4375,2025-08-08,ECG Monitoring,Aspirin,10mg daily
12979,4376,2025-09-02,ECG Monitoring,Aspirin,10mg daily
12980,4377,2026-02-23,ECG Monitoring,Aspirin,25mg daily
12981,4378,2026-01-19,Blood Pressure Monitoring,Metoprolol,25mg daily
12982,4378,2026-01-01,Blood Pressure Monitoring,Metoprolol,50mg daily
12983,4378,2025-09-30,Blood Pressure Monitoring,Metoprolol,25mg daily
12984,4378,2025-03-13,Blood Pressure Monitoring,Metoprolol,50mg daily
12985,4379,2025-12-12,ECG Monitoring,Aspirin,25mg daily
12986,4379,2025-06-14,ECG Monitoring,Aspirin,10mg daily
12987,4380,2025-09-23,ECG Monitoring,Aspirin,25mg daily
12988,4380,2025-04-10,ECG Monitoring,Aspirin,100mg daily
12989,4381,2025-04-02,Nebulization,Salbutamol,50mg daily
12990,4382,2026-03-01,Nebulization,Salbutamol,50mg daily
12991,4382,2025-10-18,Nebulization,Salbutamol,50mg daily
12992,4383,2025-04-26,Oxygen Therapy,Amoxicillin,10mg daily
12993,4383,2025-04-09,Oxygen Therapy,Amoxicillin,10mg daily
12994,4383,2025-05-21,Oxygen Therapy,Amoxicillin,100mg daily
12995,4383,2025-09-22,Oxygen Therapy,Amoxicillin,50mg daily
12996,4384,2025-08-07,Blood Pressure Monitoring,Metoprolol,25mg daily
12997,4385,2025-05-16,Blood Pressure Monitoring,Metoprolol,50mg daily
12998,4385,2026-02-02,Blood Pressure Monitoring,Metoprolol,25mg daily
12999,4385,2025-08-11,Blood Pressure Monitoring,Metoprolol,10mg daily
13000,4386,2025-11-19,Blood Pressure Monitoring,Metoprolol,25mg daily
13001,4386,2025-12-10,Blood Pressure Monitoring,Metoprolol,10mg daily
13002,4387,2025-06-10,Blood Pressure Monitoring,Metoprolol,100mg daily
13003,4387,2025-12-09,Blood Pressure Monitoring,Metoprolol,25mg daily
13004,4387,2025-09-26,Blood Pressure Monitoring,Metoprolol,50mg daily
13005,4387,2025-08-20,Blood Pressure Monitoring,Metoprolol,50mg daily
13006,4388,2025-06-08,Nebulization,Salbutamol,100mg daily
13007,4388,2025-10-01,Nebulization,Salbutamol,50mg daily
13008,4388,2026-03-11,Nebulization,Salbutamol,50mg daily
13009,4388,2025-10-25,Nebulization,Salbutamol,100mg daily
13010,4389,2025-12-14,IV Fluid Therapy,Atorvastatin,25mg daily
13011,4389,2025-11-08,IV Fluid Therapy,Atorvastatin,10mg daily
13012,4390,2025-12-07,IV Fluid Therapy,Atorvastatin,100mg daily
13013,4390,2025-06-02,IV Fluid Therapy,Atorvastatin,25mg daily
13014,4390,2025-03-29,IV Fluid Therapy,Atorvastatin,25mg daily
13015,4391,2025-08-18,IV Fluid Therapy,Atorvastatin,10mg daily
13016,4392,2025-08-24,ECG Monitoring,Aspirin,10mg daily
13017,4392,2025-05-07,ECG Monitoring,Aspirin,50mg daily
13018,4392,2026-03-10,ECG Monitoring,Aspirin,25mg daily
13019,4393,2025-12-15,Blood Pressure Monitoring,Metoprolol,50mg daily
13020,4393,2025-06-17,Blood Pressure Monitoring,Metoprolol,50mg daily
13021,4394,2025-09-25,ECG Monitoring,Aspirin,50mg daily
13022,4394,2025-10-16,ECG Monitoring,Aspirin,25mg daily
13023,4395,2025-11-01,ECG Monitoring,Aspirin,10mg daily
13024,4396,2025-09-20,ECG Monitoring,Aspirin,100mg daily
13025,4397,2025-05-29,Blood Pressure Monitoring,Metoprolol,100mg daily
13026,4397,2025-03-17,Blood Pressure Monitoring,Metoprolol,10mg daily
13027,4397,2025-08-09,Blood Pressure Monitoring,Metoprolol,100mg daily
13028,4398,2025-07-04,Blood Pressure Monitoring,Metoprolol,100mg daily
13029,4398,2025-06-20,Blood Pressure Monitoring,Metoprolol,50mg daily
13030,4398,2025-09-17,Blood Pressure Monitoring,Metoprolol,10mg daily
13031,4398,2025-03-18,Blood Pressure Monitoring,Metoprolol,25mg daily
13032,4399,2026-02-08,Oxygen Therapy,Amoxicillin,25mg daily
13033,4399,2025-11-23,Oxygen Therapy,Amoxicillin,25mg daily
13034,4399,2025-06-16,Oxygen Therapy,Amoxicillin,25mg daily
13035,4399,2025-06-05,Oxygen Therapy,Amoxicillin,25mg daily
13036,4400,2025-04-30,Oxygen Therapy,Amoxicillin,100mg daily
13037,4400,2026-02-23,Oxygen Therapy,Amoxicillin,10mg daily
13038,4400,2026-02-23,Oxygen Therapy,Amoxicillin,50mg daily
13039,4401,2025-07-17,ECG Monitoring,Aspirin,25mg daily
13040,4401,2025-12-06,ECG Monitoring,Aspirin,25mg daily
13041,4401,2026-01-07,ECG Monitoring,Aspirin,50mg daily
13042,4401,2025-07-23,ECG Monitoring,Aspirin,50mg daily
13043,4402,2025-06-04,ECG Monitoring,Aspirin,10mg daily
13044,4402,2025-05-20,ECG Monitoring,Aspirin,25mg daily
13045,4402,2025-08-16,ECG Monitoring,Aspirin,25mg daily
13046,4403,2025-03-17,Blood Pressure Monitoring,Metoprolol,25mg daily
13047,4403,2025-11-22,Blood Pressure Monitoring,Metoprolol,50mg daily
13048,4403,2025-04-06,Blood Pressure Monitoring,Metoprolol,10mg daily
13049,4404,2025-10-08,Blood Pressure Monitoring,Metoprolol,100mg daily
13050,4404,2025-12-22,Blood Pressure Monitoring,Metoprolol,50mg daily
13051,4405,2025-04-03,IV Fluid Therapy,Atorvastatin,50mg daily
13052,4405,2025-04-16,IV Fluid Therapy,Atorvastatin,10mg daily
13053,4405,2025-06-06,IV Fluid Therapy,Atorvastatin,50mg daily
13054,4406,2025-07-19,IV Fluid Therapy,Atorvastatin,100mg daily
13055,4406,2026-01-20,IV Fluid Therapy,Atorvastatin,50mg daily
13056,4407,2025-04-05,Blood Pressure Monitoring,Metoprolol,25mg daily
13057,4407,2025-12-24,Blood Pressure Monitoring,Metoprolol,25mg daily
13058,4407,2025-10-11,Blood Pressure Monitoring,Metoprolol,50mg daily
13059,4407,2025-09-29,Blood Pressure Monitoring,Metoprolol,100mg daily
13060,4408,2025-12-05,Blood Pressure Monitoring,Metoprolol,10mg daily
13061,4408,2025-10-17,Blood Pressure Monitoring,Metoprolol,10mg daily
13062,4408,2026-02-08,Blood Pressure Monitoring,Metoprolol,25mg daily
13063,4408,2025-03-12,Blood Pressure Monitoring,Metoprolol,25mg daily
13064,4409,2025-06-19,Blood Pressure Monitoring,Metoprolol,100mg daily
13065,4409,2025-07-09,Blood Pressure Monitoring,Metoprolol,50mg daily
13066,4409,2025-07-21,Blood Pressure Monitoring,Metoprolol,50mg daily
13067,4410,2026-02-26,Blood Pressure Monitoring,Metoprolol,25mg daily
13068,4410,2026-01-06,Blood Pressure Monitoring,Metoprolol,10mg daily
13069,4410,2025-10-21,Blood Pressure Monitoring,Metoprolol,100mg daily
13070,4410,2025-07-29,Blood Pressure Monitoring,Metoprolol,100mg daily
13071,4411,2025-04-18,ECG Monitoring,Aspirin,100mg daily
13072,4411,2025-08-16,ECG Monitoring,Aspirin,25mg daily
13073,4411,2025-11-24,ECG Monitoring,Aspirin,100mg daily
13074,4412,2026-02-11,ECG Monitoring,Aspirin,25mg daily
13075,4413,2025-06-15,ECG Monitoring,Aspirin,10mg daily
13076,4413,2025-08-20,ECG Monitoring,Aspirin,25mg daily
13077,4413,2025-03-21,ECG Monitoring,Aspirin,10mg daily
13078,4414,2026-01-13,Nebulization,Salbutamol,50mg daily
13079,4414,2025-05-05,Nebulization,Salbutamol,100mg daily
13080,4414,2026-02-09,Nebulization,Salbutamol,10mg daily
13081,4414,2025-11-06,Nebulization,Salbutamol,100mg daily
13082,4415,2025-12-07,Blood Pressure Monitoring,Metoprolol,100mg daily
13083,4415,2025-08-05,Blood Pressure Monitoring,Metoprolol,100mg daily
13084,4415,2026-01-19,Blood Pressure Monitoring,Metoprolol,25mg daily
13085,4415,2025-11-27,Blood Pressure Monitoring,Metoprolol,25mg daily
13086,4416,2025-10-16,Blood Pressure Monitoring,Metoprolol,100mg daily
13087,4417,2025-12-10,Blood Pressure Monitoring,Metoprolol,10mg daily
13088,4417,2025-04-19,Blood Pressure Monitoring,Metoprolol,25mg daily
13089,4418,2025-11-24,ECG Monitoring,Aspirin,50mg daily
13090,4418,2025-09-11,ECG Monitoring,Aspirin,100mg daily
13091,4419,2025-12-30,Nebulization,Salbutamol,100mg daily
13092,4419,2025-04-19,Nebulization,Salbutamol,10mg daily
13093,4419,2025-06-30,Nebulization,Salbutamol,100mg daily
13094,4419,2026-01-09,Nebulization,Salbutamol,25mg daily
13095,4420,2025-09-11,Nebulization,Salbutamol,50mg daily
13096,4420,2025-11-22,Nebulization,Salbutamol,10mg daily
13097,4420,2025-06-17,Nebulization,Salbutamol,100mg daily
13098,4421,2025-12-02,Nebulization,Salbutamol,25mg daily
13099,4422,2025-09-30,ECG Monitoring,Aspirin,50mg daily
13100,4422,2025-05-13,ECG Monitoring,Aspirin,10mg daily
13101,4422,2025-07-20,ECG Monitoring,Aspirin,50mg daily
13102,4422,2026-02-15,ECG Monitoring,Aspirin,50mg daily
13103,4423,2025-10-23,Blood Pressure Monitoring,Metoprolol,10mg daily
13104,4424,2025-12-15,ECG Monitoring,Aspirin,100mg daily
13105,4424,2025-09-15,ECG Monitoring,Aspirin,25mg daily
13106,4424,2025-04-15,ECG Monitoring,Aspirin,25mg daily
13107,4425,2025-12-09,ECG Monitoring,Aspirin,25mg daily
13108,4425,2025-09-06,ECG Monitoring,Aspirin,100mg daily
13109,4426,2025-05-11,ECG Monitoring,Aspirin,50mg daily
13110,4426,2025-09-27,ECG Monitoring,Aspirin,10mg daily
13111,4426,2025-07-09,ECG Monitoring,Aspirin,100mg daily
13112,4427,2025-11-03,IV Fluid Therapy,Atorvastatin,100mg daily
13113,4427,2025-06-01,IV Fluid Therapy,Atorvastatin,10mg daily
13114,4427,2025-09-21,IV Fluid Therapy,Atorvastatin,50mg daily
13115,4428,2025-10-25,IV Fluid Therapy,Atorvastatin,100mg daily
13116,4428,2025-07-08,IV Fluid Therapy,Atorvastatin,100mg daily
13117,4429,2026-01-29,IV Fluid Therapy,Atorvastatin,10mg daily
13118,4429,2026-02-26,IV Fluid Therapy,Atorvastatin,50mg daily
13119,4429,2025-08-12,IV Fluid Therapy,Atorvastatin,50mg daily
13120,4430,2025-03-11,ECG Monitoring,Aspirin,10mg daily
13121,4431,2025-10-29,ECG Monitoring,Aspirin,25mg daily
13122,4431,2025-11-17,ECG Monitoring,Aspirin,10mg daily
13123,4432,2025-11-04,Oxygen Therapy,Amoxicillin,50mg daily
13124,4432,2025-05-14,Oxygen Therapy,Amoxicillin,25mg daily
13125,4433,2025-03-23,Oxygen Therapy,Amoxicillin,100mg daily
13126,4433,2026-01-15,Oxygen Therapy,Amoxicillin,25mg daily
13127,4433,2025-04-03,Oxygen Therapy,Amoxicillin,100mg daily
13128,4434,2025-06-11,Oxygen Therapy,Amoxicillin,50mg daily
13129,4434,2025-06-23,Oxygen Therapy,Amoxicillin,25mg daily
13130,4434,2025-08-03,Oxygen Therapy,Amoxicillin,50mg daily
13131,4434,2025-07-03,Oxygen Therapy,Amoxicillin,10mg daily
13132,4435,2025-08-26,Oxygen Therapy,Amoxicillin,10mg daily
13133,4435,2025-10-10,Oxygen Therapy,Amoxicillin,10mg daily
13134,4436,2025-07-10,Nebulization,Salbutamol,50mg daily
13135,4436,2025-05-15,Nebulization,Salbutamol,50mg daily
13136,4436,2025-10-08,Nebulization,Salbutamol,50mg daily
13137,4436,2025-07-16,Nebulization,Salbutamol,50mg daily
13138,4437,2025-09-10,Oxygen Therapy,Amoxicillin,10mg daily
13139,4437,2026-03-04,Oxygen Therapy,Amoxicillin,50mg daily
13140,4438,2025-12-29,ECG Monitoring,Aspirin,10mg daily
13141,4439,2025-08-07,Oxygen Therapy,Amoxicillin,25mg daily
13142,4439,2025-08-28,Oxygen Therapy,Amoxicillin,10mg daily
13143,4439,2025-05-15,Oxygen Therapy,Amoxicillin,100mg daily
13144,4440,2026-01-14,Oxygen Therapy,Amoxicillin,25mg daily
13145,4440,2026-01-10,Oxygen Therapy,Amoxicillin,25mg daily
13146,4441,2025-07-15,Oxygen Therapy,Amoxicillin,100mg daily
13147,4441,2025-05-15,Oxygen Therapy,Amoxicillin,10mg daily
13148,4441,2025-04-21,Oxygen Therapy,Amoxicillin,100mg daily
13149,4441,2025-04-28,Oxygen Therapy,Amoxicillin,50mg daily
13150,4442,2026-01-28,Oxygen Therapy,Amoxicillin,100mg daily
13151,4443,2025-08-28,Oxygen Therapy,Amoxicillin,50mg daily
13152,4443,2025-12-02,Oxygen Therapy,Amoxicillin,50mg daily
13153,4443,2025-10-30,Oxygen Therapy,Amoxicillin,10mg daily
13154,4444,2025-05-30,Oxygen Therapy,Amoxicillin,10mg daily
13155,4444,2025-11-29,Oxygen Therapy,Amoxicillin,50mg daily
13156,4444,2026-02-08,Oxygen Therapy,Amoxicillin,100mg daily
13157,4444,2025-10-03,Oxygen Therapy,Amoxicillin,50mg daily
13158,4445,2025-07-07,Oxygen Therapy,Amoxicillin,50mg daily
13159,4446,2025-08-02,Oxygen Therapy,Amoxicillin,50mg daily
13160,4446,2026-01-30,Oxygen Therapy,Amoxicillin,10mg daily
13161,4446,2025-05-10,Oxygen Therapy,Amoxicillin,50mg daily
13162,4446,2025-08-17,Oxygen Therapy,Amoxicillin,25mg daily
13163,4447,2025-07-11,Blood Pressure Monitoring,Metoprolol,10mg daily
13164,4448,2025-03-24,Blood Pressure Monitoring,Metoprolol,25mg daily
13165,4448,2025-03-19,Blood Pressure Monitoring,Metoprolol,50mg daily
13166,4448,2025-04-03,Blood Pressure Monitoring,Metoprolol,10mg daily
13167,4449,2026-03-09,Blood Pressure Monitoring,Metoprolol,50mg daily
13168,4449,2026-01-19,Blood Pressure Monitoring,Metoprolol,50mg daily
13169,4450,2025-05-13,Oxygen Therapy,Amoxicillin,10mg daily
13170,4450,2025-11-27,Oxygen Therapy,Amoxicillin,25mg daily
13171,4450,2026-02-28,Oxygen Therapy,Amoxicillin,10mg daily
13172,4451,2025-05-12,Oxygen Therapy,Amoxicillin,25mg daily
13173,4452,2025-06-21,Oxygen Therapy,Amoxicillin,25mg daily
13174,4452,2025-09-01,Oxygen Therapy,Amoxicillin,50mg daily
13175,4452,2025-04-07,Oxygen Therapy,Amoxicillin,50mg daily
13176,4453,2025-08-16,Oxygen Therapy,Amoxicillin,25mg daily
13177,4454,2026-01-19,ECG Monitoring,Aspirin,10mg daily
13178,4454,2025-09-03,ECG Monitoring,Aspirin,50mg daily
13179,4455,2025-04-24,ECG Monitoring,Aspirin,10mg daily
13180,4455,2025-05-16,ECG Monitoring,Aspirin,100mg daily
13181,4455,2025-07-07,ECG Monitoring,Aspirin,10mg daily
13182,4456,2025-09-14,Blood Pressure Monitoring,Metoprolol,10mg daily
13183,4457,2025-10-07,ECG Monitoring,Aspirin,50mg daily
13184,4457,2025-08-08,ECG Monitoring,Aspirin,10mg daily
13185,4457,2025-11-30,ECG Monitoring,Aspirin,50mg daily
13186,4457,2025-11-07,ECG Monitoring,Aspirin,100mg daily
13187,4458,2026-03-06,Oxygen Therapy,Amoxicillin,50mg daily
13188,4458,2025-05-18,Oxygen Therapy,Amoxicillin,100mg daily
13189,4459,2025-10-14,Oxygen Therapy,Amoxicillin,25mg daily
13190,4460,2025-04-24,Nebulization,Salbutamol,10mg daily
13191,4460,2025-08-12,Nebulization,Salbutamol,10mg daily
13192,4460,2025-04-25,Nebulization,Salbutamol,50mg daily
13193,4461,2025-07-31,Oxygen Therapy,Amoxicillin,100mg daily
13194,4461,2026-02-17,Oxygen Therapy,Amoxicillin,50mg daily
13195,4462,2025-06-06,Blood Pressure Monitoring,Metoprolol,25mg daily
13196,4463,2025-04-02,ECG Monitoring,Aspirin,50mg daily
13197,4463,2025-09-13,ECG Monitoring,Aspirin,50mg daily
13198,4463,2025-03-25,ECG Monitoring,Aspirin,50mg daily
13199,4463,2026-01-07,ECG Monitoring,Aspirin,50mg daily
13200,4464,2025-03-28,Oxygen Therapy,Amoxicillin,25mg daily
13201,4464,2025-09-16,Oxygen Therapy,Amoxicillin,50mg daily
13202,4464,2025-09-12,Oxygen Therapy,Amoxicillin,25mg daily
13203,4464,2025-05-01,Oxygen Therapy,Amoxicillin,10mg daily
13204,4465,2025-08-12,Oxygen Therapy,Amoxicillin,10mg daily
13205,4465,2025-10-02,Oxygen Therapy,Amoxicillin,25mg daily
13206,4465,2026-02-19,Oxygen Therapy,Amoxicillin,50mg daily
13207,4466,2025-09-10,Oxygen Therapy,Amoxicillin,100mg daily
13208,4466,2026-01-17,Oxygen Therapy,Amoxicillin,50mg daily
13209,4466,2025-07-04,Oxygen Therapy,Amoxicillin,50mg daily
13210,4466,2025-12-15,Oxygen Therapy,Amoxicillin,25mg daily
13211,4467,2025-04-19,Oxygen Therapy,Amoxicillin,50mg daily
13212,4467,2025-03-11,Oxygen Therapy,Amoxicillin,10mg daily
13213,4467,2025-11-18,Oxygen Therapy,Amoxicillin,50mg daily
13214,4468,2025-04-14,Oxygen Therapy,Amoxicillin,10mg daily
13215,4468,2025-05-29,Oxygen Therapy,Amoxicillin,100mg daily
13216,4468,2025-09-09,Oxygen Therapy,Amoxicillin,10mg daily
13217,4468,2025-05-17,Oxygen Therapy,Amoxicillin,50mg daily
13218,4469,2026-01-27,Oxygen Therapy,Amoxicillin,25mg daily
13219,4469,2026-02-18,Oxygen Therapy,Amoxicillin,10mg daily
13220,4469,2026-01-17,Oxygen Therapy,Amoxicillin,10mg daily
13221,4469,2025-06-15,Oxygen Therapy,Amoxicillin,50mg daily
13222,4470,2025-08-29,Oxygen Therapy,Amoxicillin,100mg daily
13223,4470,2025-07-27,Oxygen Therapy,Amoxicillin,10mg daily
13224,4470,2025-07-26,Oxygen Therapy,Amoxicillin,50mg daily
13225,4471,2025-04-25,Oxygen Therapy,Amoxicillin,50mg daily
13226,4471,2025-04-30,Oxygen Therapy,Amoxicillin,100mg daily
13227,4471,2025-12-17,Oxygen Therapy,Amoxicillin,50mg daily
13228,4472,2025-11-07,Oxygen Therapy,Amoxicillin,25mg daily
13229,4472,2025-08-05,Oxygen Therapy,Amoxicillin,100mg daily
13230,4472,2025-03-15,Oxygen Therapy,Amoxicillin,10mg daily
13231,4472,2025-07-23,Oxygen Therapy,Amoxicillin,10mg daily
13232,4473,2025-11-24,Oxygen Therapy,Amoxicillin,25mg daily
13233,4473,2025-08-18,Oxygen Therapy,Amoxicillin,50mg daily
13234,4474,2025-06-02,Oxygen Therapy,Amoxicillin,100mg daily
13235,4474,2026-03-04,Oxygen Therapy,Amoxicillin,100mg daily
13236,4474,2025-09-04,Oxygen Therapy,Amoxicillin,100mg daily
13237,4475,2025-05-08,Blood Pressure Monitoring,Metoprolol,25mg daily
13238,4475,2025-07-31,Blood Pressure Monitoring,Metoprolol,50mg daily
13239,4476,2025-12-13,Blood Pressure Monitoring,Metoprolol,100mg daily
13240,4476,2025-11-14,Blood Pressure Monitoring,Metoprolol,100mg daily
13241,4476,2025-10-28,Blood Pressure Monitoring,Metoprolol,100mg daily
13242,4477,2025-10-25,Blood Pressure Monitoring,Metoprolol,25mg daily
13243,4478,2025-09-08,Oxygen Therapy,Amoxicillin,100mg daily
13244,4478,2025-07-16,Oxygen Therapy,Amoxicillin,10mg daily
13245,4479,2025-12-19,Oxygen Therapy,Amoxicillin,50mg daily
13246,4479,2025-08-02,Oxygen Therapy,Amoxicillin,100mg daily
13247,4479,2025-08-21,Oxygen Therapy,Amoxicillin,25mg daily
13248,4480,2025-06-10,Blood Pressure Monitoring,Metoprolol,50mg daily
13249,4480,2025-06-25,Blood Pressure Monitoring,Metoprolol,50mg daily
13250,4481,2026-03-08,ECG Monitoring,Aspirin,10mg daily
13251,4481,2025-07-02,ECG Monitoring,Aspirin,25mg daily
13252,4482,2025-07-10,ECG Monitoring,Aspirin,50mg daily
13253,4482,2025-12-22,ECG Monitoring,Aspirin,100mg daily
13254,4482,2025-08-01,ECG Monitoring,Aspirin,50mg daily
13255,4482,2025-12-04,ECG Monitoring,Aspirin,100mg daily
13256,4483,2025-12-20,IV Fluid Therapy,Atorvastatin,10mg daily
13257,4483,2025-10-08,IV Fluid Therapy,Atorvastatin,100mg daily
13258,4483,2025-06-12,IV Fluid Therapy,Atorvastatin,50mg daily
13259,4483,2025-04-12,IV Fluid Therapy,Atorvastatin,10mg daily
13260,4484,2025-09-25,IV Fluid Therapy,Atorvastatin,50mg daily
13261,4484,2025-04-06,IV Fluid Therapy,Atorvastatin,100mg daily
13262,4484,2025-08-16,IV Fluid Therapy,Atorvastatin,10mg daily
13263,4484,2025-03-11,IV Fluid Therapy,Atorvastatin,100mg daily
13264,4485,2026-02-06,Oxygen Therapy,Amoxicillin,100mg daily
13265,4485,2025-03-20,Oxygen Therapy,Amoxicillin,25mg daily
13266,4485,2025-06-05,Oxygen Therapy,Amoxicillin,100mg daily
13267,4486,2025-04-20,Oxygen Therapy,Amoxicillin,100mg daily
13268,4486,2025-09-19,Oxygen Therapy,Amoxicillin,25mg daily
13269,4486,2025-07-16,Oxygen Therapy,Amoxicillin,10mg daily
13270,4487,2025-04-28,ECG Monitoring,Aspirin,10mg daily
13271,4487,2025-07-31,ECG Monitoring,Aspirin,10mg daily
13272,4487,2025-10-06,ECG Monitoring,Aspirin,10mg daily
13273,4487,2025-10-17,ECG Monitoring,Aspirin,25mg daily
13274,4488,2026-01-28,ECG Monitoring,Aspirin,100mg daily
13275,4488,2025-07-01,ECG Monitoring,Aspirin,50mg daily
13276,4489,2025-07-28,ECG Monitoring,Aspirin,25mg daily
13277,4490,2025-08-04,ECG Monitoring,Aspirin,50mg daily
13278,4490,2025-12-10,ECG Monitoring,Aspirin,25mg daily
13279,4491,2025-07-14,ECG Monitoring,Aspirin,10mg daily
13280,4492,2025-05-15,IV Fluid Therapy,Atorvastatin,25mg daily
13281,4493,2025-06-14,ECG Monitoring,Aspirin,10mg daily
13282,4494,2026-01-04,ECG Monitoring,Aspirin,50mg daily
13283,4494,2025-09-13,ECG Monitoring,Aspirin,100mg daily
13284,4494,2025-12-27,ECG Monitoring,Aspirin,10mg daily
13285,4494,2026-03-07,ECG Monitoring,Aspirin,100mg daily
13286,4495,2025-12-29,Blood Pressure Monitoring,Metoprolol,25mg daily
13287,4495,2025-10-16,Blood Pressure Monitoring,Metoprolol,100mg daily
13288,4495,2025-03-18,Blood Pressure Monitoring,Metoprolol,100mg daily
13289,4495,2025-08-30,Blood Pressure Monitoring,Metoprolol,50mg daily
13290,4496,2025-11-27,Blood Pressure Monitoring,Metoprolol,50mg daily
13291,4496,2025-11-21,Blood Pressure Monitoring,Metoprolol,100mg daily
13292,4496,2026-02-19,Blood Pressure Monitoring,Metoprolol,50mg daily
13293,4497,2025-05-09,Blood Pressure Monitoring,Metoprolol,100mg daily
13294,4497,2026-01-16,Blood Pressure Monitoring,Metoprolol,100mg daily
13295,4497,2025-08-05,Blood Pressure Monitoring,Metoprolol,25mg daily
13296,4497,2025-07-07,Blood Pressure Monitoring,Metoprolol,100mg daily
13297,4498,2025-03-30,Blood Pressure Monitoring,Metoprolol,25mg daily
13298,4498,2025-10-14,Blood Pressure Monitoring,Metoprolol,50mg daily
13299,4498,2025-06-07,Blood Pressure Monitoring,Metoprolol,25mg daily
13300,4498,2025-12-17,Blood Pressure Monitoring,Metoprolol,100mg daily
13301,4499,2025-04-26,Blood Pressure Monitoring,Metoprolol,50mg daily
13302,4499,2026-02-05,Blood Pressure Monitoring,Metoprolol,25mg daily
13303,4499,2025-07-14,Blood Pressure Monitoring,Metoprolol,25mg daily
13304,4500,2025-08-26,Blood Pressure Monitoring,Metoprolol,50mg daily
13305,4501,2025-07-29,ECG Monitoring,Aspirin,100mg daily
13306,4501,2025-08-16,ECG Monitoring,Aspirin,100mg daily
13307,4501,2026-01-17,ECG Monitoring,Aspirin,50mg daily
13308,4502,2025-03-16,ECG Monitoring,Aspirin,50mg daily
13309,4502,2025-11-08,ECG Monitoring,Aspirin,25mg daily
13310,4503,2025-03-15,ECG Monitoring,Aspirin,10mg daily
13311,4503,2025-11-22,ECG Monitoring,Aspirin,50mg daily
13312,4503,2025-11-09,ECG Monitoring,Aspirin,25mg daily
13313,4503,2025-10-11,ECG Monitoring,Aspirin,100mg daily
13314,4504,2025-05-16,ECG Monitoring,Aspirin,25mg daily
13315,4504,2025-10-28,ECG Monitoring,Aspirin,25mg daily
13316,4505,2025-10-08,Oxygen Therapy,Amoxicillin,100mg daily
13317,4505,2025-09-13,Oxygen Therapy,Amoxicillin,25mg daily
13318,4506,2025-08-21,ECG Monitoring,Aspirin,100mg daily
13319,4506,2025-12-19,ECG Monitoring,Aspirin,25mg daily
13320,4506,2025-12-25,ECG Monitoring,Aspirin,10mg daily
13321,4507,2025-07-08,Oxygen Therapy,Amoxicillin,100mg daily
13322,4508,2025-12-31,Oxygen Therapy,Amoxicillin,10mg daily
13323,4508,2025-10-15,Oxygen Therapy,Amoxicillin,25mg daily
13324,4508,2025-09-21,Oxygen Therapy,Amoxicillin,25mg daily
13325,4508,2025-06-21,Oxygen Therapy,Amoxicillin,100mg daily
13326,4509,2025-05-17,Blood Pressure Monitoring,Metoprolol,100mg daily
13327,4509,2025-08-16,Blood Pressure Monitoring,Metoprolol,10mg daily
13328,4509,2025-10-12,Blood Pressure Monitoring,Metoprolol,50mg daily
13329,4510,2025-05-02,Blood Pressure Monitoring,Metoprolol,100mg daily
13330,4510,2025-08-26,Blood Pressure Monitoring,Metoprolol,25mg daily
13331,4510,2025-05-14,Blood Pressure Monitoring,Metoprolol,25mg daily
13332,4511,2025-03-18,Blood Pressure Monitoring,Metoprolol,50mg daily
13333,4511,2025-10-21,Blood Pressure Monitoring,Metoprolol,25mg daily
13334,4511,2026-01-05,Blood Pressure Monitoring,Metoprolol,100mg daily
13335,4511,2025-06-02,Blood Pressure Monitoring,Metoprolol,50mg daily
13336,4512,2026-02-14,Blood Pressure Monitoring,Metoprolol,50mg daily
13337,4512,2026-01-28,Blood Pressure Monitoring,Metoprolol,100mg daily
13338,4512,2025-11-10,Blood Pressure Monitoring,Metoprolol,10mg daily
13339,4513,2026-02-28,Blood Pressure Monitoring,Metoprolol,50mg daily
13340,4513,2025-11-04,Blood Pressure Monitoring,Metoprolol,10mg daily
13341,4513,2025-05-18,Blood Pressure Monitoring,Metoprolol,100mg daily
13342,4513,2025-09-23,Blood Pressure Monitoring,Metoprolol,100mg daily
13343,4514,2025-05-01,Blood Pressure Monitoring,Metoprolol,100mg daily
13344,4514,2025-07-27,Blood Pressure Monitoring,Metoprolol,10mg daily
13345,4515,2025-06-27,Blood Pressure Monitoring,Metoprolol,100mg daily
13346,4516,2025-06-23,Blood Pressure Monitoring,Metoprolol,10mg daily
13347,4517,2025-12-29,ECG Monitoring,Aspirin,25mg daily
13348,4518,2025-08-02,ECG Monitoring,Aspirin,25mg daily
13349,4518,2025-07-16,ECG Monitoring,Aspirin,50mg daily
13350,4519,2026-01-23,Blood Pressure Monitoring,Metoprolol,25mg daily
13351,4520,2026-02-18,ECG Monitoring,Aspirin,50mg daily
13352,4520,2025-12-22,ECG Monitoring,Aspirin,50mg daily
13353,4520,2025-11-15,ECG Monitoring,Aspirin,10mg daily
13354,4521,2026-02-27,Blood Pressure Monitoring,Metoprolol,25mg daily
13355,4521,2025-07-15,Blood Pressure Monitoring,Metoprolol,100mg daily
13356,4522,2025-11-22,Oxygen Therapy,Amoxicillin,25mg daily
13357,4522,2025-12-14,Oxygen Therapy,Amoxicillin,100mg daily
13358,4522,2025-04-08,Oxygen Therapy,Amoxicillin,100mg daily
13359,4522,2026-03-09,Oxygen Therapy,Amoxicillin,25mg daily
13360,4523,2026-02-22,Oxygen Therapy,Amoxicillin,50mg daily
13361,4523,2026-01-21,Oxygen Therapy,Amoxicillin,25mg daily
13362,4523,2025-05-28,Oxygen Therapy,Amoxicillin,25mg daily
13363,4523,2025-10-01,Oxygen Therapy,Amoxicillin,100mg daily
13364,4524,2025-08-09,ECG Monitoring,Aspirin,100mg daily
13365,4524,2025-11-17,ECG Monitoring,Aspirin,10mg daily
13366,4525,2025-03-24,ECG Monitoring,Aspirin,10mg daily
13367,4526,2026-02-08,Oxygen Therapy,Amoxicillin,100mg daily
13368,4527,2026-01-25,Oxygen Therapy,Amoxicillin,50mg daily
13369,4527,2025-12-05,Oxygen Therapy,Amoxicillin,10mg daily
13370,4528,2025-07-01,ECG Monitoring,Aspirin,10mg daily
13371,4528,2025-03-19,ECG Monitoring,Aspirin,25mg daily
13372,4529,2025-08-29,ECG Monitoring,Aspirin,100mg daily
13373,4529,2026-02-08,ECG Monitoring,Aspirin,100mg daily
13374,4529,2025-07-10,ECG Monitoring,Aspirin,10mg daily
13375,4529,2026-02-09,ECG Monitoring,Aspirin,25mg daily
13376,4530,2025-09-28,ECG Monitoring,Aspirin,100mg daily
13377,4530,2025-05-17,ECG Monitoring,Aspirin,10mg daily
13378,4530,2025-12-10,ECG Monitoring,Aspirin,25mg daily
13379,4530,2026-03-10,ECG Monitoring,Aspirin,25mg daily
13380,4531,2026-03-03,Oxygen Therapy,Amoxicillin,100mg daily
13381,4531,2025-09-05,Oxygen Therapy,Amoxicillin,25mg daily
13382,4532,2025-12-06,ECG Monitoring,Aspirin,10mg daily
13383,4532,2025-07-31,ECG Monitoring,Aspirin,25mg daily
13384,4533,2025-05-06,ECG Monitoring,Aspirin,25mg daily
13385,4533,2025-11-29,ECG Monitoring,Aspirin,10mg daily
13386,4533,2025-12-04,ECG Monitoring,Aspirin,50mg daily
13387,4534,2025-12-28,ECG Monitoring,Aspirin,50mg daily
13388,4534,2025-10-22,ECG Monitoring,Aspirin,10mg daily
13389,4534,2026-02-25,ECG Monitoring,Aspirin,50mg daily
13390,4534,2025-05-03,ECG Monitoring,Aspirin,10mg daily
13391,4535,2025-05-14,Oxygen Therapy,Amoxicillin,100mg daily
13392,4535,2026-02-03,Oxygen Therapy,Amoxicillin,100mg daily
13393,4535,2025-07-12,Oxygen Therapy,Amoxicillin,50mg daily
13394,4536,2025-05-01,Nebulization,Salbutamol,10mg daily
13395,4536,2025-08-06,Nebulization,Salbutamol,50mg daily
13396,4536,2026-01-10,Nebulization,Salbutamol,25mg daily
13397,4536,2025-11-02,Nebulization,Salbutamol,50mg daily
13398,4537,2025-08-03,Blood Pressure Monitoring,Metoprolol,25mg daily
13399,4538,2026-03-03,Blood Pressure Monitoring,Metoprolol,100mg daily
13400,4539,2026-01-01,Blood Pressure Monitoring,Metoprolol,50mg daily
13401,4540,2026-02-20,Oxygen Therapy,Amoxicillin,25mg daily
13402,4540,2025-06-02,Oxygen Therapy,Amoxicillin,25mg daily
13403,4541,2025-12-17,Oxygen Therapy,Amoxicillin,100mg daily
13404,4542,2025-05-19,Blood Pressure Monitoring,Metoprolol,50mg daily
13405,4542,2025-08-09,Blood Pressure Monitoring,Metoprolol,10mg daily
13406,4542,2025-11-27,Blood Pressure Monitoring,Metoprolol,25mg daily
13407,4543,2025-09-26,ECG Monitoring,Aspirin,10mg daily
13408,4543,2025-06-27,ECG Monitoring,Aspirin,100mg daily
13409,4543,2025-04-25,ECG Monitoring,Aspirin,100mg daily
13410,4543,2025-04-09,ECG Monitoring,Aspirin,25mg daily
13411,4544,2025-09-30,ECG Monitoring,Aspirin,25mg daily
13412,4544,2025-10-15,ECG Monitoring,Aspirin,100mg daily
13413,4545,2025-04-15,Oxygen Therapy,Amoxicillin,10mg daily
13414,4545,2025-09-03,Oxygen Therapy,Amoxicillin,100mg daily
13415,4545,2025-08-24,Oxygen Therapy,Amoxicillin,25mg daily
13416,4545,2025-06-03,Oxygen Therapy,Amoxicillin,100mg daily
13417,4546,2025-07-10,Oxygen Therapy,Amoxicillin,100mg daily
13418,4547,2025-07-11,Oxygen Therapy,Amoxicillin,10mg daily
13419,4547,2025-04-09,Oxygen Therapy,Amoxicillin,100mg daily
13420,4548,2025-12-14,Oxygen Therapy,Amoxicillin,10mg daily
13421,4548,2025-11-03,Oxygen Therapy,Amoxicillin,50mg daily
13422,4549,2025-06-08,ECG Monitoring,Aspirin,100mg daily
13423,4550,2025-11-14,ECG Monitoring,Aspirin,25mg daily
13424,4550,2025-11-16,ECG Monitoring,Aspirin,25mg daily
13425,4550,2025-04-12,ECG Monitoring,Aspirin,100mg daily
13426,4551,2025-06-06,IV Fluid Therapy,Atorvastatin,50mg daily
13427,4551,2025-06-05,IV Fluid Therapy,Atorvastatin,50mg daily
13428,4551,2025-05-05,IV Fluid Therapy,Atorvastatin,10mg daily
13429,4552,2026-03-05,IV Fluid Therapy,Atorvastatin,100mg daily
13430,4552,2025-08-04,IV Fluid Therapy,Atorvastatin,10mg daily
13431,4553,2025-10-18,ECG Monitoring,Aspirin,10mg daily
13432,4553,2025-07-21,ECG Monitoring,Aspirin,25mg daily
13433,4553,2026-02-23,ECG Monitoring,Aspirin,10mg daily
13434,4553,2025-05-04,ECG Monitoring,Aspirin,10mg daily
13435,4554,2025-10-16,Nebulization,Salbutamol,100mg daily
13436,4554,2025-05-30,Nebulization,Salbutamol,100mg daily
13437,4554,2025-03-26,Nebulization,Salbutamol,50mg daily
13438,4555,2025-12-20,Nebulization,Salbutamol,10mg daily
13439,4555,2025-06-12,Nebulization,Salbutamol,50mg daily
13440,4555,2025-07-16,Nebulization,Salbutamol,100mg daily
13441,4555,2025-11-02,Nebulization,Salbutamol,10mg daily
13442,4556,2025-11-26,Nebulization,Salbutamol,100mg daily
13443,4557,2025-05-01,ECG Monitoring,Aspirin,25mg daily
13444,4557,2025-07-10,ECG Monitoring,Aspirin,50mg daily
13445,4557,2025-07-10,ECG Monitoring,Aspirin,50mg daily
13446,4558,2025-04-09,Blood Pressure Monitoring,Metoprolol,100mg daily
13447,4559,2025-12-12,ECG Monitoring,Aspirin,10mg daily
13448,4559,2025-05-25,ECG Monitoring,Aspirin,10mg daily
13449,4559,2025-09-26,ECG Monitoring,Aspirin,100mg daily
13450,4559,2026-01-03,ECG Monitoring,Aspirin,10mg daily
13451,4560,2025-11-18,Blood Pressure Monitoring,Metoprolol,25mg daily
13452,4560,2026-03-09,Blood Pressure Monitoring,Metoprolol,25mg daily
13453,4561,2025-07-16,Blood Pressure Monitoring,Metoprolol,50mg daily
13454,4562,2025-10-03,Blood Pressure Monitoring,Metoprolol,50mg daily
13455,4562,2026-02-10,Blood Pressure Monitoring,Metoprolol,25mg daily
13456,4562,2025-08-01,Blood Pressure Monitoring,Metoprolol,100mg daily
13457,4562,2025-09-06,Blood Pressure Monitoring,Metoprolol,100mg daily
13458,4563,2026-01-12,Oxygen Therapy,Amoxicillin,50mg daily
13459,4564,2025-09-24,Oxygen Therapy,Amoxicillin,100mg daily
13460,4565,2025-08-08,Nebulization,Salbutamol,25mg daily
13461,4565,2025-08-10,Nebulization,Salbutamol,50mg daily
13462,4566,2025-11-05,Blood Pressure Monitoring,Metoprolol,100mg daily
13463,4566,2026-01-02,Blood Pressure Monitoring,Metoprolol,10mg daily
13464,4566,2025-04-20,Blood Pressure Monitoring,Metoprolol,25mg daily
13465,4566,2025-03-16,Blood Pressure Monitoring,Metoprolol,25mg daily
13466,4567,2025-12-14,Oxygen Therapy,Amoxicillin,50mg daily
13467,4568,2025-05-07,Oxygen Therapy,Amoxicillin,10mg daily
13468,4568,2025-03-24,Oxygen Therapy,Amoxicillin,25mg daily
13469,4569,2025-03-13,Oxygen Therapy,Amoxicillin,50mg daily
13470,4569,2025-07-12,Oxygen Therapy,Amoxicillin,100mg daily
13471,4570,2026-03-07,Blood Pressure Monitoring,Metoprolol,25mg daily
13472,4571,2025-10-07,ECG Monitoring,Aspirin,100mg daily
13473,4571,2025-06-07,ECG Monitoring,Aspirin,50mg daily
13474,4571,2025-08-18,ECG Monitoring,Aspirin,50mg daily
13475,4572,2026-02-06,ECG Monitoring,Aspirin,100mg daily
13476,4573,2026-01-14,IV Fluid Therapy,Atorvastatin,100mg daily
13477,4574,2025-04-15,IV Fluid Therapy,Atorvastatin,100mg daily
13478,4574,2025-10-05,IV Fluid Therapy,Atorvastatin,50mg daily
13479,4574,2025-11-02,IV Fluid Therapy,Atorvastatin,10mg daily
13480,4575,2025-03-15,ECG Monitoring,Aspirin,25mg daily
13481,4575,2025-12-14,ECG Monitoring,Aspirin,100mg daily
13482,4575,2026-02-16,ECG Monitoring,Aspirin,10mg daily
13483,4576,2025-11-07,ECG Monitoring,Aspirin,25mg daily
13484,4577,2025-09-12,Blood Pressure Monitoring,Metoprolol,50mg daily
13485,4578,2026-02-19,Blood Pressure Monitoring,Metoprolol,50mg daily
13486,4578,2026-03-08,Blood Pressure Monitoring,Metoprolol,50mg daily
13487,4578,2025-11-14,Blood Pressure Monitoring,Metoprolol,25mg daily
13488,4578,2025-09-11,Blood Pressure Monitoring,Metoprolol,100mg daily
13489,4579,2025-04-22,Blood Pressure Monitoring,Metoprolol,10mg daily
13490,4579,2025-11-16,Blood Pressure Monitoring,Metoprolol,50mg daily
13491,4579,2025-11-01,Blood Pressure Monitoring,Metoprolol,25mg daily
13492,4579,2025-06-01,Blood Pressure Monitoring,Metoprolol,100mg daily
13493,4580,2026-01-11,ECG Monitoring,Aspirin,10mg daily
13494,4581,2025-12-19,ECG Monitoring,Aspirin,50mg daily
13495,4581,2025-12-01,ECG Monitoring,Aspirin,25mg daily
13496,4581,2025-07-10,ECG Monitoring,Aspirin,25mg daily
13497,4582,2025-05-09,ECG Monitoring,Aspirin,100mg daily
13498,4582,2025-11-30,ECG Monitoring,Aspirin,10mg daily
13499,4583,2025-11-11,ECG Monitoring,Aspirin,10mg daily
13500,4583,2026-01-01,ECG Monitoring,Aspirin,100mg daily
13501,4583,2025-07-14,ECG Monitoring,Aspirin,50mg daily
13502,4583,2025-05-04,ECG Monitoring,Aspirin,50mg daily
13503,4584,2025-07-01,Blood Pressure Monitoring,Metoprolol,10mg daily
13504,4584,2026-02-19,Blood Pressure Monitoring,Metoprolol,100mg daily
13505,4584,2025-03-15,Blood Pressure Monitoring,Metoprolol,10mg daily
13506,4584,2025-08-31,Blood Pressure Monitoring,Metoprolol,10mg daily
13507,4585,2025-05-31,Blood Pressure Monitoring,Metoprolol,50mg daily
13508,4585,2025-07-09,Blood Pressure Monitoring,Metoprolol,100mg daily
13509,4586,2025-04-03,ECG Monitoring,Aspirin,25mg daily
13510,4586,2025-08-09,ECG Monitoring,Aspirin,25mg daily
13511,4586,2025-09-09,ECG Monitoring,Aspirin,100mg daily
13512,4586,2026-01-14,ECG Monitoring,Aspirin,10mg daily
13513,4587,2026-02-06,Oxygen Therapy,Amoxicillin,100mg daily
13514,4587,2025-08-04,Oxygen Therapy,Amoxicillin,100mg daily
13515,4587,2025-09-24,Oxygen Therapy,Amoxicillin,100mg daily
13516,4588,2025-09-26,Oxygen Therapy,Amoxicillin,50mg daily
13517,4588,2025-05-07,Oxygen Therapy,Amoxicillin,50mg daily
13518,4588,2025-05-27,Oxygen Therapy,Amoxicillin,10mg daily
13519,4588,2026-01-23,Oxygen Therapy,Amoxicillin,10mg daily
13520,4589,2026-01-12,Oxygen Therapy,Amoxicillin,10mg daily
13521,4589,2025-05-01,Oxygen Therapy,Amoxicillin,25mg daily
13522,4589,2025-07-25,Oxygen Therapy,Amoxicillin,100mg daily
13523,4589,2025-06-27,Oxygen Therapy,Amoxicillin,50mg daily
13524,4590,2025-10-08,Oxygen Therapy,Amoxicillin,100mg daily
13525,4591,2025-10-20,Oxygen Therapy,Amoxicillin,100mg daily
13526,4591,2025-10-20,Oxygen Therapy,Amoxicillin,10mg daily
13527,4592,2025-10-22,Oxygen Therapy,Amoxicillin,10mg daily
13528,4592,2025-12-13,Oxygen Therapy,Amoxicillin,25mg daily
13529,4593,2025-12-21,ECG Monitoring,Aspirin,10mg daily
13530,4593,2025-11-14,ECG Monitoring,Aspirin,50mg daily
13531,4594,2025-10-05,ECG Monitoring,Aspirin,10mg daily
13532,4594,2025-10-26,ECG Monitoring,Aspirin,100mg daily
13533,4594,2025-07-10,ECG Monitoring,Aspirin,100mg daily
13534,4594,2026-02-20,ECG Monitoring,Aspirin,100mg daily
13535,4595,2025-08-30,ECG Monitoring,Aspirin,10mg daily
13536,4595,2025-08-31,ECG Monitoring,Aspirin,25mg daily
13537,4595,2025-09-15,ECG Monitoring,Aspirin,100mg daily
13538,4596,2025-11-15,Blood Pressure Monitoring,Metoprolol,25mg daily
13539,4597,2025-08-31,Blood Pressure Monitoring,Metoprolol,10mg daily
13540,4597,2025-08-23,Blood Pressure Monitoring,Metoprolol,50mg daily
13541,4597,2026-01-04,Blood Pressure Monitoring,Metoprolol,100mg daily
13542,4597,2025-10-09,Blood Pressure Monitoring,Metoprolol,25mg daily
13543,4598,2025-06-13,ECG Monitoring,Aspirin,100mg daily
13544,4598,2026-02-27,ECG Monitoring,Aspirin,25mg daily
13545,4598,2025-06-26,ECG Monitoring,Aspirin,100mg daily
13546,4599,2025-05-19,Oxygen Therapy,Amoxicillin,50mg daily
13547,4599,2025-08-22,Oxygen Therapy,Amoxicillin,25mg daily
13548,4599,2025-07-06,Oxygen Therapy,Amoxicillin,50mg daily
13549,4600,2025-04-27,ECG Monitoring,Aspirin,25mg daily
13550,4600,2025-07-27,ECG Monitoring,Aspirin,50mg daily
13551,4601,2025-03-26,Blood Pressure Monitoring,Metoprolol,10mg daily
13552,4601,2025-11-14,Blood Pressure Monitoring,Metoprolol,50mg daily
13553,4602,2026-01-01,ECG Monitoring,Aspirin,25mg daily
13554,4602,2025-07-15,ECG Monitoring,Aspirin,50mg daily
13555,4602,2025-12-28,ECG Monitoring,Aspirin,10mg daily
13556,4603,2025-09-10,ECG Monitoring,Aspirin,10mg daily
13557,4604,2025-08-27,Nebulization,Salbutamol,25mg daily
13558,4605,2025-05-02,Oxygen Therapy,Amoxicillin,100mg daily
13559,4605,2025-10-24,Oxygen Therapy,Amoxicillin,50mg daily
13560,4606,2025-05-29,Nebulization,Salbutamol,25mg daily
13561,4606,2025-11-22,Nebulization,Salbutamol,10mg daily
13562,4606,2025-03-23,Nebulization,Salbutamol,10mg daily
13563,4607,2025-03-14,Oxygen Therapy,Amoxicillin,50mg daily
13564,4607,2025-08-02,Oxygen Therapy,Amoxicillin,100mg daily
13565,4607,2025-07-18,Oxygen Therapy,Amoxicillin,10mg daily
13566,4608,2025-04-13,Oxygen Therapy,Amoxicillin,100mg daily
13567,4608,2026-02-01,Oxygen Therapy,Amoxicillin,10mg daily
13568,4609,2025-06-14,ECG Monitoring,Aspirin,25mg daily
13569,4609,2025-09-06,ECG Monitoring,Aspirin,100mg daily
13570,4610,2025-12-01,ECG Monitoring,Aspirin,100mg daily
13571,4610,2025-11-30,ECG Monitoring,Aspirin,50mg daily
13572,4611,2025-08-31,IV Fluid Therapy,Atorvastatin,50mg daily
13573,4611,2025-05-17,IV Fluid Therapy,Atorvastatin,10mg daily
13574,4612,2025-12-28,Blood Pressure Monitoring,Metoprolol,50mg daily
13575,4612,2025-07-25,Blood Pressure Monitoring,Metoprolol,10mg daily
13576,4613,2025-06-04,Blood Pressure Monitoring,Metoprolol,10mg daily
13577,4613,2025-10-31,Blood Pressure Monitoring,Metoprolol,10mg daily
13578,4613,2025-10-08,Blood Pressure Monitoring,Metoprolol,100mg daily
13579,4613,2025-12-08,Blood Pressure Monitoring,Metoprolol,50mg daily
13580,4614,2025-12-03,Oxygen Therapy,Amoxicillin,10mg daily
13581,4615,2025-11-29,Oxygen Therapy,Amoxicillin,25mg daily
13582,4615,2025-08-24,Oxygen Therapy,Amoxicillin,25mg daily
13583,4615,2025-08-17,Oxygen Therapy,Amoxicillin,25mg daily
13584,4615,2025-11-24,Oxygen Therapy,Amoxicillin,100mg daily
13585,4616,2025-07-03,Oxygen Therapy,Amoxicillin,25mg daily
13586,4616,2025-03-25,Oxygen Therapy,Amoxicillin,10mg daily
13587,4616,2025-11-03,Oxygen Therapy,Amoxicillin,10mg daily
13588,4617,2025-07-08,Blood Pressure Monitoring,Metoprolol,25mg daily
13589,4617,2025-04-13,Blood Pressure Monitoring,Metoprolol,10mg daily
13590,4617,2025-10-06,Blood Pressure Monitoring,Metoprolol,100mg daily
13591,4618,2026-01-19,Blood Pressure Monitoring,Metoprolol,10mg daily
13592,4618,2025-10-25,Blood Pressure Monitoring,Metoprolol,10mg daily
13593,4619,2025-08-01,Blood Pressure Monitoring,Metoprolol,50mg daily
13594,4619,2025-06-25,Blood Pressure Monitoring,Metoprolol,10mg daily
13595,4620,2025-11-15,ECG Monitoring,Aspirin,100mg daily
13596,4620,2025-08-25,ECG Monitoring,Aspirin,100mg daily
13597,4620,2025-10-22,ECG Monitoring,Aspirin,25mg daily
13598,4621,2026-02-22,ECG Monitoring,Aspirin,50mg daily
13599,4622,2026-02-02,ECG Monitoring,Aspirin,100mg daily
13600,4623,2025-03-30,Blood Pressure Monitoring,Metoprolol,10mg daily
13601,4623,2025-04-20,Blood Pressure Monitoring,Metoprolol,25mg daily
13602,4623,2025-05-19,Blood Pressure Monitoring,Metoprolol,25mg daily
13603,4624,2026-02-08,Blood Pressure Monitoring,Metoprolol,100mg daily
13604,4624,2025-06-22,Blood Pressure Monitoring,Metoprolol,10mg daily
13605,4625,2025-08-17,Oxygen Therapy,Amoxicillin,25mg daily
13606,4625,2026-03-05,Oxygen Therapy,Amoxicillin,10mg daily
13607,4625,2025-12-23,Oxygen Therapy,Amoxicillin,10mg daily
13608,4625,2025-09-28,Oxygen Therapy,Amoxicillin,10mg daily
13609,4626,2025-03-20,Oxygen Therapy,Amoxicillin,50mg daily
13610,4627,2025-07-13,IV Fluid Therapy,Atorvastatin,50mg daily
13611,4627,2025-09-21,IV Fluid Therapy,Atorvastatin,100mg daily
13612,4627,2025-10-07,IV Fluid Therapy,Atorvastatin,10mg daily
13613,4628,2025-05-09,ECG Monitoring,Aspirin,100mg daily
13614,4628,2025-09-05,ECG Monitoring,Aspirin,25mg daily
13615,4629,2026-02-14,IV Fluid Therapy,Atorvastatin,25mg daily
13616,4629,2026-01-11,IV Fluid Therapy,Atorvastatin,25mg daily
13617,4629,2026-02-27,IV Fluid Therapy,Atorvastatin,50mg daily
13618,4630,2025-06-16,Blood Pressure Monitoring,Metoprolol,50mg daily
13619,4630,2025-05-04,Blood Pressure Monitoring,Metoprolol,100mg daily
13620,4631,2025-10-13,Blood Pressure Monitoring,Metoprolol,25mg daily
13621,4631,2026-03-01,Blood Pressure Monitoring,Metoprolol,25mg daily
13622,4631,2025-11-30,Blood Pressure Monitoring,Metoprolol,100mg daily
13623,4631,2025-08-09,Blood Pressure Monitoring,Metoprolol,25mg daily
13624,4632,2025-06-24,Blood Pressure Monitoring,Metoprolol,10mg daily
13625,4633,2025-06-02,Nebulization,Salbutamol,100mg daily
13626,4633,2025-10-04,Nebulization,Salbutamol,50mg daily
13627,4633,2026-02-19,Nebulization,Salbutamol,50mg daily
13628,4633,2025-08-02,Nebulization,Salbutamol,50mg daily
13629,4634,2025-12-25,Oxygen Therapy,Amoxicillin,25mg daily
13630,4634,2025-10-03,Oxygen Therapy,Amoxicillin,100mg daily
13631,4635,2025-08-22,ECG Monitoring,Aspirin,10mg daily
13632,4635,2026-01-27,ECG Monitoring,Aspirin,50mg daily
13633,4635,2025-07-12,ECG Monitoring,Aspirin,50mg daily
13634,4636,2025-08-01,ECG Monitoring,Aspirin,10mg daily
13635,4637,2025-07-22,ECG Monitoring,Aspirin,25mg daily
13636,4637,2025-12-26,ECG Monitoring,Aspirin,10mg daily
13637,4637,2025-09-30,ECG Monitoring,Aspirin,10mg daily
13638,4638,2025-08-07,IV Fluid Therapy,Atorvastatin,100mg daily
13639,4638,2025-05-04,IV Fluid Therapy,Atorvastatin,25mg daily
13640,4638,2026-02-25,IV Fluid Therapy,Atorvastatin,25mg daily
13641,4638,2025-08-31,IV Fluid Therapy,Atorvastatin,25mg daily
13642,4639,2025-05-27,ECG Monitoring,Aspirin,50mg daily
13643,4639,2025-11-13,ECG Monitoring,Aspirin,50mg daily
13644,4640,2025-09-30,ECG Monitoring,Aspirin,50mg daily
13645,4640,2025-11-19,ECG Monitoring,Aspirin,25mg daily
13646,4641,2026-01-07,ECG Monitoring,Aspirin,10mg daily
13647,4642,2025-08-21,ECG Monitoring,Aspirin,10mg daily
13648,4642,2025-05-10,ECG Monitoring,Aspirin,100mg daily
13649,4642,2025-10-04,ECG Monitoring,Aspirin,25mg daily
13650,4642,2025-09-24,ECG Monitoring,Aspirin,50mg daily
13651,4643,2026-01-14,ECG Monitoring,Aspirin,10mg daily
13652,4643,2025-10-01,ECG Monitoring,Aspirin,50mg daily
13653,4643,2025-07-21,ECG Monitoring,Aspirin,50mg daily
13654,4644,2026-01-06,ECG Monitoring,Aspirin,100mg daily
13655,4645,2025-07-03,ECG Monitoring,Aspirin,50mg daily
13656,4646,2025-04-09,ECG Monitoring,Aspirin,25mg daily
13657,4646,2025-04-28,ECG Monitoring,Aspirin,25mg daily
13658,4646,2026-01-21,ECG Monitoring,Aspirin,10mg daily
13659,4646,2025-04-28,ECG Monitoring,Aspirin,100mg daily
13660,4647,2025-12-06,Oxygen Therapy,Amoxicillin,100mg daily
13661,4647,2025-06-13,Oxygen Therapy,Amoxicillin,50mg daily
13662,4647,2025-04-18,Oxygen Therapy,Amoxicillin,50mg daily
13663,4648,2025-12-27,Oxygen Therapy,Amoxicillin,10mg daily
13664,4649,2025-06-09,Oxygen Therapy,Amoxicillin,10mg daily
13665,4649,2026-02-19,Oxygen Therapy,Amoxicillin,100mg daily
13666,4649,2025-08-05,Oxygen Therapy,Amoxicillin,10mg daily
13667,4650,2025-08-17,Oxygen Therapy,Amoxicillin,100mg daily
13668,4650,2025-04-24,Oxygen Therapy,Amoxicillin,50mg daily
13669,4651,2025-09-15,Oxygen Therapy,Amoxicillin,100mg daily
13670,4652,2025-05-05,Nebulization,Salbutamol,25mg daily
13671,4652,2025-03-20,Nebulization,Salbutamol,50mg daily
13672,4652,2026-02-13,Nebulization,Salbutamol,100mg daily
13673,4653,2025-07-31,Nebulization,Salbutamol,25mg daily
13674,4653,2025-05-10,Nebulization,Salbutamol,100mg daily
13675,4653,2025-08-26,Nebulization,Salbutamol,25mg daily
13676,4654,2025-04-01,Oxygen Therapy,Amoxicillin,25mg daily
13677,4654,2025-09-18,Oxygen Therapy,Amoxicillin,100mg daily
13678,4654,2025-08-31,Oxygen Therapy,Amoxicillin,50mg daily
13679,4654,2025-08-14,Oxygen Therapy,Amoxicillin,50mg daily
13680,4655,2025-12-02,Oxygen Therapy,Amoxicillin,10mg daily
13681,4656,2026-01-07,Oxygen Therapy,Amoxicillin,10mg daily
13682,4657,2025-07-04,Blood Pressure Monitoring,Metoprolol,25mg daily
13683,4657,2025-10-28,Blood Pressure Monitoring,Metoprolol,25mg daily
13684,4657,2026-01-10,Blood Pressure Monitoring,Metoprolol,10mg daily
13685,4658,2026-01-14,Nebulization,Salbutamol,10mg daily
13686,4659,2025-12-01,Nebulization,Salbutamol,25mg daily
13687,4659,2026-01-08,Nebulization,Salbutamol,100mg daily
13688,4659,2025-09-09,Nebulization,Salbutamol,100mg daily
13689,4659,2025-05-05,Nebulization,Salbutamol,25mg daily
13690,4660,2025-05-22,Blood Pressure Monitoring,Metoprolol,25mg daily
13691,4660,2025-04-19,Blood Pressure Monitoring,Metoprolol,100mg daily
13692,4660,2025-04-11,Blood Pressure Monitoring,Metoprolol,50mg daily
13693,4660,2025-12-11,Blood Pressure Monitoring,Metoprolol,100mg daily
13694,4661,2025-08-08,ECG Monitoring,Aspirin,10mg daily
13695,4661,2025-11-29,ECG Monitoring,Aspirin,50mg daily
13696,4661,2025-07-04,ECG Monitoring,Aspirin,25mg daily
13697,4662,2025-09-16,Blood Pressure Monitoring,Metoprolol,25mg daily
13698,4663,2025-08-12,Blood Pressure Monitoring,Metoprolol,25mg daily
13699,4664,2026-02-10,Blood Pressure Monitoring,Metoprolol,100mg daily
13700,4665,2025-11-10,Oxygen Therapy,Amoxicillin,25mg daily
13701,4665,2025-10-01,Oxygen Therapy,Amoxicillin,50mg daily
13702,4665,2025-07-24,Oxygen Therapy,Amoxicillin,25mg daily
13703,4666,2025-12-07,Oxygen Therapy,Amoxicillin,100mg daily
13704,4666,2025-12-21,Oxygen Therapy,Amoxicillin,10mg daily
13705,4667,2025-11-10,Oxygen Therapy,Amoxicillin,50mg daily
13706,4668,2026-01-04,Oxygen Therapy,Amoxicillin,10mg daily
13707,4668,2026-01-31,Oxygen Therapy,Amoxicillin,25mg daily
13708,4669,2026-02-08,Blood Pressure Monitoring,Metoprolol,25mg daily
13709,4669,2025-12-19,Blood Pressure Monitoring,Metoprolol,10mg daily
13710,4669,2025-08-08,Blood Pressure Monitoring,Metoprolol,10mg daily
13711,4669,2026-01-16,Blood Pressure Monitoring,Metoprolol,100mg daily
13712,4670,2026-02-17,Blood Pressure Monitoring,Metoprolol,25mg daily
13713,4670,2025-07-18,Blood Pressure Monitoring,Metoprolol,100mg daily
13714,4670,2025-07-28,Blood Pressure Monitoring,Metoprolol,50mg daily
13715,4671,2025-06-10,ECG Monitoring,Aspirin,50mg daily
13716,4671,2025-05-22,ECG Monitoring,Aspirin,50mg daily
13717,4672,2025-04-14,ECG Monitoring,Aspirin,25mg daily
13718,4673,2025-09-22,ECG Monitoring,Aspirin,10mg daily
13719,4674,2025-10-10,Blood Pressure Monitoring,Metoprolol,50mg daily
13720,4675,2025-12-11,ECG Monitoring,Aspirin,10mg daily
13721,4676,2025-05-26,ECG Monitoring,Aspirin,50mg daily
13722,4676,2025-03-14,ECG Monitoring,Aspirin,50mg daily
13723,4677,2025-06-21,ECG Monitoring,Aspirin,100mg daily
13724,4677,2025-04-08,ECG Monitoring,Aspirin,100mg daily
13725,4677,2025-06-08,ECG Monitoring,Aspirin,10mg daily
13726,4678,2025-07-30,ECG Monitoring,Aspirin,50mg daily
13727,4678,2025-11-24,ECG Monitoring,Aspirin,100mg daily
13728,4678,2025-09-16,ECG Monitoring,Aspirin,10mg daily
13729,4679,2025-04-08,Oxygen Therapy,Amoxicillin,25mg daily
13730,4679,2025-10-05,Oxygen Therapy,Amoxicillin,10mg daily
13731,4679,2025-08-21,Oxygen Therapy,Amoxicillin,100mg daily
13732,4680,2025-10-09,Oxygen Therapy,Amoxicillin,10mg daily
13733,4680,2025-07-08,Oxygen Therapy,Amoxicillin,50mg daily
13734,4680,2025-10-18,Oxygen Therapy,Amoxicillin,50mg daily
13735,4680,2025-07-15,Oxygen Therapy,Amoxicillin,100mg daily
13736,4681,2025-11-01,Oxygen Therapy,Amoxicillin,25mg daily
13737,4681,2025-10-01,Oxygen Therapy,Amoxicillin,10mg daily
13738,4681,2025-08-16,Oxygen Therapy,Amoxicillin,25mg daily
13739,4681,2025-03-25,Oxygen Therapy,Amoxicillin,10mg daily
13740,4682,2025-04-07,ECG Monitoring,Aspirin,10mg daily
13741,4682,2025-11-09,ECG Monitoring,Aspirin,100mg daily
13742,4682,2025-06-04,ECG Monitoring,Aspirin,100mg daily
13743,4683,2026-02-17,ECG Monitoring,Aspirin,50mg daily
13744,4683,2025-04-03,ECG Monitoring,Aspirin,50mg daily
13745,4683,2025-04-19,ECG Monitoring,Aspirin,50mg daily
13746,4684,2025-12-08,Oxygen Therapy,Amoxicillin,50mg daily
13747,4685,2025-04-12,ECG Monitoring,Aspirin,50mg daily
13748,4686,2025-04-08,ECG Monitoring,Aspirin,100mg daily
13749,4687,2025-04-27,ECG Monitoring,Aspirin,25mg daily
13750,4687,2025-06-17,ECG Monitoring,Aspirin,10mg daily
13751,4688,2025-07-27,ECG Monitoring,Aspirin,50mg daily
13752,4688,2025-10-16,ECG Monitoring,Aspirin,10mg daily
13753,4688,2025-04-29,ECG Monitoring,Aspirin,100mg daily
13754,4689,2025-03-11,ECG Monitoring,Aspirin,25mg daily
13755,4689,2025-05-04,ECG Monitoring,Aspirin,25mg daily
13756,4689,2025-08-19,ECG Monitoring,Aspirin,100mg daily
13757,4690,2025-10-30,ECG Monitoring,Aspirin,50mg daily
13758,4690,2026-01-03,ECG Monitoring,Aspirin,100mg daily
13759,4690,2026-02-27,ECG Monitoring,Aspirin,25mg daily
13760,4690,2025-11-29,ECG Monitoring,Aspirin,50mg daily
13761,4691,2025-08-19,Nebulization,Salbutamol,10mg daily
13762,4691,2025-05-25,Nebulization,Salbutamol,100mg daily
13763,4691,2025-10-12,Nebulization,Salbutamol,100mg daily
13764,4691,2025-08-23,Nebulization,Salbutamol,25mg daily
13765,4692,2025-04-06,Nebulization,Salbutamol,50mg daily
13766,4693,2025-10-10,Oxygen Therapy,Amoxicillin,25mg daily
13767,4693,2025-07-12,Oxygen Therapy,Amoxicillin,25mg daily
13768,4694,2025-04-02,Nebulization,Salbutamol,100mg daily
13769,4694,2025-06-14,Nebulization,Salbutamol,25mg daily
13770,4694,2025-08-12,Nebulization,Salbutamol,10mg daily
13771,4695,2025-11-20,Oxygen Therapy,Amoxicillin,25mg daily
13772,4695,2025-05-25,Oxygen Therapy,Amoxicillin,100mg daily
13773,4696,2026-02-15,Blood Pressure Monitoring,Metoprolol,50mg daily
13774,4696,2025-12-17,Blood Pressure Monitoring,Metoprolol,100mg daily
13775,4696,2025-04-17,Blood Pressure Monitoring,Metoprolol,50mg daily
13776,4697,2025-07-29,Blood Pressure Monitoring,Metoprolol,25mg daily
13777,4697,2025-05-21,Blood Pressure Monitoring,Metoprolol,25mg daily
13778,4697,2026-03-08,Blood Pressure Monitoring,Metoprolol,25mg daily
13779,4697,2025-06-07,Blood Pressure Monitoring,Metoprolol,25mg daily
13780,4698,2025-12-04,Blood Pressure Monitoring,Metoprolol,25mg daily
13781,4698,2025-10-21,Blood Pressure Monitoring,Metoprolol,10mg daily
13782,4698,2025-03-23,Blood Pressure Monitoring,Metoprolol,100mg daily
13783,4698,2025-03-21,Blood Pressure Monitoring,Metoprolol,25mg daily
13784,4699,2026-03-09,Oxygen Therapy,Amoxicillin,25mg daily
13785,4699,2025-09-04,Oxygen Therapy,Amoxicillin,10mg daily
13786,4699,2025-11-19,Oxygen Therapy,Amoxicillin,25mg daily
13787,4699,2025-08-19,Oxygen Therapy,Amoxicillin,10mg daily
13788,4700,2026-01-04,Oxygen Therapy,Amoxicillin,25mg daily
13789,4700,2025-05-22,Oxygen Therapy,Amoxicillin,100mg daily
13790,4700,2025-07-01,Oxygen Therapy,Amoxicillin,100mg daily
13791,4700,2025-10-01,Oxygen Therapy,Amoxicillin,10mg daily
13792,4701,2025-06-04,Oxygen Therapy,Amoxicillin,25mg daily
13793,4701,2025-12-03,Oxygen Therapy,Amoxicillin,10mg daily
13794,4702,2025-09-19,Oxygen Therapy,Amoxicillin,100mg daily
13795,4702,2025-05-18,Oxygen Therapy,Amoxicillin,25mg daily
13796,4702,2025-09-20,Oxygen Therapy,Amoxicillin,100mg daily
13797,4702,2025-12-08,Oxygen Therapy,Amoxicillin,50mg daily
13798,4703,2025-05-21,Oxygen Therapy,Amoxicillin,50mg daily
13799,4703,2026-01-15,Oxygen Therapy,Amoxicillin,10mg daily
13800,4703,2025-04-09,Oxygen Therapy,Amoxicillin,50mg daily
13801,4703,2026-01-22,Oxygen Therapy,Amoxicillin,25mg daily
13802,4704,2025-10-28,Oxygen Therapy,Amoxicillin,100mg daily
13803,4704,2025-09-02,Oxygen Therapy,Amoxicillin,10mg daily
13804,4704,2025-06-20,Oxygen Therapy,Amoxicillin,10mg daily
13805,4705,2026-01-25,Oxygen Therapy,Amoxicillin,100mg daily
13806,4705,2025-07-15,Oxygen Therapy,Amoxicillin,100mg daily
13807,4706,2025-08-17,Oxygen Therapy,Amoxicillin,100mg daily
13808,4706,2025-06-09,Oxygen Therapy,Amoxicillin,25mg daily
13809,4706,2025-11-19,Oxygen Therapy,Amoxicillin,10mg daily
13810,4706,2025-08-04,Oxygen Therapy,Amoxicillin,50mg daily
13811,4707,2025-11-08,Blood Pressure Monitoring,Metoprolol,100mg daily
13812,4707,2025-04-16,Blood Pressure Monitoring,Metoprolol,50mg daily
13813,4707,2026-01-03,Blood Pressure Monitoring,Metoprolol,10mg daily
13814,4707,2025-09-29,Blood Pressure Monitoring,Metoprolol,50mg daily
13815,4708,2025-10-09,Blood Pressure Monitoring,Metoprolol,25mg daily
13816,4709,2025-07-23,Oxygen Therapy,Amoxicillin,100mg daily
13817,4710,2025-10-12,Oxygen Therapy,Amoxicillin,50mg daily
13818,4710,2025-10-14,Oxygen Therapy,Amoxicillin,50mg daily
13819,4710,2025-07-27,Oxygen Therapy,Amoxicillin,50mg daily
13820,4710,2025-06-15,Oxygen Therapy,Amoxicillin,50mg daily
13821,4711,2025-04-15,Oxygen Therapy,Amoxicillin,100mg daily
13822,4712,2025-12-19,Nebulization,Salbutamol,100mg daily
13823,4712,2025-05-02,Nebulization,Salbutamol,10mg daily
13824,4713,2025-11-27,Nebulization,Salbutamol,100mg daily
13825,4713,2025-11-05,Nebulization,Salbutamol,25mg daily
13826,4713,2025-05-17,Nebulization,Salbutamol,100mg daily
13827,4714,2025-03-27,Oxygen Therapy,Amoxicillin,10mg daily
13828,4714,2025-08-23,Oxygen Therapy,Amoxicillin,25mg daily
13829,4715,2025-09-18,Oxygen Therapy,Amoxicillin,50mg daily
13830,4715,2026-02-11,Oxygen Therapy,Amoxicillin,50mg daily
13831,4716,2025-04-13,Oxygen Therapy,Amoxicillin,50mg daily
13832,4716,2025-05-09,Oxygen Therapy,Amoxicillin,50mg daily
13833,4716,2025-10-15,Oxygen Therapy,Amoxicillin,100mg daily
13834,4717,2026-02-10,Oxygen Therapy,Amoxicillin,25mg daily
13835,4717,2025-03-12,Oxygen Therapy,Amoxicillin,50mg daily
13836,4718,2025-08-15,ECG Monitoring,Aspirin,50mg daily
13837,4718,2025-03-28,ECG Monitoring,Aspirin,100mg daily
13838,4718,2025-10-28,ECG Monitoring,Aspirin,10mg daily
13839,4718,2025-07-08,ECG Monitoring,Aspirin,50mg daily
13840,4719,2025-09-13,ECG Monitoring,Aspirin,10mg daily
13841,4719,2026-02-02,ECG Monitoring,Aspirin,100mg daily
13842,4719,2025-04-18,ECG Monitoring,Aspirin,10mg daily
13843,4720,2025-04-28,ECG Monitoring,Aspirin,25mg daily
13844,4720,2025-07-08,ECG Monitoring,Aspirin,10mg daily
13845,4720,2026-01-13,ECG Monitoring,Aspirin,100mg daily
13846,4720,2025-05-04,ECG Monitoring,Aspirin,10mg daily
13847,4721,2026-01-28,ECG Monitoring,Aspirin,100mg daily
13848,4721,2025-05-15,ECG Monitoring,Aspirin,50mg daily
13849,4721,2025-09-09,ECG Monitoring,Aspirin,50mg daily
13850,4722,2025-05-02,IV Fluid Therapy,Atorvastatin,100mg daily
13851,4723,2025-12-19,Blood Pressure Monitoring,Metoprolol,25mg daily
13852,4723,2025-12-02,Blood Pressure Monitoring,Metoprolol,50mg daily
13853,4723,2025-03-26,Blood Pressure Monitoring,Metoprolol,100mg daily
13854,4724,2025-07-26,Blood Pressure Monitoring,Metoprolol,100mg daily
13855,4724,2025-07-04,Blood Pressure Monitoring,Metoprolol,10mg daily
13856,4724,2026-02-01,Blood Pressure Monitoring,Metoprolol,100mg daily
13857,4724,2025-07-18,Blood Pressure Monitoring,Metoprolol,10mg daily
13858,4725,2025-12-20,ECG Monitoring,Aspirin,25mg daily
13859,4725,2025-05-13,ECG Monitoring,Aspirin,25mg daily
13860,4726,2026-02-10,ECG Monitoring,Aspirin,50mg daily
13861,4726,2025-04-06,ECG Monitoring,Aspirin,25mg daily
13862,4726,2025-04-23,ECG Monitoring,Aspirin,10mg daily
13863,4727,2025-12-18,ECG Monitoring,Aspirin,100mg daily
13864,4727,2025-08-04,ECG Monitoring,Aspirin,25mg daily
13865,4728,2025-10-04,ECG Monitoring,Aspirin,10mg daily
13866,4728,2025-09-13,ECG Monitoring,Aspirin,100mg daily
13867,4728,2025-05-21,ECG Monitoring,Aspirin,50mg daily
13868,4729,2025-09-09,Blood Pressure Monitoring,Metoprolol,10mg daily
13869,4729,2025-07-31,Blood Pressure Monitoring,Metoprolol,10mg daily
13870,4729,2025-06-02,Blood Pressure Monitoring,Metoprolol,25mg daily
13871,4729,2026-03-11,Blood Pressure Monitoring,Metoprolol,100mg daily
13872,4730,2025-07-01,Blood Pressure Monitoring,Metoprolol,10mg daily
13873,4730,2026-02-20,Blood Pressure Monitoring,Metoprolol,10mg daily
13874,4731,2026-01-28,Blood Pressure Monitoring,Metoprolol,25mg daily
13875,4731,2025-07-09,Blood Pressure Monitoring,Metoprolol,10mg daily
13876,4731,2025-12-30,Blood Pressure Monitoring,Metoprolol,50mg daily
13877,4731,2025-12-08,Blood Pressure Monitoring,Metoprolol,25mg daily
13878,4732,2025-04-20,Blood Pressure Monitoring,Metoprolol,100mg daily
13879,4733,2025-05-03,ECG Monitoring,Aspirin,100mg daily
13880,4733,2025-05-25,ECG Monitoring,Aspirin,10mg daily
13881,4733,2026-01-23,ECG Monitoring,Aspirin,25mg daily
13882,4733,2025-04-06,ECG Monitoring,Aspirin,10mg daily
13883,4734,2025-05-13,ECG Monitoring,Aspirin,50mg daily
13884,4734,2025-08-28,ECG Monitoring,Aspirin,100mg daily
13885,4734,2025-07-08,ECG Monitoring,Aspirin,25mg daily
13886,4734,2025-12-11,ECG Monitoring,Aspirin,10mg daily
13887,4735,2025-11-29,ECG Monitoring,Aspirin,50mg daily
13888,4735,2026-01-03,ECG Monitoring,Aspirin,10mg daily
13889,4735,2026-02-13,ECG Monitoring,Aspirin,10mg daily
13890,4736,2025-10-26,ECG Monitoring,Aspirin,50mg daily
13891,4737,2025-06-30,ECG Monitoring,Aspirin,10mg daily
13892,4738,2025-05-16,Blood Pressure Monitoring,Metoprolol,25mg daily
13893,4738,2025-11-06,Blood Pressure Monitoring,Metoprolol,50mg daily
13894,4739,2026-01-03,Blood Pressure Monitoring,Metoprolol,25mg daily
13895,4739,2025-05-02,Blood Pressure Monitoring,Metoprolol,25mg daily
13896,4739,2026-01-06,Blood Pressure Monitoring,Metoprolol,10mg daily
13897,4739,2025-06-25,Blood Pressure Monitoring,Metoprolol,100mg daily
13898,4740,2025-12-18,Blood Pressure Monitoring,Metoprolol,50mg daily
13899,4740,2025-04-15,Blood Pressure Monitoring,Metoprolol,25mg daily
13900,4740,2025-12-16,Blood Pressure Monitoring,Metoprolol,10mg daily
13901,4740,2025-10-13,Blood Pressure Monitoring,Metoprolol,50mg daily
13902,4741,2026-01-02,Blood Pressure Monitoring,Metoprolol,25mg daily
13903,4742,2025-07-05,Oxygen Therapy,Amoxicillin,50mg daily
13904,4743,2026-01-31,Oxygen Therapy,Amoxicillin,10mg daily
13905,4743,2025-12-28,Oxygen Therapy,Amoxicillin,50mg daily
13906,4743,2025-10-31,Oxygen Therapy,Amoxicillin,25mg daily
13907,4743,2025-09-27,Oxygen Therapy,Amoxicillin,50mg daily
13908,4744,2025-06-04,Oxygen Therapy,Amoxicillin,10mg daily
13909,4744,2025-04-09,Oxygen Therapy,Amoxicillin,100mg daily
13910,4744,2025-11-04,Oxygen Therapy,Amoxicillin,10mg daily
13911,4745,2026-02-16,Oxygen Therapy,Amoxicillin,25mg daily
13912,4745,2025-12-14,Oxygen Therapy,Amoxicillin,100mg daily
13913,4745,2025-06-14,Oxygen Therapy,Amoxicillin,25mg daily
13914,4746,2025-12-23,Oxygen Therapy,Amoxicillin,50mg daily
13915,4747,2025-05-16,Oxygen Therapy,Amoxicillin,25mg daily
13916,4748,2026-02-13,Blood Pressure Monitoring,Metoprolol,100mg daily
13917,4748,2026-02-20,Blood Pressure Monitoring,Metoprolol,50mg daily
13918,4748,2025-07-07,Blood Pressure Monitoring,Metoprolol,50mg daily
13919,4749,2025-11-23,ECG Monitoring,Aspirin,10mg daily
13920,4749,2025-03-27,ECG Monitoring,Aspirin,50mg daily
13921,4749,2025-07-02,ECG Monitoring,Aspirin,10mg daily
13922,4750,2026-02-22,Oxygen Therapy,Amoxicillin,25mg daily
13923,4750,2025-05-05,Oxygen Therapy,Amoxicillin,10mg daily
13924,4750,2026-01-09,Oxygen Therapy,Amoxicillin,25mg daily
13925,4750,2025-05-30,Oxygen Therapy,Amoxicillin,50mg daily
13926,4751,2025-11-08,Oxygen Therapy,Amoxicillin,25mg daily
13927,4751,2025-12-01,Oxygen Therapy,Amoxicillin,10mg daily
13928,4751,2026-01-14,Oxygen Therapy,Amoxicillin,25mg daily
13929,4751,2025-11-14,Oxygen Therapy,Amoxicillin,25mg daily
13930,4752,2025-05-09,ECG Monitoring,Aspirin,10mg daily
13931,4752,2025-07-09,ECG Monitoring,Aspirin,50mg daily
13932,4753,2025-06-24,ECG Monitoring,Aspirin,10mg daily
13933,4753,2025-09-16,ECG Monitoring,Aspirin,50mg daily
13934,4754,2025-08-12,ECG Monitoring,Aspirin,100mg daily
13935,4755,2025-09-28,ECG Monitoring,Aspirin,25mg daily
13936,4756,2025-12-15,ECG Monitoring,Aspirin,25mg daily
13937,4757,2026-01-30,ECG Monitoring,Aspirin,100mg daily
13938,4758,2025-07-12,ECG Monitoring,Aspirin,25mg daily
13939,4758,2025-10-09,ECG Monitoring,Aspirin,50mg daily
13940,4758,2025-04-05,ECG Monitoring,Aspirin,50mg daily
13941,4759,2025-11-25,Nebulization,Salbutamol,100mg daily
13942,4759,2025-04-07,Nebulization,Salbutamol,100mg daily
13943,4759,2025-04-09,Nebulization,Salbutamol,100mg daily
13944,4759,2025-10-08,Nebulization,Salbutamol,10mg daily
13945,4760,2025-07-14,Oxygen Therapy,Amoxicillin,10mg daily
13946,4760,2025-05-04,Oxygen Therapy,Amoxicillin,100mg daily
13947,4760,2025-12-05,Oxygen Therapy,Amoxicillin,10mg daily
13948,4760,2026-02-14,Oxygen Therapy,Amoxicillin,10mg daily
13949,4761,2025-09-29,Blood Pressure Monitoring,Metoprolol,100mg daily
13950,4762,2026-02-08,Blood Pressure Monitoring,Metoprolol,10mg daily
13951,4762,2026-01-22,Blood Pressure Monitoring,Metoprolol,10mg daily
13952,4762,2025-05-10,Blood Pressure Monitoring,Metoprolol,100mg daily
13953,4762,2025-07-08,Blood Pressure Monitoring,Metoprolol,50mg daily
13954,4763,2025-07-27,IV Fluid Therapy,Atorvastatin,50mg daily
13955,4764,2025-08-19,ECG Monitoring,Aspirin,100mg daily
13956,4765,2025-09-24,IV Fluid Therapy,Atorvastatin,50mg daily
13957,4766,2025-04-18,IV Fluid Therapy,Atorvastatin,100mg daily
13958,4767,2025-04-26,IV Fluid Therapy,Atorvastatin,100mg daily
13959,4767,2025-12-22,IV Fluid Therapy,Atorvastatin,100mg daily
13960,4767,2025-09-23,IV Fluid Therapy,Atorvastatin,25mg daily
13961,4767,2025-10-20,IV Fluid Therapy,Atorvastatin,10mg daily
13962,4768,2026-02-20,ECG Monitoring,Aspirin,10mg daily
13963,4768,2025-09-15,ECG Monitoring,Aspirin,50mg daily
13964,4769,2025-10-05,ECG Monitoring,Aspirin,10mg daily
13965,4769,2025-12-13,ECG Monitoring,Aspirin,50mg daily
13966,4770,2025-05-24,ECG Monitoring,Aspirin,50mg daily
13967,4770,2025-04-30,ECG Monitoring,Aspirin,25mg daily
13968,4771,2025-05-17,ECG Monitoring,Aspirin,100mg daily
13969,4771,2026-01-03,ECG Monitoring,Aspirin,50mg daily
13970,4771,2025-07-17,ECG Monitoring,Aspirin,50mg daily
13971,4771,2025-10-15,ECG Monitoring,Aspirin,50mg daily
13972,4772,2025-09-28,ECG Monitoring,Aspirin,25mg daily
13973,4772,2025-11-11,ECG Monitoring,Aspirin,100mg daily
13974,4773,2025-05-26,ECG Monitoring,Aspirin,50mg daily
13975,4773,2025-07-30,ECG Monitoring,Aspirin,50mg daily
13976,4773,2026-01-16,ECG Monitoring,Aspirin,100mg daily
13977,4773,2026-02-14,ECG Monitoring,Aspirin,100mg daily
13978,4774,2026-02-10,ECG Monitoring,Aspirin,10mg daily
13979,4774,2025-06-16,ECG Monitoring,Aspirin,100mg daily
13980,4774,2025-12-04,ECG Monitoring,Aspirin,10mg daily
13981,4775,2025-05-28,ECG Monitoring,Aspirin,10mg daily
13982,4775,2026-02-09,ECG Monitoring,Aspirin,100mg daily
13983,4775,2025-06-22,ECG Monitoring,Aspirin,25mg daily
13984,4776,2026-03-06,ECG Monitoring,Aspirin,10mg daily
13985,4777,2025-12-10,Oxygen Therapy,Amoxicillin,10mg daily
13986,4777,2025-04-14,Oxygen Therapy,Amoxicillin,100mg daily
13987,4778,2025-09-26,ECG Monitoring,Aspirin,50mg daily
13988,4778,2025-07-09,ECG Monitoring,Aspirin,50mg daily
13989,4779,2025-09-26,Oxygen Therapy,Amoxicillin,50mg daily
13990,4779,2025-10-06,Oxygen Therapy,Amoxicillin,25mg daily
13991,4780,2025-12-05,Oxygen Therapy,Amoxicillin,10mg daily
13992,4780,2025-03-18,Oxygen Therapy,Amoxicillin,100mg daily
13993,4780,2025-12-06,Oxygen Therapy,Amoxicillin,50mg daily
13994,4780,2025-09-05,Oxygen Therapy,Amoxicillin,50mg daily
13995,4781,2025-03-21,Oxygen Therapy,Amoxicillin,25mg daily
13996,4781,2025-12-17,Oxygen Therapy,Amoxicillin,100mg daily
13997,4781,2025-12-07,Oxygen Therapy,Amoxicillin,10mg daily
13998,4782,2025-08-24,ECG Monitoring,Aspirin,25mg daily
13999,4782,2026-01-14,ECG Monitoring,Aspirin,10mg daily
14000,4782,2025-07-28,ECG Monitoring,Aspirin,10mg daily
14001,4782,2025-04-20,ECG Monitoring,Aspirin,25mg daily
14002,4783,2025-10-19,ECG Monitoring,Aspirin,50mg daily
14003,4784,2025-10-03,IV Fluid Therapy,Atorvastatin,25mg daily
14004,4785,2025-03-31,IV Fluid Therapy,Atorvastatin,100mg daily
14005,4785,2025-11-22,IV Fluid Therapy,Atorvastatin,50mg daily
14006,4785,2025-09-05,IV Fluid Therapy,Atorvastatin,25mg daily
14007,4785,2025-08-16,IV Fluid Therapy,Atorvastatin,50mg daily
14008,4786,2025-05-12,ECG Monitoring,Aspirin,25mg daily
14009,4787,2025-06-06,Nebulization,Salbutamol,50mg daily
14010,4788,2025-04-22,Blood Pressure Monitoring,Metoprolol,50mg daily
14011,4788,2025-10-04,Blood Pressure Monitoring,Metoprolol,50mg daily
14012,4788,2025-05-16,Blood Pressure Monitoring,Metoprolol,100mg daily
14013,4788,2025-12-11,Blood Pressure Monitoring,Metoprolol,50mg daily
14014,4789,2025-09-13,Blood Pressure Monitoring,Metoprolol,25mg daily
14015,4790,2025-10-11,Blood Pressure Monitoring,Metoprolol,100mg daily
14016,4790,2025-03-29,Blood Pressure Monitoring,Metoprolol,100mg daily
14017,4791,2025-10-27,Oxygen Therapy,Amoxicillin,50mg daily
14018,4792,2025-11-30,Nebulization,Salbutamol,10mg daily
14019,4792,2025-10-13,Nebulization,Salbutamol,100mg daily
14020,4793,2026-02-15,Nebulization,Salbutamol,10mg daily
14021,4794,2025-03-30,Oxygen Therapy,Amoxicillin,50mg daily
14022,4794,2025-12-12,Oxygen Therapy,Amoxicillin,100mg daily
14023,4794,2025-09-05,Oxygen Therapy,Amoxicillin,25mg daily
14024,4795,2025-03-22,Nebulization,Salbutamol,25mg daily
14025,4795,2025-06-16,Nebulization,Salbutamol,10mg daily
14026,4796,2026-02-14,Oxygen Therapy,Amoxicillin,10mg daily
14027,4797,2025-10-04,Oxygen Therapy,Amoxicillin,25mg daily
14028,4797,2025-05-17,Oxygen Therapy,Amoxicillin,25mg daily
14029,4797,2026-01-04,Oxygen Therapy,Amoxicillin,100mg daily
14030,4797,2025-06-01,Oxygen Therapy,Amoxicillin,100mg daily
14031,4798,2026-01-03,Oxygen Therapy,Amoxicillin,50mg daily
14032,4798,2025-11-14,Oxygen Therapy,Amoxicillin,50mg daily
14033,4799,2025-08-08,Oxygen Therapy,Amoxicillin,25mg daily
14034,4799,2025-11-14,Oxygen Therapy,Amoxicillin,50mg daily
14035,4800,2025-12-12,Oxygen Therapy,Amoxicillin,25mg daily
14036,4801,2026-02-11,Blood Pressure Monitoring,Metoprolol,50mg daily
14037,4801,2025-04-05,Blood Pressure Monitoring,Metoprolol,100mg daily
14038,4801,2025-03-31,Blood Pressure Monitoring,Metoprolol,100mg daily
14039,4801,2025-10-15,Blood Pressure Monitoring,Metoprolol,25mg daily
14040,4802,2025-11-04,ECG Monitoring,Aspirin,50mg daily
14041,4802,2025-03-15,ECG Monitoring,Aspirin,100mg daily
14042,4802,2025-12-05,ECG Monitoring,Aspirin,50mg daily
14043,4802,2026-02-06,ECG Monitoring,Aspirin,100mg daily
14044,4803,2025-11-10,Oxygen Therapy,Amoxicillin,25mg daily
14045,4803,2026-03-05,Oxygen Therapy,Amoxicillin,25mg daily
14046,4803,2025-03-17,Oxygen Therapy,Amoxicillin,100mg daily
14047,4804,2026-03-08,Oxygen Therapy,Amoxicillin,100mg daily
14048,4805,2025-08-09,Blood Pressure Monitoring,Metoprolol,25mg daily
14049,4805,2025-05-16,Blood Pressure Monitoring,Metoprolol,100mg daily
14050,4806,2025-08-16,ECG Monitoring,Aspirin,50mg daily
14051,4806,2026-01-14,ECG Monitoring,Aspirin,100mg daily
14052,4807,2025-07-22,ECG Monitoring,Aspirin,10mg daily
14053,4807,2025-10-26,ECG Monitoring,Aspirin,25mg daily
14054,4808,2025-03-20,Nebulization,Salbutamol,25mg daily
14055,4808,2025-11-30,Nebulization,Salbutamol,100mg daily
14056,4809,2025-12-31,Oxygen Therapy,Amoxicillin,100mg daily
14057,4809,2025-06-20,Oxygen Therapy,Amoxicillin,10mg daily
14058,4810,2026-01-09,Oxygen Therapy,Amoxicillin,10mg daily
14059,4810,2025-12-05,Oxygen Therapy,Amoxicillin,50mg daily
14060,4811,2025-10-31,Nebulization,Salbutamol,100mg daily
14061,4812,2025-06-22,ECG Monitoring,Aspirin,25mg daily
14062,4812,2025-09-06,ECG Monitoring,Aspirin,25mg daily
14063,4812,2025-09-19,ECG Monitoring,Aspirin,100mg daily
14064,4813,2025-09-09,ECG Monitoring,Aspirin,10mg daily
14065,4813,2025-06-29,ECG Monitoring,Aspirin,100mg daily
14066,4814,2025-03-16,ECG Monitoring,Aspirin,100mg daily
14067,4814,2025-07-12,ECG Monitoring,Aspirin,50mg daily
14068,4814,2025-12-15,ECG Monitoring,Aspirin,50mg daily
14069,4814,2025-11-06,ECG Monitoring,Aspirin,10mg daily
14070,4815,2025-07-22,Blood Pressure Monitoring,Metoprolol,100mg daily
14071,4815,2025-08-20,Blood Pressure Monitoring,Metoprolol,25mg daily
14072,4816,2026-01-23,ECG Monitoring,Aspirin,25mg daily
14073,4817,2025-06-24,ECG Monitoring,Aspirin,10mg daily
14074,4817,2026-02-13,ECG Monitoring,Aspirin,100mg daily
14075,4818,2025-12-16,Blood Pressure Monitoring,Metoprolol,100mg daily
14076,4818,2025-05-17,Blood Pressure Monitoring,Metoprolol,25mg daily
14077,4818,2025-05-11,Blood Pressure Monitoring,Metoprolol,10mg daily
14078,4818,2025-04-14,Blood Pressure Monitoring,Metoprolol,50mg daily
14079,4819,2026-01-30,Blood Pressure Monitoring,Metoprolol,100mg daily
14080,4819,2025-11-17,Blood Pressure Monitoring,Metoprolol,100mg daily
14081,4819,2025-11-29,Blood Pressure Monitoring,Metoprolol,25mg daily
14082,4819,2025-12-02,Blood Pressure Monitoring,Metoprolol,25mg daily
14083,4820,2025-03-14,Blood Pressure Monitoring,Metoprolol,100mg daily
14084,4820,2026-03-06,Blood Pressure Monitoring,Metoprolol,25mg daily
14085,4820,2025-07-02,Blood Pressure Monitoring,Metoprolol,100mg daily
14086,4821,2025-12-24,Blood Pressure Monitoring,Metoprolol,10mg daily
14087,4821,2025-08-26,Blood Pressure Monitoring,Metoprolol,10mg daily
14088,4822,2025-10-20,Blood Pressure Monitoring,Metoprolol,25mg daily
14089,4823,2025-05-11,Blood Pressure Monitoring,Metoprolol,100mg daily
14090,4824,2025-10-23,Blood Pressure Monitoring,Metoprolol,10mg daily
14091,4824,2026-03-04,Blood Pressure Monitoring,Metoprolol,50mg daily
14092,4824,2025-07-03,Blood Pressure Monitoring,Metoprolol,25mg daily
14093,4824,2025-08-01,Blood Pressure Monitoring,Metoprolol,100mg daily
14094,4825,2026-03-04,Nebulization,Salbutamol,25mg daily
14095,4825,2026-03-08,Nebulization,Salbutamol,25mg daily
14096,4825,2026-02-21,Nebulization,Salbutamol,10mg daily
14097,4826,2025-10-17,Oxygen Therapy,Amoxicillin,10mg daily
14098,4827,2026-01-19,Oxygen Therapy,Amoxicillin,100mg daily
14099,4828,2025-03-21,Blood Pressure Monitoring,Metoprolol,25mg daily
14100,4829,2025-09-18,Blood Pressure Monitoring,Metoprolol,25mg daily
14101,4829,2025-04-15,Blood Pressure Monitoring,Metoprolol,50mg daily
14102,4830,2025-03-11,Blood Pressure Monitoring,Metoprolol,100mg daily
14103,4830,2025-12-17,Blood Pressure Monitoring,Metoprolol,100mg daily
14104,4830,2025-11-10,Blood Pressure Monitoring,Metoprolol,25mg daily
14105,4830,2025-06-15,Blood Pressure Monitoring,Metoprolol,100mg daily
14106,4831,2025-12-02,Oxygen Therapy,Amoxicillin,100mg daily
14107,4831,2025-06-16,Oxygen Therapy,Amoxicillin,100mg daily
14108,4831,2025-07-10,Oxygen Therapy,Amoxicillin,100mg daily
14109,4832,2026-01-29,Blood Pressure Monitoring,Metoprolol,10mg daily
14110,4833,2025-06-24,Blood Pressure Monitoring,Metoprolol,100mg daily
14111,4833,2025-09-02,Blood Pressure Monitoring,Metoprolol,50mg daily
14112,4833,2026-02-01,Blood Pressure Monitoring,Metoprolol,100mg daily
14113,4833,2025-07-06,Blood Pressure Monitoring,Metoprolol,25mg daily
14114,4834,2025-04-17,Nebulization,Salbutamol,25mg daily
14115,4834,2025-05-04,Nebulization,Salbutamol,25mg daily
14116,4835,2025-03-27,Nebulization,Salbutamol,50mg daily
14117,4835,2025-05-01,Nebulization,Salbutamol,25mg daily
14118,4836,2025-08-28,ECG Monitoring,Aspirin,10mg daily
14119,4836,2025-03-29,ECG Monitoring,Aspirin,100mg daily
14120,4837,2025-04-01,Blood Pressure Monitoring,Metoprolol,10mg daily
14121,4838,2025-08-11,Blood Pressure Monitoring,Metoprolol,50mg daily
14122,4839,2026-03-02,Oxygen Therapy,Amoxicillin,100mg daily
14123,4839,2025-11-26,Oxygen Therapy,Amoxicillin,100mg daily
14124,4839,2025-09-23,Oxygen Therapy,Amoxicillin,10mg daily
14125,4840,2025-06-27,Oxygen Therapy,Amoxicillin,10mg daily
14126,4840,2025-04-04,Oxygen Therapy,Amoxicillin,100mg daily
14127,4840,2025-08-21,Oxygen Therapy,Amoxicillin,10mg daily
14128,4840,2025-03-15,Oxygen Therapy,Amoxicillin,10mg daily
14129,4841,2025-10-19,ECG Monitoring,Aspirin,10mg daily
14130,4841,2025-10-12,ECG Monitoring,Aspirin,10mg daily
14131,4841,2025-03-28,ECG Monitoring,Aspirin,100mg daily
14132,4841,2025-11-16,ECG Monitoring,Aspirin,10mg daily
14133,4842,2025-09-08,IV Fluid Therapy,Atorvastatin,100mg daily
14134,4843,2025-08-27,Oxygen Therapy,Amoxicillin,100mg daily
14135,4843,2025-07-19,Oxygen Therapy,Amoxicillin,25mg daily
14136,4843,2025-11-09,Oxygen Therapy,Amoxicillin,25mg daily
14137,4843,2025-11-28,Oxygen Therapy,Amoxicillin,10mg daily
14138,4844,2026-02-21,Oxygen Therapy,Amoxicillin,100mg daily
14139,4844,2025-10-08,Oxygen Therapy,Amoxicillin,10mg daily
14140,4844,2025-11-07,Oxygen Therapy,Amoxicillin,25mg daily
14141,4844,2025-12-12,Oxygen Therapy,Amoxicillin,25mg daily
14142,4845,2025-05-19,Oxygen Therapy,Amoxicillin,100mg daily
14143,4845,2025-05-26,Oxygen Therapy,Amoxicillin,50mg daily
14144,4845,2026-01-18,Oxygen Therapy,Amoxicillin,100mg daily
14145,4845,2025-08-24,Oxygen Therapy,Amoxicillin,10mg daily
14146,4846,2025-05-19,Nebulization,Salbutamol,10mg daily
14147,4847,2025-06-12,Oxygen Therapy,Amoxicillin,10mg daily
14148,4847,2026-03-09,Oxygen Therapy,Amoxicillin,50mg daily
14149,4847,2025-07-29,Oxygen Therapy,Amoxicillin,100mg daily
14150,4847,2026-03-11,Oxygen Therapy,Amoxicillin,25mg daily
14151,4848,2025-05-21,Blood Pressure Monitoring,Metoprolol,50mg daily
14152,4848,2026-01-28,Blood Pressure Monitoring,Metoprolol,50mg daily
14153,4849,2026-01-21,Blood Pressure Monitoring,Metoprolol,25mg daily
14154,4849,2025-09-26,Blood Pressure Monitoring,Metoprolol,100mg daily
14155,4849,2025-06-08,Blood Pressure Monitoring,Metoprolol,100mg daily
14156,4849,2026-02-02,Blood Pressure Monitoring,Metoprolol,100mg daily
14157,4850,2026-02-07,Blood Pressure Monitoring,Metoprolol,10mg daily
14158,4851,2025-12-21,Oxygen Therapy,Amoxicillin,100mg daily
14159,4852,2025-06-06,Oxygen Therapy,Amoxicillin,100mg daily
14160,4852,2025-04-09,Oxygen Therapy,Amoxicillin,50mg daily
14161,4853,2025-04-27,IV Fluid Therapy,Atorvastatin,10mg daily
14162,4854,2025-05-27,ECG Monitoring,Aspirin,10mg daily
14163,4854,2026-01-23,ECG Monitoring,Aspirin,10mg daily
14164,4854,2025-04-11,ECG Monitoring,Aspirin,100mg daily
14165,4855,2026-01-03,ECG Monitoring,Aspirin,50mg daily
14166,4856,2025-07-24,ECG Monitoring,Aspirin,100mg daily
14167,4856,2025-03-23,ECG Monitoring,Aspirin,100mg daily
14168,4856,2025-04-08,ECG Monitoring,Aspirin,25mg daily
14169,4857,2026-01-19,ECG Monitoring,Aspirin,50mg daily
14170,4857,2025-07-08,ECG Monitoring,Aspirin,25mg daily
14171,4858,2025-07-17,ECG Monitoring,Aspirin,50mg daily
14172,4858,2026-01-28,ECG Monitoring,Aspirin,25mg daily
14173,4859,2025-05-26,Oxygen Therapy,Amoxicillin,50mg daily
14174,4859,2025-09-24,Oxygen Therapy,Amoxicillin,100mg daily
14175,4860,2025-12-05,Oxygen Therapy,Amoxicillin,50mg daily
14176,4860,2025-11-04,Oxygen Therapy,Amoxicillin,100mg daily
14177,4860,2025-03-18,Oxygen Therapy,Amoxicillin,100mg daily
14178,4860,2025-07-21,Oxygen Therapy,Amoxicillin,50mg daily
14179,4861,2025-04-28,IV Fluid Therapy,Atorvastatin,50mg daily
14180,4861,2025-08-26,IV Fluid Therapy,Atorvastatin,50mg daily
14181,4861,2025-09-11,IV Fluid Therapy,Atorvastatin,50mg daily
14182,4861,2026-02-21,IV Fluid Therapy,Atorvastatin,10mg daily
14183,4862,2026-02-24,ECG Monitoring,Aspirin,100mg daily
14184,4862,2026-01-05,ECG Monitoring,Aspirin,25mg daily
14185,4862,2026-01-08,ECG Monitoring,Aspirin,50mg daily
14186,4862,2025-08-14,ECG Monitoring,Aspirin,10mg daily
14187,4863,2025-06-02,Oxygen Therapy,Amoxicillin,100mg daily
14188,4863,2025-11-09,Oxygen Therapy,Amoxicillin,25mg daily
14189,4864,2026-02-28,Oxygen Therapy,Amoxicillin,25mg daily
14190,4864,2025-04-23,Oxygen Therapy,Amoxicillin,10mg daily
14191,4864,2025-09-29,Oxygen Therapy,Amoxicillin,100mg daily
14192,4864,2025-04-11,Oxygen Therapy,Amoxicillin,100mg daily
14193,4865,2025-05-26,Nebulization,Salbutamol,100mg daily
14194,4865,2025-06-25,Nebulization,Salbutamol,100mg daily
14195,4865,2025-07-04,Nebulization,Salbutamol,25mg daily
14196,4865,2025-05-15,Nebulization,Salbutamol,50mg daily
14197,4866,2025-03-31,Blood Pressure Monitoring,Metoprolol,25mg daily
14198,4867,2026-03-08,Blood Pressure Monitoring,Metoprolol,100mg daily
14199,4868,2025-11-15,IV Fluid Therapy,Atorvastatin,25mg daily
14200,4868,2025-11-11,IV Fluid Therapy,Atorvastatin,10mg daily
14201,4868,2025-09-12,IV Fluid Therapy,Atorvastatin,10mg daily
14202,4868,2025-12-05,IV Fluid Therapy,Atorvastatin,50mg daily
14203,4869,2025-06-22,IV Fluid Therapy,Atorvastatin,25mg daily
14204,4869,2025-12-07,IV Fluid Therapy,Atorvastatin,10mg daily
14205,4869,2025-08-24,IV Fluid Therapy,Atorvastatin,50mg daily
14206,4869,2025-10-27,IV Fluid Therapy,Atorvastatin,10mg daily
14207,4870,2025-10-23,ECG Monitoring,Aspirin,50mg daily
14208,4871,2025-04-16,Oxygen Therapy,Amoxicillin,50mg daily
14209,4871,2025-05-25,Oxygen Therapy,Amoxicillin,10mg daily
14210,4872,2025-10-19,Oxygen Therapy,Amoxicillin,25mg daily
14211,4873,2026-03-04,Oxygen Therapy,Amoxicillin,100mg daily
14212,4873,2025-04-14,Oxygen Therapy,Amoxicillin,10mg daily
14213,4873,2026-02-10,Oxygen Therapy,Amoxicillin,25mg daily
14214,4873,2025-08-10,Oxygen Therapy,Amoxicillin,10mg daily
14215,4874,2025-03-16,Blood Pressure Monitoring,Metoprolol,100mg daily
14216,4875,2025-04-23,Blood Pressure Monitoring,Metoprolol,100mg daily
14217,4875,2026-01-20,Blood Pressure Monitoring,Metoprolol,25mg daily
14218,4875,2026-01-09,Blood Pressure Monitoring,Metoprolol,10mg daily
14219,4876,2026-01-09,ECG Monitoring,Aspirin,25mg daily
14220,4876,2025-10-07,ECG Monitoring,Aspirin,10mg daily
14221,4877,2025-05-07,Oxygen Therapy,Amoxicillin,50mg daily
14222,4877,2025-07-28,Oxygen Therapy,Amoxicillin,10mg daily
14223,4878,2025-05-10,Oxygen Therapy,Amoxicillin,100mg daily
14224,4879,2025-07-05,Blood Pressure Monitoring,Metoprolol,50mg daily
14225,4879,2025-04-02,Blood Pressure Monitoring,Metoprolol,100mg daily
14226,4880,2025-05-31,ECG Monitoring,Aspirin,25mg daily
14227,4880,2025-11-30,ECG Monitoring,Aspirin,100mg daily
14228,4880,2025-10-19,ECG Monitoring,Aspirin,25mg daily
14229,4880,2025-11-15,ECG Monitoring,Aspirin,100mg daily
14230,4881,2025-09-11,Oxygen Therapy,Amoxicillin,100mg daily
14231,4881,2025-08-13,Oxygen Therapy,Amoxicillin,25mg daily
14232,4881,2025-09-08,Oxygen Therapy,Amoxicillin,50mg daily
14233,4882,2025-09-25,Oxygen Therapy,Amoxicillin,25mg daily
14234,4882,2025-06-05,Oxygen Therapy,Amoxicillin,50mg daily
14235,4882,2025-06-20,Oxygen Therapy,Amoxicillin,25mg daily
14236,4882,2025-10-11,Oxygen Therapy,Amoxicillin,25mg daily
14237,4883,2025-10-20,Oxygen Therapy,Amoxicillin,10mg daily
14238,4884,2025-05-24,Oxygen Therapy,Amoxicillin,10mg daily
14239,4884,2025-03-19,Oxygen Therapy,Amoxicillin,10mg daily
14240,4884,2025-04-08,Oxygen Therapy,Amoxicillin,100mg daily
14241,4884,2025-05-19,Oxygen Therapy,Amoxicillin,50mg daily
14242,4885,2025-04-01,Oxygen Therapy,Amoxicillin,50mg daily
14243,4885,2025-08-22,Oxygen Therapy,Amoxicillin,10mg daily
14244,4885,2025-08-18,Oxygen Therapy,Amoxicillin,100mg daily
14245,4886,2026-01-23,Blood Pressure Monitoring,Metoprolol,50mg daily
14246,4887,2025-08-02,ECG Monitoring,Aspirin,10mg daily
14247,4887,2025-07-10,ECG Monitoring,Aspirin,50mg daily
14248,4887,2025-08-26,ECG Monitoring,Aspirin,50mg daily
14249,4888,2025-04-25,Blood Pressure Monitoring,Metoprolol,100mg daily
14250,4888,2025-06-10,Blood Pressure Monitoring,Metoprolol,100mg daily
14251,4889,2025-08-11,ECG Monitoring,Aspirin,10mg daily
14252,4890,2025-05-27,ECG Monitoring,Aspirin,25mg daily
14253,4890,2025-09-08,ECG Monitoring,Aspirin,50mg daily
14254,4890,2026-02-27,ECG Monitoring,Aspirin,50mg daily
14255,4890,2026-01-24,ECG Monitoring,Aspirin,25mg daily
14256,4891,2026-03-09,ECG Monitoring,Aspirin,100mg daily
14257,4891,2025-06-19,ECG Monitoring,Aspirin,50mg daily
14258,4891,2025-08-12,ECG Monitoring,Aspirin,10mg daily
14259,4891,2026-01-03,ECG Monitoring,Aspirin,50mg daily
14260,4892,2026-02-03,Oxygen Therapy,Amoxicillin,10mg daily
14261,4892,2026-02-02,Oxygen Therapy,Amoxicillin,100mg daily
14262,4892,2025-06-22,Oxygen Therapy,Amoxicillin,10mg daily
14263,4892,2025-12-02,Oxygen Therapy,Amoxicillin,25mg daily
14264,4893,2025-03-16,Oxygen Therapy,Amoxicillin,25mg daily
14265,4893,2025-03-29,Oxygen Therapy,Amoxicillin,100mg daily
14266,4894,2025-06-15,Oxygen Therapy,Amoxicillin,50mg daily
14267,4894,2025-04-29,Oxygen Therapy,Amoxicillin,25mg daily
14268,4894,2025-12-07,Oxygen Therapy,Amoxicillin,25mg daily
14269,4894,2025-06-22,Oxygen Therapy,Amoxicillin,100mg daily
14270,4895,2025-12-29,ECG Monitoring,Aspirin,100mg daily
14271,4896,2025-03-23,ECG Monitoring,Aspirin,100mg daily
14272,4896,2025-05-16,ECG Monitoring,Aspirin,100mg daily
14273,4897,2025-06-13,ECG Monitoring,Aspirin,25mg daily
14274,4897,2025-04-16,ECG Monitoring,Aspirin,50mg daily
14275,4897,2025-10-18,ECG Monitoring,Aspirin,25mg daily
14276,4898,2025-10-05,Oxygen Therapy,Amoxicillin,10mg daily
14277,4898,2025-09-04,Oxygen Therapy,Amoxicillin,25mg daily
14278,4898,2025-08-08,Oxygen Therapy,Amoxicillin,25mg daily
14279,4898,2025-11-07,Oxygen Therapy,Amoxicillin,100mg daily
14280,4899,2025-11-12,ECG Monitoring,Aspirin,100mg daily
14281,4899,2026-01-08,ECG Monitoring,Aspirin,50mg daily
14282,4899,2025-10-31,ECG Monitoring,Aspirin,10mg daily
14283,4900,2025-06-14,ECG Monitoring,Aspirin,100mg daily
14284,4900,2025-11-09,ECG Monitoring,Aspirin,100mg daily
14285,4900,2025-06-01,ECG Monitoring,Aspirin,25mg daily
14286,4900,2025-08-12,ECG Monitoring,Aspirin,25mg daily
14287,4901,2025-09-16,ECG Monitoring,Aspirin,25mg daily
14288,4902,2025-07-19,Blood Pressure Monitoring,Metoprolol,10mg daily
14289,4903,2025-09-18,Blood Pressure Monitoring,Metoprolol,100mg daily
14290,4904,2025-08-14,Blood Pressure Monitoring,Metoprolol,100mg daily
14291,4904,2026-01-25,Blood Pressure Monitoring,Metoprolol,25mg daily
14292,4905,2025-12-12,ECG Monitoring,Aspirin,100mg daily
14293,4906,2026-01-24,Oxygen Therapy,Amoxicillin,100mg daily
14294,4906,2026-03-05,Oxygen Therapy,Amoxicillin,25mg daily
14295,4907,2025-07-18,Oxygen Therapy,Amoxicillin,25mg daily
14296,4907,2025-05-28,Oxygen Therapy,Amoxicillin,100mg daily
14297,4907,2025-08-26,Oxygen Therapy,Amoxicillin,100mg daily
14298,4908,2025-12-04,Oxygen Therapy,Amoxicillin,100mg daily
14299,4908,2025-07-19,Oxygen Therapy,Amoxicillin,100mg daily
14300,4909,2025-09-27,Oxygen Therapy,Amoxicillin,50mg daily
14301,4909,2025-09-20,Oxygen Therapy,Amoxicillin,50mg daily
14302,4909,2025-07-25,Oxygen Therapy,Amoxicillin,100mg daily
14303,4910,2026-01-17,Oxygen Therapy,Amoxicillin,100mg daily
14304,4910,2026-01-14,Oxygen Therapy,Amoxicillin,50mg daily
14305,4911,2026-01-30,Nebulization,Salbutamol,100mg daily
14306,4912,2025-08-28,Oxygen Therapy,Amoxicillin,25mg daily
14307,4912,2025-05-24,Oxygen Therapy,Amoxicillin,50mg daily
14308,4913,2025-03-26,Oxygen Therapy,Amoxicillin,50mg daily
14309,4913,2025-12-10,Oxygen Therapy,Amoxicillin,50mg daily
14310,4913,2025-08-26,Oxygen Therapy,Amoxicillin,25mg daily
14311,4914,2025-06-03,ECG Monitoring,Aspirin,100mg daily
14312,4914,2025-04-21,ECG Monitoring,Aspirin,50mg daily
14313,4914,2025-04-27,ECG Monitoring,Aspirin,25mg daily
14314,4914,2025-05-21,ECG Monitoring,Aspirin,100mg daily
14315,4915,2026-01-14,ECG Monitoring,Aspirin,50mg daily
14316,4915,2026-03-10,ECG Monitoring,Aspirin,25mg daily
14317,4915,2025-05-14,ECG Monitoring,Aspirin,50mg daily
14318,4916,2026-02-26,Oxygen Therapy,Amoxicillin,25mg daily
14319,4916,2025-03-19,Oxygen Therapy,Amoxicillin,50mg daily
14320,4916,2025-04-18,Oxygen Therapy,Amoxicillin,50mg daily
14321,4916,2025-07-17,Oxygen Therapy,Amoxicillin,10mg daily
14322,4917,2025-12-30,Oxygen Therapy,Amoxicillin,10mg daily
14323,4917,2026-01-08,Oxygen Therapy,Amoxicillin,10mg daily
14324,4918,2025-03-20,Oxygen Therapy,Amoxicillin,100mg daily
14325,4918,2026-01-11,Oxygen Therapy,Amoxicillin,10mg daily
14326,4918,2026-02-08,Oxygen Therapy,Amoxicillin,50mg daily
14327,4918,2025-07-21,Oxygen Therapy,Amoxicillin,10mg daily
14328,4919,2025-10-29,Nebulization,Salbutamol,10mg daily
14329,4919,2025-10-04,Nebulization,Salbutamol,10mg daily
14330,4919,2025-04-08,Nebulization,Salbutamol,25mg daily
14331,4919,2025-11-24,Nebulization,Salbutamol,100mg daily
14332,4920,2025-08-16,Oxygen Therapy,Amoxicillin,25mg daily
14333,4920,2025-07-19,Oxygen Therapy,Amoxicillin,50mg daily
14334,4920,2025-08-08,Oxygen Therapy,Amoxicillin,10mg daily
14335,4920,2025-09-21,Oxygen Therapy,Amoxicillin,100mg daily
14336,4921,2025-09-18,Nebulization,Salbutamol,10mg daily
14337,4921,2025-11-24,Nebulization,Salbutamol,25mg daily
14338,4921,2025-09-07,Nebulization,Salbutamol,50mg daily
14339,4922,2025-07-23,Nebulization,Salbutamol,25mg daily
14340,4922,2025-11-17,Nebulization,Salbutamol,50mg daily
14341,4923,2025-09-01,Nebulization,Salbutamol,50mg daily
14342,4923,2025-09-30,Nebulization,Salbutamol,10mg daily
14343,4923,2025-03-31,Nebulization,Salbutamol,50mg daily
14344,4923,2025-12-31,Nebulization,Salbutamol,25mg daily
14345,4924,2025-09-20,Nebulization,Salbutamol,25mg daily
14346,4924,2025-09-15,Nebulization,Salbutamol,50mg daily
14347,4925,2026-02-25,IV Fluid Therapy,Atorvastatin,100mg daily
14348,4925,2025-08-16,IV Fluid Therapy,Atorvastatin,25mg daily
14349,4926,2025-05-21,Oxygen Therapy,Amoxicillin,50mg daily
14350,4926,2025-08-28,Oxygen Therapy,Amoxicillin,10mg daily
14351,4927,2025-10-10,ECG Monitoring,Aspirin,10mg daily
14352,4927,2025-05-14,ECG Monitoring,Aspirin,25mg daily
14353,4927,2026-02-15,ECG Monitoring,Aspirin,25mg daily
14354,4928,2025-11-09,ECG Monitoring,Aspirin,50mg daily
14355,4928,2025-03-12,ECG Monitoring,Aspirin,50mg daily
14356,4928,2026-01-07,ECG Monitoring,Aspirin,10mg daily
14357,4929,2025-08-25,IV Fluid Therapy,Atorvastatin,100mg daily
14358,4929,2025-03-24,IV Fluid Therapy,Atorvastatin,10mg daily
14359,4929,2026-03-01,IV Fluid Therapy,Atorvastatin,25mg daily
14360,4929,2026-01-28,IV Fluid Therapy,Atorvastatin,25mg daily
14361,4930,2026-02-04,ECG Monitoring,Aspirin,50mg daily
14362,4930,2025-07-11,ECG Monitoring,Aspirin,10mg daily
14363,4930,2025-10-13,ECG Monitoring,Aspirin,25mg daily
14364,4930,2025-10-14,ECG Monitoring,Aspirin,100mg daily
14365,4931,2025-08-31,ECG Monitoring,Aspirin,100mg daily
14366,4932,2026-03-02,Oxygen Therapy,Amoxicillin,10mg daily
14367,4933,2025-11-08,Oxygen Therapy,Amoxicillin,25mg daily
14368,4933,2026-02-17,Oxygen Therapy,Amoxicillin,25mg daily
14369,4933,2025-10-03,Oxygen Therapy,Amoxicillin,100mg daily
14370,4933,2025-05-28,Oxygen Therapy,Amoxicillin,25mg daily
14371,4934,2025-10-24,Oxygen Therapy,Amoxicillin,100mg daily
14372,4935,2025-09-18,Blood Pressure Monitoring,Metoprolol,100mg daily
14373,4935,2025-07-26,Blood Pressure Monitoring,Metoprolol,25mg daily
14374,4936,2025-06-10,Blood Pressure Monitoring,Metoprolol,100mg daily
14375,4936,2025-09-30,Blood Pressure Monitoring,Metoprolol,100mg daily
14376,4937,2025-07-12,Blood Pressure Monitoring,Metoprolol,10mg daily
14377,4937,2025-11-11,Blood Pressure Monitoring,Metoprolol,50mg daily
14378,4938,2025-12-30,ECG Monitoring,Aspirin,100mg daily
14379,4938,2025-09-14,ECG Monitoring,Aspirin,50mg daily
14380,4939,2025-10-31,ECG Monitoring,Aspirin,25mg daily
14381,4939,2025-07-02,ECG Monitoring,Aspirin,50mg daily
14382,4940,2025-06-04,Oxygen Therapy,Amoxicillin,50mg daily
14383,4940,2025-08-04,Oxygen Therapy,Amoxicillin,100mg daily
14384,4940,2025-11-27,Oxygen Therapy,Amoxicillin,100mg daily
14385,4941,2025-09-10,Oxygen Therapy,Amoxicillin,100mg daily
14386,4941,2026-02-04,Oxygen Therapy,Amoxicillin,10mg daily
14387,4942,2025-05-22,Oxygen Therapy,Amoxicillin,50mg daily
14388,4942,2025-10-02,Oxygen Therapy,Amoxicillin,10mg daily
14389,4942,2025-10-26,Oxygen Therapy,Amoxicillin,25mg daily
14390,4942,2025-10-01,Oxygen Therapy,Amoxicillin,25mg daily
14391,4943,2025-09-10,ECG Monitoring,Aspirin,50mg daily
14392,4943,2025-08-02,ECG Monitoring,Aspirin,100mg daily
14393,4943,2025-09-21,ECG Monitoring,Aspirin,100mg daily
14394,4944,2025-10-02,ECG Monitoring,Aspirin,50mg daily
14395,4944,2025-06-02,ECG Monitoring,Aspirin,10mg daily
14396,4944,2025-12-16,ECG Monitoring,Aspirin,10mg daily
14397,4945,2025-10-21,IV Fluid Therapy,Atorvastatin,10mg daily
14398,4945,2025-04-14,IV Fluid Therapy,Atorvastatin,100mg daily
14399,4946,2026-01-09,IV Fluid Therapy,Atorvastatin,25mg daily
14400,4947,2026-02-23,Blood Pressure Monitoring,Metoprolol,25mg daily
14401,4947,2026-01-12,Blood Pressure Monitoring,Metoprolol,10mg daily
14402,4947,2025-10-25,Blood Pressure Monitoring,Metoprolol,50mg daily
14403,4947,2025-08-01,Blood Pressure Monitoring,Metoprolol,100mg daily
14404,4948,2025-04-07,ECG Monitoring,Aspirin,100mg daily
14405,4949,2026-01-18,ECG Monitoring,Aspirin,50mg daily
14406,4949,2025-11-29,ECG Monitoring,Aspirin,50mg daily
14407,4950,2025-07-12,ECG Monitoring,Aspirin,50mg daily
14408,4950,2025-12-02,ECG Monitoring,Aspirin,100mg daily
14409,4950,2025-04-20,ECG Monitoring,Aspirin,10mg daily
14410,4950,2026-02-12,ECG Monitoring,Aspirin,25mg daily
14411,4951,2026-02-22,ECG Monitoring,Aspirin,50mg daily
14412,4951,2025-06-23,ECG Monitoring,Aspirin,25mg daily
14413,4951,2025-08-11,ECG Monitoring,Aspirin,100mg daily
14414,4952,2026-02-09,ECG Monitoring,Aspirin,25mg daily
14415,4952,2025-08-18,ECG Monitoring,Aspirin,25mg daily
14416,4953,2025-06-08,ECG Monitoring,Aspirin,25mg daily
14417,4954,2026-01-11,ECG Monitoring,Aspirin,50mg daily
14418,4954,2025-11-14,ECG Monitoring,Aspirin,100mg daily
14419,4955,2025-04-27,ECG Monitoring,Aspirin,25mg daily
14420,4955,2025-06-05,ECG Monitoring,Aspirin,25mg daily
14421,4956,2025-04-16,ECG Monitoring,Aspirin,25mg daily
14422,4956,2025-07-22,ECG Monitoring,Aspirin,25mg daily
14423,4956,2025-06-06,ECG Monitoring,Aspirin,25mg daily
14424,4956,2026-02-18,ECG Monitoring,Aspirin,10mg daily
14425,4957,2026-02-11,ECG Monitoring,Aspirin,100mg daily
14426,4958,2025-11-27,Oxygen Therapy,Amoxicillin,100mg daily
14427,4958,2025-05-07,Oxygen Therapy,Amoxicillin,25mg daily
14428,4958,2025-10-24,Oxygen Therapy,Amoxicillin,10mg daily
14429,4959,2026-01-01,Oxygen Therapy,Amoxicillin,25mg daily
14430,4960,2025-09-04,Oxygen Therapy,Amoxicillin,100mg daily
14431,4960,2025-05-14,Oxygen Therapy,Amoxicillin,25mg daily
14432,4960,2025-09-05,Oxygen Therapy,Amoxicillin,50mg daily
14433,4960,2025-03-30,Oxygen Therapy,Amoxicillin,10mg daily
14434,4961,2025-03-25,ECG Monitoring,Aspirin,10mg daily
14435,4962,2025-03-23,ECG Monitoring,Aspirin,10mg daily
14436,4962,2025-05-25,ECG Monitoring,Aspirin,50mg daily
14437,4962,2025-11-20,ECG Monitoring,Aspirin,50mg daily
14438,4962,2025-12-29,ECG Monitoring,Aspirin,100mg daily
14439,4963,2026-02-27,Oxygen Therapy,Amoxicillin,10mg daily
14440,4963,2025-12-08,Oxygen Therapy,Amoxicillin,50mg daily
14441,4963,2025-04-22,Oxygen Therapy,Amoxicillin,100mg daily
14442,4964,2026-01-10,Oxygen Therapy,Amoxicillin,10mg daily
14443,4964,2025-12-17,Oxygen Therapy,Amoxicillin,50mg daily
14444,4965,2025-03-29,Oxygen Therapy,Amoxicillin,25mg daily
14445,4965,2025-10-16,Oxygen Therapy,Amoxicillin,100mg daily
14446,4966,2025-08-07,Blood Pressure Monitoring,Metoprolol,25mg daily
14447,4966,2025-05-05,Blood Pressure Monitoring,Metoprolol,100mg daily
14448,4966,2025-06-05,Blood Pressure Monitoring,Metoprolol,50mg daily
14449,4966,2025-12-02,Blood Pressure Monitoring,Metoprolol,100mg daily
14450,4967,2025-09-16,ECG Monitoring,Aspirin,10mg daily
14451,4967,2025-11-07,ECG Monitoring,Aspirin,10mg daily
14452,4967,2025-08-25,ECG Monitoring,Aspirin,100mg daily
14453,4968,2025-08-08,Oxygen Therapy,Amoxicillin,25mg daily
14454,4969,2025-04-18,Oxygen Therapy,Amoxicillin,50mg daily
14455,4969,2026-01-07,Oxygen Therapy,Amoxicillin,10mg daily
14456,4969,2025-12-18,Oxygen Therapy,Amoxicillin,10mg daily
14457,4970,2025-10-09,ECG Monitoring,Aspirin,50mg daily
14458,4971,2025-08-25,ECG Monitoring,Aspirin,50mg daily
14459,4972,2025-11-27,Oxygen Therapy,Amoxicillin,10mg daily
14460,4973,2026-01-27,Oxygen Therapy,Amoxicillin,10mg daily
14461,4974,2025-08-30,Oxygen Therapy,Amoxicillin,25mg daily
14462,4974,2025-09-07,Oxygen Therapy,Amoxicillin,50mg daily
14463,4974,2025-07-25,Oxygen Therapy,Amoxicillin,25mg daily
14464,4975,2026-02-14,Oxygen Therapy,Amoxicillin,25mg daily
14465,4975,2025-08-23,Oxygen Therapy,Amoxicillin,10mg daily
14466,4975,2025-12-07,Oxygen Therapy,Amoxicillin,50mg daily
14467,4975,2025-10-05,Oxygen Therapy,Amoxicillin,50mg daily
14468,4976,2026-03-02,Oxygen Therapy,Amoxicillin,100mg daily
14469,4976,2025-11-03,Oxygen Therapy,Amoxicillin,25mg daily
14470,4977,2026-03-09,Blood Pressure Monitoring,Metoprolol,50mg daily
14471,4977,2025-03-26,Blood Pressure Monitoring,Metoprolol,10mg daily
14472,4978,2025-05-18,ECG Monitoring,Aspirin,50mg daily
14473,4979,2025-05-15,ECG Monitoring,Aspirin,100mg daily
14474,4979,2026-01-26,ECG Monitoring,Aspirin,10mg daily
14475,4980,2025-08-06,Blood Pressure Monitoring,Metoprolol,50mg daily
14476,4980,2025-08-01,Blood Pressure Monitoring,Metoprolol,25mg daily
14477,4980,2025-04-29,Blood Pressure Monitoring,Metoprolol,25mg daily
14478,4980,2025-12-28,Blood Pressure Monitoring,Metoprolol,50mg daily
14479,4981,2025-04-05,Blood Pressure Monitoring,Metoprolol,10mg daily
14480,4981,2025-03-22,Blood Pressure Monitoring,Metoprolol,100mg daily
14481,4981,2025-07-21,Blood Pressure Monitoring,Metoprolol,25mg daily
14482,4982,2025-07-09,Blood Pressure Monitoring,Metoprolol,25mg daily
14483,4983,2026-02-05,Blood Pressure Monitoring,Metoprolol,25mg daily
14484,4983,2025-12-29,Blood Pressure Monitoring,Metoprolol,50mg daily
14485,4983,2025-09-16,Blood Pressure Monitoring,Metoprolol,100mg daily
14486,4983,2025-04-30,Blood Pressure Monitoring,Metoprolol,25mg daily
14487,4984,2026-01-16,Blood Pressure Monitoring,Metoprolol,50mg daily
14488,4985,2025-04-29,Blood Pressure Monitoring,Metoprolol,50mg daily
14489,4985,2026-01-15,Blood Pressure Monitoring,Metoprolol,50mg daily
14490,4986,2025-06-26,Oxygen Therapy,Amoxicillin,25mg daily
14491,4986,2025-07-16,Oxygen Therapy,Amoxicillin,50mg daily
14492,4986,2025-04-18,Oxygen Therapy,Amoxicillin,25mg daily
14493,4986,2025-05-30,Oxygen Therapy,Amoxicillin,10mg daily
14494,4987,2025-05-21,Oxygen Therapy,Amoxicillin,100mg daily
14495,4987,2026-01-23,Oxygen Therapy,Amoxicillin,100mg daily
14496,4987,2026-01-03,Oxygen Therapy,Amoxicillin,25mg daily
14497,4988,2025-04-19,Oxygen Therapy,Amoxicillin,50mg daily
14498,4988,2026-01-03,Oxygen Therapy,Amoxicillin,25mg daily
14499,4989,2025-03-20,Oxygen Therapy,Amoxicillin,10mg daily
14500,4989,2025-05-04,Oxygen Therapy,Amoxicillin,50mg daily
14501,4989,2025-09-19,Oxygen Therapy,Amoxicillin,100mg daily
14502,4990,2026-01-05,IV Fluid Therapy,Atorvastatin,50mg daily
14503,4991,2025-10-19,Blood Pressure Monitoring,Metoprolol,50mg daily
14504,4991,2025-08-01,Blood Pressure Monitoring,Metoprolol,10mg daily
14505,4992,2025-12-25,Blood Pressure Monitoring,Metoprolol,25mg daily
14506,4992,2025-05-06,Blood Pressure Monitoring,Metoprolol,50mg daily
14507,4992,2025-09-29,Blood Pressure Monitoring,Metoprolol,25mg daily
14508,4993,2025-08-23,Oxygen Therapy,Amoxicillin,100mg daily
14509,4993,2026-01-21,Oxygen Therapy,Amoxicillin,50mg daily
14510,4993,2025-12-13,Oxygen Therapy,Amoxicillin,10mg daily
14511,4993,2025-12-12,Oxygen Therapy,Amoxicillin,10mg daily
14512,4994,2026-03-08,Oxygen Therapy,Amoxicillin,100mg daily
14513,4994,2025-07-05,Oxygen Therapy,Amoxicillin,10mg daily
14514,4994,2025-07-09,Oxygen Therapy,Amoxicillin,50mg daily
14515,4994,2026-01-13,Oxygen Therapy,Amoxicillin,10mg daily
14516,4995,2025-12-19,Nebulization,Salbutamol,100mg daily
14517,4996,2025-05-07,Nebulization,Salbutamol,100mg daily
14518,4996,2025-03-12,Nebulization,Salbutamol,100mg daily
14519,4996,2025-12-27,Nebulization,Salbutamol,50mg daily
14520,4997,2026-02-04,Oxygen Therapy,Amoxicillin,25mg daily
14521,4997,2026-02-15,Oxygen Therapy,Amoxicillin,50mg daily
14522,4997,2025-10-30,Oxygen Therapy,Amoxicillin,50mg daily
14523,4997,2025-03-16,Oxygen Therapy,Amoxicillin,10mg daily
14524,4998,2025-12-21,Blood Pressure Monitoring,Metoprolol,10mg daily
14525,4998,2025-04-25,Blood Pressure Monitoring,Metoprolol,25mg daily
14526,4998,2025-12-04,Blood Pressure Monitoring,Metoprolol,50mg daily
14527,4999,2025-06-05,Blood Pressure Monitoring,Metoprolol,10mg daily
14528,5000,2025-05-18,ECG Monitoring,Aspirin,50mg daily
14529,5000,2026-03-11,ECG Monitoring,Aspirin,10mg daily
14530,5000,2025-05-18,ECG Monitoring,Aspirin,10mg daily
14531,5001,2025-06-29,Oxygen Therapy,Amoxicillin,100mg daily
14532,5001,2026-01-26,Oxygen Therapy,Amoxicillin,50mg daily
14533,5001,2025-12-18,Oxygen Therapy,Amoxicillin,25mg daily
14534,5001,2026-01-14,Oxygen Therapy,Amoxicillin,50mg daily
14535,5002,2026-02-08,Oxygen Therapy,Amoxicillin,50mg daily
14536,5002,2025-04-05,Oxygen Therapy,Amoxicillin,100mg daily
14537,5002,2025-10-06,Oxygen Therapy,Amoxicillin,10mg daily
14538,5003,2025-07-06,IV Fluid Therapy,Atorvastatin,25mg daily
14539,5003,2025-07-15,IV Fluid Therapy,Atorvastatin,50mg daily
14540,5003,2025-07-26,IV Fluid Therapy,Atorvastatin,10mg daily
14541,5003,2025-06-16,IV Fluid Therapy,Atorvastatin,10mg daily
14542,5004,2025-12-13,IV Fluid Therapy,Atorvastatin,100mg daily
14543,5005,2025-10-17,Oxygen Therapy,Amoxicillin,10mg daily
14544,5005,2025-03-28,Oxygen Therapy,Amoxicillin,10mg daily
14545,5005,2026-03-01,Oxygen Therapy,Amoxicillin,100mg daily
14546,5005,2025-03-16,Oxygen Therapy,Amoxicillin,10mg daily
14547,5006,2025-11-07,Oxygen Therapy,Amoxicillin,10mg daily
14548,5006,2025-11-19,Oxygen Therapy,Amoxicillin,50mg daily
14549,5007,2026-02-19,Blood Pressure Monitoring,Metoprolol,100mg daily
14550,5007,2026-01-29,Blood Pressure Monitoring,Metoprolol,50mg daily
14551,5007,2026-02-06,Blood Pressure Monitoring,Metoprolol,25mg daily
14552,5008,2026-02-08,ECG Monitoring,Aspirin,10mg daily
14553,5008,2025-06-07,ECG Monitoring,Aspirin,25mg daily
14554,5008,2025-09-23,ECG Monitoring,Aspirin,100mg daily
14555,5009,2025-09-01,Oxygen Therapy,Amoxicillin,100mg daily
14556,5010,2025-08-15,ECG Monitoring,Aspirin,100mg daily
14557,5011,2025-07-21,ECG Monitoring,Aspirin,25mg daily
14558,5012,2025-12-03,ECG Monitoring,Aspirin,25mg daily
14559,5013,2025-05-10,Oxygen Therapy,Amoxicillin,25mg daily
14560,5013,2025-07-14,Oxygen Therapy,Amoxicillin,100mg daily
14561,5014,2025-10-14,Oxygen Therapy,Amoxicillin,10mg daily
14562,5014,2025-11-15,Oxygen Therapy,Amoxicillin,25mg daily
14563,5014,2026-03-03,Oxygen Therapy,Amoxicillin,100mg daily
14564,5015,2025-07-27,ECG Monitoring,Aspirin,50mg daily
14565,5016,2025-09-11,ECG Monitoring,Aspirin,10mg daily
14566,5016,2025-08-04,ECG Monitoring,Aspirin,100mg daily
14567,5017,2025-09-29,Oxygen Therapy,Amoxicillin,25mg daily
14568,5017,2025-05-25,Oxygen Therapy,Amoxicillin,50mg daily
14569,5017,2025-12-31,Oxygen Therapy,Amoxicillin,10mg daily
14570,5018,2025-12-20,Oxygen Therapy,Amoxicillin,50mg daily
14571,5019,2025-09-24,Oxygen Therapy,Amoxicillin,100mg daily
14572,5019,2026-01-11,Oxygen Therapy,Amoxicillin,50mg daily
14573,5019,2025-12-27,Oxygen Therapy,Amoxicillin,50mg daily
14574,5020,2026-01-07,IV Fluid Therapy,Atorvastatin,25mg daily
14575,5020,2025-07-18,IV Fluid Therapy,Atorvastatin,100mg daily
14576,5020,2025-11-17,IV Fluid Therapy,Atorvastatin,100mg daily
14577,5020,2025-03-30,IV Fluid Therapy,Atorvastatin,50mg daily
14578,5021,2025-06-12,ECG Monitoring,Aspirin,100mg daily
14579,5021,2025-05-23,ECG Monitoring,Aspirin,10mg daily
14580,5021,2026-01-12,ECG Monitoring,Aspirin,25mg daily
14581,5022,2026-02-26,ECG Monitoring,Aspirin,50mg daily
14582,5022,2025-05-01,ECG Monitoring,Aspirin,100mg daily
14583,5023,2025-12-03,Blood Pressure Monitoring,Metoprolol,50mg daily
14584,5023,2026-01-17,Blood Pressure Monitoring,Metoprolol,100mg daily
14585,5023,2026-03-06,Blood Pressure Monitoring,Metoprolol,100mg daily
14586,5023,2025-11-30,Blood Pressure Monitoring,Metoprolol,10mg daily
14587,5024,2025-04-10,ECG Monitoring,Aspirin,10mg daily
14588,5025,2025-06-18,Blood Pressure Monitoring,Metoprolol,25mg daily
14589,5026,2025-05-20,Blood Pressure Monitoring,Metoprolol,50mg daily
14590,5026,2025-03-21,Blood Pressure Monitoring,Metoprolol,50mg daily
14591,5026,2025-12-23,Blood Pressure Monitoring,Metoprolol,100mg daily
14592,5027,2025-12-31,Blood Pressure Monitoring,Metoprolol,100mg daily
14593,5027,2025-03-13,Blood Pressure Monitoring,Metoprolol,100mg daily
14594,5027,2025-06-15,Blood Pressure Monitoring,Metoprolol,25mg daily
14595,5028,2025-03-24,Oxygen Therapy,Amoxicillin,25mg daily
14596,5028,2025-09-24,Oxygen Therapy,Amoxicillin,100mg daily
14597,5029,2025-04-13,Nebulization,Salbutamol,10mg daily
14598,5030,2025-04-08,Blood Pressure Monitoring,Metoprolol,100mg daily
14599,5030,2026-01-22,Blood Pressure Monitoring,Metoprolol,100mg daily
14600,5031,2025-05-28,Blood Pressure Monitoring,Metoprolol,25mg daily
14601,5032,2025-03-12,Blood Pressure Monitoring,Metoprolol,50mg daily
14602,5033,2025-05-19,ECG Monitoring,Aspirin,10mg daily
14603,5033,2025-03-15,ECG Monitoring,Aspirin,25mg daily
14604,5034,2026-01-17,Oxygen Therapy,Amoxicillin,25mg daily
14605,5035,2025-03-22,ECG Monitoring,Aspirin,10mg daily
14606,5035,2025-12-10,ECG Monitoring,Aspirin,50mg daily
14607,5035,2026-02-22,ECG Monitoring,Aspirin,100mg daily
14608,5036,2026-02-17,IV Fluid Therapy,Atorvastatin,25mg daily
14609,5037,2025-03-17,ECG Monitoring,Aspirin,10mg daily
14610,5037,2025-07-01,ECG Monitoring,Aspirin,100mg daily
14611,5038,2025-05-19,ECG Monitoring,Aspirin,100mg daily
14612,5038,2025-07-23,ECG Monitoring,Aspirin,50mg daily
14613,5039,2025-10-07,ECG Monitoring,Aspirin,25mg daily
14614,5039,2025-07-25,ECG Monitoring,Aspirin,100mg daily
14615,5039,2025-06-26,ECG Monitoring,Aspirin,10mg daily
14616,5039,2025-07-22,ECG Monitoring,Aspirin,100mg daily
14617,5040,2025-08-08,Blood Pressure Monitoring,Metoprolol,100mg daily
14618,5040,2025-07-30,Blood Pressure Monitoring,Metoprolol,100mg daily
14619,5041,2025-07-16,ECG Monitoring,Aspirin,25mg daily
14620,5041,2025-06-26,ECG Monitoring,Aspirin,25mg daily
14621,5042,2025-05-07,ECG Monitoring,Aspirin,25mg daily
14622,5043,2025-04-14,IV Fluid Therapy,Atorvastatin,10mg daily
14623,5043,2025-12-12,IV Fluid Therapy,Atorvastatin,25mg daily
14624,5043,2025-10-06,IV Fluid Therapy,Atorvastatin,100mg daily
14625,5043,2025-12-24,IV Fluid Therapy,Atorvastatin,100mg daily
14626,5044,2025-10-16,Blood Pressure Monitoring,Metoprolol,25mg daily
14627,5044,2026-02-05,Blood Pressure Monitoring,Metoprolol,10mg daily
14628,5044,2025-08-09,Blood Pressure Monitoring,Metoprolol,50mg daily
14629,5045,2025-03-25,Blood Pressure Monitoring,Metoprolol,25mg daily
14630,5045,2025-04-19,Blood Pressure Monitoring,Metoprolol,25mg daily
14631,5046,2025-06-23,Oxygen Therapy,Amoxicillin,10mg daily
14632,5046,2025-12-14,Oxygen Therapy,Amoxicillin,25mg daily
14633,5046,2025-12-07,Oxygen Therapy,Amoxicillin,50mg daily
14634,5046,2026-03-08,Oxygen Therapy,Amoxicillin,10mg daily
14635,5047,2025-06-27,Oxygen Therapy,Amoxicillin,25mg daily
14636,5047,2026-01-01,Oxygen Therapy,Amoxicillin,10mg daily
14637,5048,2025-04-04,ECG Monitoring,Aspirin,10mg daily
14638,5048,2025-09-01,ECG Monitoring,Aspirin,100mg daily
14639,5049,2025-04-05,ECG Monitoring,Aspirin,50mg daily
14640,5049,2025-07-16,ECG Monitoring,Aspirin,50mg daily
14641,5050,2025-11-21,Blood Pressure Monitoring,Metoprolol,50mg daily
14642,5050,2025-03-24,Blood Pressure Monitoring,Metoprolol,50mg daily
14643,5050,2026-01-22,Blood Pressure Monitoring,Metoprolol,10mg daily
14644,5050,2025-10-01,Blood Pressure Monitoring,Metoprolol,25mg daily
14645,5051,2025-12-01,Nebulization,Salbutamol,25mg daily
14646,5052,2026-03-01,Nebulization,Salbutamol,100mg daily
14647,5053,2025-07-24,Oxygen Therapy,Amoxicillin,10mg daily
14648,5053,2025-11-18,Oxygen Therapy,Amoxicillin,25mg daily
14649,5053,2025-06-12,Oxygen Therapy,Amoxicillin,10mg daily
14650,5053,2025-07-14,Oxygen Therapy,Amoxicillin,50mg daily
14651,5054,2025-11-06,Oxygen Therapy,Amoxicillin,10mg daily
14652,5055,2025-11-29,Oxygen Therapy,Amoxicillin,100mg daily
14653,5055,2026-01-24,Oxygen Therapy,Amoxicillin,100mg daily
14654,5055,2025-08-06,Oxygen Therapy,Amoxicillin,25mg daily
14655,5055,2025-07-05,Oxygen Therapy,Amoxicillin,100mg daily
14656,5056,2026-02-19,Blood Pressure Monitoring,Metoprolol,50mg daily
14657,5056,2026-01-02,Blood Pressure Monitoring,Metoprolol,10mg daily
14658,5057,2025-08-11,ECG Monitoring,Aspirin,50mg daily
14659,5057,2025-10-24,ECG Monitoring,Aspirin,50mg daily
14660,5057,2025-06-15,ECG Monitoring,Aspirin,50mg daily
14661,5057,2026-01-29,ECG Monitoring,Aspirin,100mg daily
14662,5058,2025-12-28,ECG Monitoring,Aspirin,50mg daily
14663,5058,2025-09-14,ECG Monitoring,Aspirin,50mg daily
14664,5059,2025-03-27,Oxygen Therapy,Amoxicillin,50mg daily
14665,5059,2025-04-21,Oxygen Therapy,Amoxicillin,25mg daily
14666,5059,2026-02-27,Oxygen Therapy,Amoxicillin,10mg daily
14667,5060,2025-11-20,Oxygen Therapy,Amoxicillin,100mg daily
14668,5060,2025-08-05,Oxygen Therapy,Amoxicillin,10mg daily
14669,5060,2025-11-10,Oxygen Therapy,Amoxicillin,10mg daily
14670,5061,2025-11-16,Blood Pressure Monitoring,Metoprolol,100mg daily
14671,5061,2025-09-15,Blood Pressure Monitoring,Metoprolol,100mg daily
14672,5062,2025-09-21,Blood Pressure Monitoring,Metoprolol,100mg daily
14673,5063,2025-08-12,Blood Pressure Monitoring,Metoprolol,50mg daily
14674,5064,2025-05-18,Blood Pressure Monitoring,Metoprolol,50mg daily
14675,5065,2026-02-15,ECG Monitoring,Aspirin,50mg daily
14676,5066,2026-02-07,Blood Pressure Monitoring,Metoprolol,10mg daily
14677,5066,2025-09-19,Blood Pressure Monitoring,Metoprolol,100mg daily
14678,5067,2025-03-30,Oxygen Therapy,Amoxicillin,10mg daily
14679,5067,2026-03-10,Oxygen Therapy,Amoxicillin,10mg daily
14680,5067,2025-12-10,Oxygen Therapy,Amoxicillin,50mg daily
14681,5067,2026-03-03,Oxygen Therapy,Amoxicillin,50mg daily
14682,5068,2025-07-07,ECG Monitoring,Aspirin,25mg daily
14683,5068,2025-12-15,ECG Monitoring,Aspirin,50mg daily
14684,5069,2025-09-14,ECG Monitoring,Aspirin,10mg daily
14685,5069,2025-12-24,ECG Monitoring,Aspirin,10mg daily
14686,5070,2025-08-15,ECG Monitoring,Aspirin,10mg daily
14687,5070,2025-06-11,ECG Monitoring,Aspirin,50mg daily
14688,5070,2025-12-21,ECG Monitoring,Aspirin,100mg daily
14689,5071,2025-09-29,ECG Monitoring,Aspirin,10mg daily
14690,5071,2025-08-06,ECG Monitoring,Aspirin,25mg daily
14691,5072,2025-08-09,ECG Monitoring,Aspirin,25mg daily
14692,5072,2025-05-19,ECG Monitoring,Aspirin,10mg daily
14693,5072,2025-09-04,ECG Monitoring,Aspirin,100mg daily
14694,5073,2026-01-03,IV Fluid Therapy,Atorvastatin,10mg daily
14695,5074,2026-01-15,Blood Pressure Monitoring,Metoprolol,25mg daily
14696,5074,2026-02-04,Blood Pressure Monitoring,Metoprolol,50mg daily
14697,5074,2025-09-16,Blood Pressure Monitoring,Metoprolol,25mg daily
14698,5074,2025-12-18,Blood Pressure Monitoring,Metoprolol,50mg daily
14699,5075,2025-06-15,Blood Pressure Monitoring,Metoprolol,10mg daily
14700,5075,2025-03-12,Blood Pressure Monitoring,Metoprolol,25mg daily
14701,5075,2025-08-07,Blood Pressure Monitoring,Metoprolol,100mg daily
14702,5076,2025-04-27,Blood Pressure Monitoring,Metoprolol,100mg daily
14703,5077,2025-06-09,Blood Pressure Monitoring,Metoprolol,50mg daily
14704,5078,2026-01-12,Oxygen Therapy,Amoxicillin,25mg daily
14705,5079,2025-09-22,Oxygen Therapy,Amoxicillin,25mg daily
14706,5079,2025-11-11,Oxygen Therapy,Amoxicillin,10mg daily
14707,5079,2025-10-20,Oxygen Therapy,Amoxicillin,25mg daily
14708,5079,2025-11-12,Oxygen Therapy,Amoxicillin,10mg daily
14709,5080,2025-12-31,Oxygen Therapy,Amoxicillin,50mg daily
14710,5080,2026-02-21,Oxygen Therapy,Amoxicillin,25mg daily
14711,5080,2025-10-17,Oxygen Therapy,Amoxicillin,25mg daily
14712,5080,2025-08-05,Oxygen Therapy,Amoxicillin,25mg daily
14713,5081,2025-04-29,Blood Pressure Monitoring,Metoprolol,10mg daily
14714,5081,2025-06-17,Blood Pressure Monitoring,Metoprolol,100mg daily
14715,5081,2025-08-11,Blood Pressure Monitoring,Metoprolol,100mg daily
14716,5082,2025-07-08,Nebulization,Salbutamol,10mg daily
14717,5082,2025-12-29,Nebulization,Salbutamol,50mg daily
14718,5083,2025-11-01,Oxygen Therapy,Amoxicillin,10mg daily
14719,5083,2025-09-04,Oxygen Therapy,Amoxicillin,50mg daily
14720,5083,2026-01-26,Oxygen Therapy,Amoxicillin,100mg daily
14721,5084,2025-03-29,Oxygen Therapy,Amoxicillin,25mg daily
14722,5084,2025-12-07,Oxygen Therapy,Amoxicillin,50mg daily
14723,5084,2026-02-21,Oxygen Therapy,Amoxicillin,25mg daily
14724,5084,2025-04-16,Oxygen Therapy,Amoxicillin,50mg daily
14725,5085,2025-08-10,Oxygen Therapy,Amoxicillin,25mg daily
14726,5085,2025-08-19,Oxygen Therapy,Amoxicillin,25mg daily
14727,5085,2025-10-07,Oxygen Therapy,Amoxicillin,100mg daily
14728,5085,2026-02-05,Oxygen Therapy,Amoxicillin,100mg daily
14729,5086,2025-04-12,IV Fluid Therapy,Atorvastatin,10mg daily
14730,5087,2025-07-08,IV Fluid Therapy,Atorvastatin,100mg daily
14731,5087,2025-12-03,IV Fluid Therapy,Atorvastatin,50mg daily
14732,5087,2026-02-07,IV Fluid Therapy,Atorvastatin,100mg daily
14733,5088,2025-10-24,IV Fluid Therapy,Atorvastatin,50mg daily
14734,5088,2026-02-21,IV Fluid Therapy,Atorvastatin,50mg daily
14735,5088,2025-10-01,IV Fluid Therapy,Atorvastatin,100mg daily
14736,5088,2025-05-25,IV Fluid Therapy,Atorvastatin,50mg daily
14737,5089,2025-05-04,ECG Monitoring,Aspirin,50mg daily
14738,5089,2026-01-22,ECG Monitoring,Aspirin,100mg daily
14739,5090,2025-07-15,IV Fluid Therapy,Atorvastatin,10mg daily
14740,5090,2026-02-12,IV Fluid Therapy,Atorvastatin,100mg daily
14741,5090,2025-12-24,IV Fluid Therapy,Atorvastatin,100mg daily
14742,5091,2025-04-15,ECG Monitoring,Aspirin,50mg daily
14743,5092,2025-09-27,ECG Monitoring,Aspirin,100mg daily
14744,5092,2025-10-07,ECG Monitoring,Aspirin,25mg daily
14745,5093,2025-10-20,ECG Monitoring,Aspirin,10mg daily
14746,5093,2025-04-09,ECG Monitoring,Aspirin,100mg daily
14747,5093,2025-12-09,ECG Monitoring,Aspirin,25mg daily
14748,5094,2026-02-08,ECG Monitoring,Aspirin,100mg daily
14749,5094,2025-07-07,ECG Monitoring,Aspirin,25mg daily
14750,5094,2025-09-15,ECG Monitoring,Aspirin,100mg daily
14751,5094,2025-11-30,ECG Monitoring,Aspirin,50mg daily
14752,5095,2025-06-06,ECG Monitoring,Aspirin,50mg daily
14753,5096,2025-09-08,Blood Pressure Monitoring,Metoprolol,10mg daily
14754,5096,2025-04-03,Blood Pressure Monitoring,Metoprolol,10mg daily
14755,5097,2025-06-02,Blood Pressure Monitoring,Metoprolol,100mg daily
14756,5098,2025-05-19,Blood Pressure Monitoring,Metoprolol,100mg daily
14757,5098,2026-02-14,Blood Pressure Monitoring,Metoprolol,10mg daily
14758,5098,2025-04-08,Blood Pressure Monitoring,Metoprolol,100mg daily
14759,5098,2026-02-24,Blood Pressure Monitoring,Metoprolol,25mg daily
14760,5099,2025-12-13,Oxygen Therapy,Amoxicillin,10mg daily
14761,5099,2025-05-25,Oxygen Therapy,Amoxicillin,25mg daily
14762,5099,2025-12-30,Oxygen Therapy,Amoxicillin,50mg daily
14763,5099,2025-05-03,Oxygen Therapy,Amoxicillin,25mg daily
14764,5100,2025-05-04,Oxygen Therapy,Amoxicillin,100mg daily
14765,5100,2025-10-29,Oxygen Therapy,Amoxicillin,100mg daily
14766,5100,2025-11-25,Oxygen Therapy,Amoxicillin,25mg daily
14767,5100,2026-02-07,Oxygen Therapy,Amoxicillin,25mg daily
14768,5101,2026-03-09,Nebulization,Salbutamol,100mg daily
14769,5101,2025-10-07,Nebulization,Salbutamol,10mg daily
14770,5102,2025-07-15,Nebulization,Salbutamol,50mg daily
14771,5103,2026-02-18,Blood Pressure Monitoring,Metoprolol,100mg daily
14772,5103,2025-09-24,Blood Pressure Monitoring,Metoprolol,25mg daily
14773,5103,2026-01-27,Blood Pressure Monitoring,Metoprolol,50mg daily
14774,5104,2025-11-06,Oxygen Therapy,Amoxicillin,50mg daily
14775,5104,2025-09-01,Oxygen Therapy,Amoxicillin,25mg daily
14776,5104,2025-09-16,Oxygen Therapy,Amoxicillin,25mg daily
14777,5105,2026-03-09,Oxygen Therapy,Amoxicillin,25mg daily
14778,5105,2025-11-02,Oxygen Therapy,Amoxicillin,100mg daily
14779,5106,2025-12-13,Oxygen Therapy,Amoxicillin,50mg daily
14780,5106,2026-01-18,Oxygen Therapy,Amoxicillin,25mg daily
14781,5106,2025-06-22,Oxygen Therapy,Amoxicillin,10mg daily
14782,5107,2025-12-06,Oxygen Therapy,Amoxicillin,10mg daily
14783,5107,2025-09-05,Oxygen Therapy,Amoxicillin,25mg daily
14784,5108,2025-09-05,ECG Monitoring,Aspirin,25mg daily
14785,5108,2025-07-31,ECG Monitoring,Aspirin,10mg daily
14786,5108,2025-07-16,ECG Monitoring,Aspirin,10mg daily
14787,5109,2025-10-25,Nebulization,Salbutamol,100mg daily
14788,5109,2025-09-10,Nebulization,Salbutamol,10mg daily
14789,5110,2025-07-05,Nebulization,Salbutamol,50mg daily
14790,5110,2025-04-06,Nebulization,Salbutamol,50mg daily
14791,5110,2025-09-28,Nebulization,Salbutamol,25mg daily
14792,5110,2026-03-05,Nebulization,Salbutamol,10mg daily
14793,5111,2025-07-01,Oxygen Therapy,Amoxicillin,50mg daily
14794,5111,2025-10-21,Oxygen Therapy,Amoxicillin,100mg daily
14795,5112,2026-03-09,Oxygen Therapy,Amoxicillin,10mg daily
14796,5112,2025-10-28,Oxygen Therapy,Amoxicillin,10mg daily
14797,5112,2025-06-11,Oxygen Therapy,Amoxicillin,50mg daily
14798,5113,2025-07-10,IV Fluid Therapy,Atorvastatin,100mg daily
14799,5114,2025-06-21,IV Fluid Therapy,Atorvastatin,25mg daily
14800,5115,2025-04-07,Oxygen Therapy,Amoxicillin,10mg daily
14801,5115,2025-10-09,Oxygen Therapy,Amoxicillin,50mg daily
14802,5115,2026-01-14,Oxygen Therapy,Amoxicillin,100mg daily
14803,5115,2026-01-03,Oxygen Therapy,Amoxicillin,50mg daily
14804,5116,2025-03-22,Oxygen Therapy,Amoxicillin,10mg daily
14805,5116,2025-06-04,Oxygen Therapy,Amoxicillin,25mg daily
14806,5116,2025-09-09,Oxygen Therapy,Amoxicillin,100mg daily
14807,5116,2025-07-19,Oxygen Therapy,Amoxicillin,10mg daily
14808,5117,2025-04-03,Oxygen Therapy,Amoxicillin,50mg daily
14809,5117,2025-09-12,Oxygen Therapy,Amoxicillin,10mg daily
14810,5117,2025-04-03,Oxygen Therapy,Amoxicillin,50mg daily
14811,5117,2025-08-19,Oxygen Therapy,Amoxicillin,50mg daily
14812,5118,2026-01-04,Oxygen Therapy,Amoxicillin,10mg daily
14813,5118,2025-04-03,Oxygen Therapy,Amoxicillin,10mg daily
14814,5119,2025-12-04,Oxygen Therapy,Amoxicillin,10mg daily
14815,5119,2025-11-15,Oxygen Therapy,Amoxicillin,10mg daily
14816,5119,2025-04-09,Oxygen Therapy,Amoxicillin,25mg daily
14817,5120,2025-04-17,ECG Monitoring,Aspirin,25mg daily
14818,5120,2025-09-26,ECG Monitoring,Aspirin,25mg daily
14819,5120,2025-07-21,ECG Monitoring,Aspirin,10mg daily
14820,5121,2025-03-16,IV Fluid Therapy,Atorvastatin,50mg daily
14821,5121,2025-11-27,IV Fluid Therapy,Atorvastatin,50mg daily
14822,5122,2025-12-17,ECG Monitoring,Aspirin,25mg daily
14823,5122,2025-06-06,ECG Monitoring,Aspirin,50mg daily
14824,5123,2026-02-07,ECG Monitoring,Aspirin,100mg daily
14825,5123,2025-09-16,ECG Monitoring,Aspirin,100mg daily
14826,5123,2025-11-13,ECG Monitoring,Aspirin,10mg daily
14827,5123,2025-11-24,ECG Monitoring,Aspirin,50mg daily
14828,5124,2026-02-15,Oxygen Therapy,Amoxicillin,10mg daily
14829,5124,2025-05-16,Oxygen Therapy,Amoxicillin,25mg daily
14830,5125,2026-03-01,Nebulization,Salbutamol,10mg daily
14831,5125,2026-01-02,Nebulization,Salbutamol,10mg daily
14832,5126,2025-07-04,Blood Pressure Monitoring,Metoprolol,50mg daily
14833,5126,2025-11-30,Blood Pressure Monitoring,Metoprolol,25mg daily
14834,5126,2025-05-10,Blood Pressure Monitoring,Metoprolol,50mg daily
14835,5127,2026-02-11,Blood Pressure Monitoring,Metoprolol,10mg daily
14836,5127,2025-05-18,Blood Pressure Monitoring,Metoprolol,25mg daily
14837,5127,2025-04-14,Blood Pressure Monitoring,Metoprolol,25mg daily
14838,5128,2026-02-23,Oxygen Therapy,Amoxicillin,50mg daily
14839,5128,2025-04-15,Oxygen Therapy,Amoxicillin,50mg daily
14840,5128,2025-04-27,Oxygen Therapy,Amoxicillin,10mg daily
14841,5129,2025-05-18,Oxygen Therapy,Amoxicillin,100mg daily
14842,5130,2025-09-15,Blood Pressure Monitoring,Metoprolol,50mg daily
14843,5130,2025-09-08,Blood Pressure Monitoring,Metoprolol,10mg daily
14844,5130,2025-09-02,Blood Pressure Monitoring,Metoprolol,25mg daily
14845,5131,2026-01-25,Oxygen Therapy,Amoxicillin,25mg daily
14846,5131,2025-10-21,Oxygen Therapy,Amoxicillin,100mg daily
14847,5131,2025-03-13,Oxygen Therapy,Amoxicillin,100mg daily
14848,5132,2025-05-24,Oxygen Therapy,Amoxicillin,100mg daily
14849,5133,2025-03-12,Oxygen Therapy,Amoxicillin,50mg daily
14850,5133,2025-10-25,Oxygen Therapy,Amoxicillin,25mg daily
14851,5134,2025-04-23,IV Fluid Therapy,Atorvastatin,10mg daily
14852,5134,2025-07-15,IV Fluid Therapy,Atorvastatin,10mg daily
14853,5135,2025-12-12,IV Fluid Therapy,Atorvastatin,50mg daily
14854,5136,2025-05-14,Blood Pressure Monitoring,Metoprolol,25mg daily
14855,5136,2025-05-28,Blood Pressure Monitoring,Metoprolol,50mg daily
14856,5137,2025-08-31,Blood Pressure Monitoring,Metoprolol,10mg daily
14857,5137,2025-09-19,Blood Pressure Monitoring,Metoprolol,10mg daily
14858,5137,2025-10-28,Blood Pressure Monitoring,Metoprolol,50mg daily
14859,5138,2026-02-04,Blood Pressure Monitoring,Metoprolol,50mg daily
14860,5138,2025-05-17,Blood Pressure Monitoring,Metoprolol,25mg daily
14861,5138,2025-03-11,Blood Pressure Monitoring,Metoprolol,50mg daily
14862,5138,2026-02-22,Blood Pressure Monitoring,Metoprolol,25mg daily
14863,5139,2026-02-07,Nebulization,Salbutamol,25mg daily
14864,5140,2025-11-17,Blood Pressure Monitoring,Metoprolol,10mg daily
14865,5141,2025-09-02,Oxygen Therapy,Amoxicillin,25mg daily
14866,5141,2025-12-22,Oxygen Therapy,Amoxicillin,10mg daily
14867,5142,2026-02-27,Oxygen Therapy,Amoxicillin,10mg daily
14868,5142,2026-01-15,Oxygen Therapy,Amoxicillin,50mg daily
14869,5143,2026-02-04,Oxygen Therapy,Amoxicillin,100mg daily
14870,5144,2025-05-16,ECG Monitoring,Aspirin,10mg daily
14871,5145,2025-04-14,Blood Pressure Monitoring,Metoprolol,10mg daily
14872,5146,2025-10-26,Oxygen Therapy,Amoxicillin,25mg daily
14873,5146,2025-03-27,Oxygen Therapy,Amoxicillin,50mg daily
14874,5147,2026-01-06,ECG Monitoring,Aspirin,10mg daily
14875,5147,2025-05-02,ECG Monitoring,Aspirin,25mg daily
14876,5147,2025-12-24,ECG Monitoring,Aspirin,50mg daily
14877,5148,2025-05-05,ECG Monitoring,Aspirin,100mg daily
14878,5148,2026-02-05,ECG Monitoring,Aspirin,10mg daily
14879,5148,2025-05-31,ECG Monitoring,Aspirin,100mg daily
14880,5148,2026-01-16,ECG Monitoring,Aspirin,10mg daily
14881,5149,2025-07-16,ECG Monitoring,Aspirin,25mg daily
14882,5149,2025-10-14,ECG Monitoring,Aspirin,10mg daily
14883,5150,2025-12-22,Oxygen Therapy,Amoxicillin,25mg daily
14884,5150,2026-02-01,Oxygen Therapy,Amoxicillin,50mg daily
14885,5150,2025-11-18,Oxygen Therapy,Amoxicillin,25mg daily
14886,5150,2026-02-27,Oxygen Therapy,Amoxicillin,25mg daily
14887,5151,2025-03-15,Oxygen Therapy,Amoxicillin,50mg daily
14888,5151,2026-02-25,Oxygen Therapy,Amoxicillin,25mg daily
14889,5151,2025-03-28,Oxygen Therapy,Amoxicillin,10mg daily
14890,5151,2026-01-05,Oxygen Therapy,Amoxicillin,25mg daily
14891,5152,2025-05-02,Oxygen Therapy,Amoxicillin,100mg daily
14892,5153,2025-05-21,Oxygen Therapy,Amoxicillin,10mg daily
14893,5154,2025-11-18,Oxygen Therapy,Amoxicillin,10mg daily
14894,5154,2026-01-05,Oxygen Therapy,Amoxicillin,100mg daily
14895,5155,2025-05-11,Blood Pressure Monitoring,Metoprolol,10mg daily
14896,5156,2025-12-26,Blood Pressure Monitoring,Metoprolol,25mg daily
14897,5156,2025-04-16,Blood Pressure Monitoring,Metoprolol,100mg daily
14898,5156,2026-02-17,Blood Pressure Monitoring,Metoprolol,25mg daily
14899,5157,2025-12-02,ECG Monitoring,Aspirin,50mg daily
14900,5157,2025-11-05,ECG Monitoring,Aspirin,100mg daily
14901,5158,2025-09-24,ECG Monitoring,Aspirin,10mg daily
14902,5158,2025-10-29,ECG Monitoring,Aspirin,100mg daily
14903,5158,2025-11-22,ECG Monitoring,Aspirin,25mg daily
14904,5158,2026-03-04,ECG Monitoring,Aspirin,100mg daily
14905,5159,2025-04-25,ECG Monitoring,Aspirin,100mg daily
14906,5159,2025-11-15,ECG Monitoring,Aspirin,10mg daily
14907,5159,2025-12-19,ECG Monitoring,Aspirin,100mg daily
14908,5160,2025-04-11,Oxygen Therapy,Amoxicillin,50mg daily
14909,5160,2026-01-07,Oxygen Therapy,Amoxicillin,10mg daily
14910,5161,2025-06-08,Oxygen Therapy,Amoxicillin,100mg daily
14911,5161,2025-12-03,Oxygen Therapy,Amoxicillin,10mg daily
14912,5162,2025-09-13,Oxygen Therapy,Amoxicillin,25mg daily
14913,5162,2025-09-12,Oxygen Therapy,Amoxicillin,100mg daily
14914,5162,2025-03-23,Oxygen Therapy,Amoxicillin,25mg daily
14915,5162,2025-06-28,Oxygen Therapy,Amoxicillin,50mg daily
14916,5163,2025-04-24,Oxygen Therapy,Amoxicillin,10mg daily
14917,5163,2025-09-29,Oxygen Therapy,Amoxicillin,50mg daily
14918,5163,2026-01-09,Oxygen Therapy,Amoxicillin,50mg daily
14919,5163,2025-09-17,Oxygen Therapy,Amoxicillin,10mg daily
14920,5164,2025-04-16,Blood Pressure Monitoring,Metoprolol,50mg daily
14921,5165,2025-07-16,Blood Pressure Monitoring,Metoprolol,10mg daily
14922,5165,2025-10-06,Blood Pressure Monitoring,Metoprolol,25mg daily
14923,5165,2025-10-24,Blood Pressure Monitoring,Metoprolol,10mg daily
14924,5166,2026-02-21,Blood Pressure Monitoring,Metoprolol,100mg daily
14925,5166,2025-12-19,Blood Pressure Monitoring,Metoprolol,10mg daily
14926,5167,2025-11-16,Blood Pressure Monitoring,Metoprolol,50mg daily
14927,5167,2025-11-29,Blood Pressure Monitoring,Metoprolol,50mg daily
14928,5168,2025-12-19,Blood Pressure Monitoring,Metoprolol,25mg daily
14929,5169,2026-02-18,Oxygen Therapy,Amoxicillin,10mg daily
14930,5170,2025-12-10,Oxygen Therapy,Amoxicillin,50mg daily
14931,5171,2025-10-14,ECG Monitoring,Aspirin,25mg daily
14932,5171,2025-05-11,ECG Monitoring,Aspirin,100mg daily
14933,5171,2025-07-26,ECG Monitoring,Aspirin,10mg daily
14934,5171,2025-10-14,ECG Monitoring,Aspirin,50mg daily
14935,5172,2026-01-30,IV Fluid Therapy,Atorvastatin,25mg daily
14936,5172,2025-07-10,IV Fluid Therapy,Atorvastatin,100mg daily
14937,5172,2025-04-18,IV Fluid Therapy,Atorvastatin,50mg daily
14938,5173,2025-06-06,ECG Monitoring,Aspirin,100mg daily
14939,5173,2026-02-12,ECG Monitoring,Aspirin,25mg daily
14940,5173,2025-06-01,ECG Monitoring,Aspirin,50mg daily
14941,5173,2025-12-29,ECG Monitoring,Aspirin,10mg daily
14942,5174,2026-02-13,ECG Monitoring,Aspirin,25mg daily
14943,5174,2025-06-16,ECG Monitoring,Aspirin,25mg daily
14944,5174,2025-05-31,ECG Monitoring,Aspirin,25mg daily
14945,5175,2025-12-14,ECG Monitoring,Aspirin,25mg daily
14946,5175,2025-07-25,ECG Monitoring,Aspirin,10mg daily
14947,5175,2025-04-08,ECG Monitoring,Aspirin,100mg daily
14948,5176,2025-05-26,ECG Monitoring,Aspirin,10mg daily
14949,5177,2025-07-26,ECG Monitoring,Aspirin,25mg daily
14950,5177,2025-03-30,ECG Monitoring,Aspirin,50mg daily
14951,5178,2025-10-14,Blood Pressure Monitoring,Metoprolol,100mg daily
14952,5178,2025-12-04,Blood Pressure Monitoring,Metoprolol,100mg daily
14953,5178,2026-01-16,Blood Pressure Monitoring,Metoprolol,10mg daily
14954,5179,2025-12-23,Blood Pressure Monitoring,Metoprolol,100mg daily
14955,5180,2026-01-24,Blood Pressure Monitoring,Metoprolol,10mg daily
14956,5180,2025-05-12,Blood Pressure Monitoring,Metoprolol,10mg daily
14957,5181,2025-12-24,ECG Monitoring,Aspirin,10mg daily
14958,5181,2026-01-19,ECG Monitoring,Aspirin,100mg daily
14959,5181,2025-07-09,ECG Monitoring,Aspirin,50mg daily
14960,5182,2025-11-21,ECG Monitoring,Aspirin,50mg daily
14961,5182,2025-07-10,ECG Monitoring,Aspirin,50mg daily
14962,5182,2025-10-01,ECG Monitoring,Aspirin,100mg daily
14963,5183,2025-08-18,ECG Monitoring,Aspirin,25mg daily
14964,5183,2025-09-17,ECG Monitoring,Aspirin,100mg daily
14965,5183,2025-03-31,ECG Monitoring,Aspirin,50mg daily
14966,5183,2026-01-12,ECG Monitoring,Aspirin,50mg daily
14967,5184,2025-05-31,Blood Pressure Monitoring,Metoprolol,100mg daily
14968,5184,2025-08-21,Blood Pressure Monitoring,Metoprolol,10mg daily
14969,5185,2025-10-31,Blood Pressure Monitoring,Metoprolol,10mg daily
14970,5186,2025-11-23,Blood Pressure Monitoring,Metoprolol,10mg daily
14971,5186,2025-12-29,Blood Pressure Monitoring,Metoprolol,25mg daily
14972,5187,2025-08-26,ECG Monitoring,Aspirin,10mg daily
14973,5187,2025-09-27,ECG Monitoring,Aspirin,100mg daily
14974,5188,2025-05-27,Blood Pressure Monitoring,Metoprolol,50mg daily
14975,5188,2025-06-03,Blood Pressure Monitoring,Metoprolol,10mg daily
14976,5188,2025-05-18,Blood Pressure Monitoring,Metoprolol,25mg daily
14977,5189,2025-05-02,Nebulization,Salbutamol,25mg daily
14978,5189,2025-04-14,Nebulization,Salbutamol,25mg daily
14979,5190,2025-07-20,Nebulization,Salbutamol,25mg daily
14980,5190,2025-07-13,Nebulization,Salbutamol,50mg daily
14981,5190,2025-07-01,Nebulization,Salbutamol,25mg daily
14982,5191,2025-08-31,Oxygen Therapy,Amoxicillin,100mg daily
14983,5191,2025-09-24,Oxygen Therapy,Amoxicillin,10mg daily
14984,5192,2025-05-01,Oxygen Therapy,Amoxicillin,25mg daily
14985,5192,2025-03-25,Oxygen Therapy,Amoxicillin,50mg daily
14986,5192,2025-06-30,Oxygen Therapy,Amoxicillin,25mg daily
14987,5192,2025-05-12,Oxygen Therapy,Amoxicillin,50mg daily
14988,5193,2025-06-14,Oxygen Therapy,Amoxicillin,10mg daily
14989,5193,2025-03-23,Oxygen Therapy,Amoxicillin,10mg daily
14990,5193,2025-06-27,Oxygen Therapy,Amoxicillin,100mg daily
14991,5193,2025-07-04,Oxygen Therapy,Amoxicillin,10mg daily
14992,5194,2025-04-04,Oxygen Therapy,Amoxicillin,10mg daily
14993,5194,2025-06-13,Oxygen Therapy,Amoxicillin,25mg daily
14994,5194,2025-10-04,Oxygen Therapy,Amoxicillin,50mg daily
14995,5195,2025-10-18,IV Fluid Therapy,Atorvastatin,25mg daily
14996,5196,2025-08-28,Oxygen Therapy,Amoxicillin,100mg daily
14997,5196,2025-06-21,Oxygen Therapy,Amoxicillin,50mg daily
14998,5197,2025-06-19,Blood Pressure Monitoring,Metoprolol,50mg daily
14999,5197,2025-11-22,Blood Pressure Monitoring,Metoprolol,100mg daily
15000,5198,2025-08-25,ECG Monitoring,Aspirin,25mg daily
15001,5199,2025-10-21,Blood Pressure Monitoring,Metoprolol,25mg daily
15002,5199,2025-11-03,Blood Pressure Monitoring,Metoprolol,10mg daily
15003,5199,2026-02-24,Blood Pressure Monitoring,Metoprolol,100mg daily
15004,5200,2025-10-01,Blood Pressure Monitoring,Metoprolol,100mg daily
15005,5200,2025-11-17,Blood Pressure Monitoring,Metoprolol,50mg daily
15006,5200,2025-09-25,Blood Pressure Monitoring,Metoprolol,100mg daily
15007,5201,2025-10-25,Blood Pressure Monitoring,Metoprolol,25mg daily
15008,5201,2025-06-03,Blood Pressure Monitoring,Metoprolol,10mg daily
15009,5201,2025-05-16,Blood Pressure Monitoring,Metoprolol,10mg daily
15010,5202,2026-02-10,Blood Pressure Monitoring,Metoprolol,100mg daily
15011,5202,2025-11-16,Blood Pressure Monitoring,Metoprolol,25mg daily
15012,5202,2025-06-15,Blood Pressure Monitoring,Metoprolol,50mg daily
15013,5202,2025-04-25,Blood Pressure Monitoring,Metoprolol,50mg daily
15014,5203,2025-08-21,ECG Monitoring,Aspirin,10mg daily
15015,5203,2026-02-02,ECG Monitoring,Aspirin,25mg daily
15016,5203,2025-08-19,ECG Monitoring,Aspirin,50mg daily
15017,5203,2025-12-22,ECG Monitoring,Aspirin,25mg daily
15018,5204,2025-09-13,ECG Monitoring,Aspirin,100mg daily
15019,5204,2025-07-22,ECG Monitoring,Aspirin,100mg daily
15020,5205,2025-07-14,Nebulization,Salbutamol,25mg daily
15021,5206,2025-05-28,Oxygen Therapy,Amoxicillin,25mg daily
15022,5207,2025-10-04,Oxygen Therapy,Amoxicillin,25mg daily
15023,5207,2026-02-24,Oxygen Therapy,Amoxicillin,100mg daily
15024,5208,2025-10-26,ECG Monitoring,Aspirin,10mg daily
15025,5208,2025-04-18,ECG Monitoring,Aspirin,100mg daily
15026,5208,2025-04-10,ECG Monitoring,Aspirin,100mg daily
15027,5208,2026-02-23,ECG Monitoring,Aspirin,25mg daily
15028,5209,2025-06-03,ECG Monitoring,Aspirin,10mg daily
15029,5209,2026-01-30,ECG Monitoring,Aspirin,50mg daily
15030,5209,2025-10-04,ECG Monitoring,Aspirin,25mg daily
15031,5209,2025-08-24,ECG Monitoring,Aspirin,10mg daily
15032,5210,2025-05-28,ECG Monitoring,Aspirin,10mg daily
15033,5210,2026-03-11,ECG Monitoring,Aspirin,50mg daily
15034,5210,2026-01-09,ECG Monitoring,Aspirin,10mg daily
15035,5211,2026-01-03,ECG Monitoring,Aspirin,100mg daily
15036,5211,2025-11-10,ECG Monitoring,Aspirin,50mg daily
15037,5211,2025-09-09,ECG Monitoring,Aspirin,10mg daily
15038,5212,2025-10-22,Oxygen Therapy,Amoxicillin,25mg daily
15039,5213,2025-09-15,Blood Pressure Monitoring,Metoprolol,100mg daily
15040,5213,2025-10-17,Blood Pressure Monitoring,Metoprolol,100mg daily
15041,5213,2025-04-22,Blood Pressure Monitoring,Metoprolol,50mg daily
15042,5214,2026-02-08,Nebulization,Salbutamol,100mg daily
15043,5215,2025-06-01,Nebulization,Salbutamol,100mg daily
15044,5216,2025-09-08,Oxygen Therapy,Amoxicillin,10mg daily
15045,5216,2025-09-15,Oxygen Therapy,Amoxicillin,100mg daily
15046,5216,2025-10-26,Oxygen Therapy,Amoxicillin,100mg daily
15047,5217,2026-02-12,ECG Monitoring,Aspirin,100mg daily
15048,5217,2026-01-12,ECG Monitoring,Aspirin,25mg daily
15049,5217,2025-10-16,ECG Monitoring,Aspirin,100mg daily
15050,5218,2025-07-06,Oxygen Therapy,Amoxicillin,100mg daily
15051,5218,2025-10-19,Oxygen Therapy,Amoxicillin,10mg daily
15052,5218,2025-08-17,Oxygen Therapy,Amoxicillin,100mg daily
15053,5219,2025-03-24,Oxygen Therapy,Amoxicillin,10mg daily
15054,5219,2025-07-19,Oxygen Therapy,Amoxicillin,25mg daily
15055,5220,2026-02-12,Oxygen Therapy,Amoxicillin,25mg daily
15056,5220,2025-08-05,Oxygen Therapy,Amoxicillin,100mg daily
15057,5220,2025-12-21,Oxygen Therapy,Amoxicillin,100mg daily
15058,5220,2025-07-15,Oxygen Therapy,Amoxicillin,25mg daily
15059,5221,2026-01-23,Oxygen Therapy,Amoxicillin,100mg daily
15060,5221,2026-01-17,Oxygen Therapy,Amoxicillin,10mg daily
15061,5222,2025-09-26,Oxygen Therapy,Amoxicillin,50mg daily
15062,5222,2026-02-21,Oxygen Therapy,Amoxicillin,50mg daily
15063,5222,2025-08-02,Oxygen Therapy,Amoxicillin,100mg daily
15064,5222,2025-12-15,Oxygen Therapy,Amoxicillin,25mg daily
15065,5223,2025-09-10,Oxygen Therapy,Amoxicillin,10mg daily
15066,5223,2026-01-18,Oxygen Therapy,Amoxicillin,10mg daily
15067,5224,2026-01-26,Oxygen Therapy,Amoxicillin,25mg daily
15068,5224,2025-11-21,Oxygen Therapy,Amoxicillin,25mg daily
15069,5224,2025-11-22,Oxygen Therapy,Amoxicillin,10mg daily
15070,5224,2025-04-18,Oxygen Therapy,Amoxicillin,50mg daily
15071,5225,2025-03-13,Oxygen Therapy,Amoxicillin,100mg daily
15072,5225,2025-09-12,Oxygen Therapy,Amoxicillin,50mg daily
15073,5225,2026-01-31,Oxygen Therapy,Amoxicillin,100mg daily
15074,5225,2025-12-11,Oxygen Therapy,Amoxicillin,25mg daily
15075,5226,2025-09-03,Oxygen Therapy,Amoxicillin,10mg daily
15076,5227,2025-08-29,Oxygen Therapy,Amoxicillin,10mg daily
15077,5227,2025-04-04,Oxygen Therapy,Amoxicillin,25mg daily
15078,5227,2025-07-21,Oxygen Therapy,Amoxicillin,50mg daily
15079,5227,2025-12-11,Oxygen Therapy,Amoxicillin,50mg daily
15080,5228,2025-03-18,Oxygen Therapy,Amoxicillin,100mg daily
15081,5228,2025-05-18,Oxygen Therapy,Amoxicillin,100mg daily
15082,5229,2025-12-15,Oxygen Therapy,Amoxicillin,100mg daily
15083,5229,2025-03-31,Oxygen Therapy,Amoxicillin,25mg daily
15084,5229,2026-01-28,Oxygen Therapy,Amoxicillin,100mg daily
15085,5229,2025-04-12,Oxygen Therapy,Amoxicillin,10mg daily
15086,5230,2025-12-24,Nebulization,Salbutamol,100mg daily
15087,5230,2025-06-04,Nebulization,Salbutamol,100mg daily
15088,5231,2025-11-10,Nebulization,Salbutamol,100mg daily
15089,5231,2026-01-25,Nebulization,Salbutamol,10mg daily
15090,5231,2025-07-15,Nebulization,Salbutamol,10mg daily
15091,5232,2025-07-13,ECG Monitoring,Aspirin,50mg daily
15092,5232,2025-08-21,ECG Monitoring,Aspirin,10mg daily
15093,5232,2025-11-05,ECG Monitoring,Aspirin,10mg daily
15094,5232,2026-02-17,ECG Monitoring,Aspirin,10mg daily
15095,5233,2025-05-17,ECG Monitoring,Aspirin,50mg daily
15096,5234,2025-05-12,Oxygen Therapy,Amoxicillin,50mg daily
15097,5234,2025-10-05,Oxygen Therapy,Amoxicillin,50mg daily
15098,5234,2025-07-27,Oxygen Therapy,Amoxicillin,100mg daily
15099,5235,2025-05-25,Oxygen Therapy,Amoxicillin,25mg daily
15100,5235,2025-09-01,Oxygen Therapy,Amoxicillin,10mg daily
15101,5236,2025-05-23,Oxygen Therapy,Amoxicillin,10mg daily
15102,5236,2025-04-18,Oxygen Therapy,Amoxicillin,50mg daily
15103,5237,2025-06-19,IV Fluid Therapy,Atorvastatin,10mg daily
15104,5238,2025-10-13,Oxygen Therapy,Amoxicillin,10mg daily
15105,5238,2025-10-17,Oxygen Therapy,Amoxicillin,25mg daily
15106,5238,2025-07-07,Oxygen Therapy,Amoxicillin,50mg daily
15107,5238,2025-07-11,Oxygen Therapy,Amoxicillin,10mg daily
15108,5239,2025-12-13,Oxygen Therapy,Amoxicillin,25mg daily
15109,5239,2026-03-01,Oxygen Therapy,Amoxicillin,100mg daily
15110,5240,2025-05-28,Oxygen Therapy,Amoxicillin,10mg daily
15111,5240,2025-11-26,Oxygen Therapy,Amoxicillin,50mg daily
15112,5240,2025-06-25,Oxygen Therapy,Amoxicillin,10mg daily
15113,5240,2026-02-13,Oxygen Therapy,Amoxicillin,10mg daily
15114,5241,2025-09-21,Oxygen Therapy,Amoxicillin,50mg daily
15115,5242,2025-10-12,Oxygen Therapy,Amoxicillin,10mg daily
15116,5243,2025-12-18,Oxygen Therapy,Amoxicillin,50mg daily
15117,5243,2025-11-22,Oxygen Therapy,Amoxicillin,25mg daily
15118,5244,2025-07-25,Oxygen Therapy,Amoxicillin,25mg daily
15119,5244,2025-05-31,Oxygen Therapy,Amoxicillin,100mg daily
15120,5244,2026-02-07,Oxygen Therapy,Amoxicillin,25mg daily
15121,5245,2025-04-11,Oxygen Therapy,Amoxicillin,100mg daily
15122,5245,2025-04-12,Oxygen Therapy,Amoxicillin,25mg daily
15123,5245,2026-02-23,Oxygen Therapy,Amoxicillin,50mg daily
15124,5246,2026-02-11,Blood Pressure Monitoring,Metoprolol,10mg daily
15125,5247,2026-02-20,Blood Pressure Monitoring,Metoprolol,25mg daily
15126,5247,2025-03-13,Blood Pressure Monitoring,Metoprolol,10mg daily
15127,5248,2025-05-08,ECG Monitoring,Aspirin,10mg daily
15128,5248,2025-11-13,ECG Monitoring,Aspirin,10mg daily
15129,5248,2025-04-20,ECG Monitoring,Aspirin,50mg daily
15130,5248,2026-01-28,ECG Monitoring,Aspirin,25mg daily
15131,5249,2025-09-29,ECG Monitoring,Aspirin,50mg daily
15132,5249,2025-12-27,ECG Monitoring,Aspirin,100mg daily
15133,5250,2025-06-12,Oxygen Therapy,Amoxicillin,50mg daily
15134,5251,2025-05-24,Oxygen Therapy,Amoxicillin,100mg daily
15135,5251,2025-09-16,Oxygen Therapy,Amoxicillin,50mg daily
15136,5252,2025-07-24,Oxygen Therapy,Amoxicillin,100mg daily
15137,5252,2025-04-06,Oxygen Therapy,Amoxicillin,25mg daily
15138,5252,2025-07-16,Oxygen Therapy,Amoxicillin,100mg daily
15139,5252,2025-07-06,Oxygen Therapy,Amoxicillin,100mg daily
15140,5253,2025-08-16,ECG Monitoring,Aspirin,50mg daily
15141,5253,2025-09-19,ECG Monitoring,Aspirin,100mg daily
15142,5253,2026-03-08,ECG Monitoring,Aspirin,100mg daily
15143,5253,2025-07-25,ECG Monitoring,Aspirin,50mg daily
15144,5254,2025-04-18,ECG Monitoring,Aspirin,25mg daily
15145,5255,2025-03-27,ECG Monitoring,Aspirin,10mg daily
15146,5255,2025-11-03,ECG Monitoring,Aspirin,100mg daily
15147,5255,2025-12-14,ECG Monitoring,Aspirin,50mg daily
15148,5255,2025-08-06,ECG Monitoring,Aspirin,10mg daily
15149,5256,2025-07-24,Blood Pressure Monitoring,Metoprolol,50mg daily
15150,5256,2025-12-22,Blood Pressure Monitoring,Metoprolol,50mg daily
15151,5256,2025-04-28,Blood Pressure Monitoring,Metoprolol,100mg daily
15152,5256,2025-03-27,Blood Pressure Monitoring,Metoprolol,100mg daily
15153,5257,2026-01-30,ECG Monitoring,Aspirin,50mg daily
15154,5257,2025-08-14,ECG Monitoring,Aspirin,25mg daily
15155,5257,2025-04-26,ECG Monitoring,Aspirin,100mg daily
15156,5257,2026-01-20,ECG Monitoring,Aspirin,10mg daily
15157,5258,2025-04-05,ECG Monitoring,Aspirin,10mg daily
15158,5258,2025-11-21,ECG Monitoring,Aspirin,10mg daily
15159,5258,2025-11-16,ECG Monitoring,Aspirin,10mg daily
15160,5259,2025-07-09,ECG Monitoring,Aspirin,50mg daily
15161,5259,2025-05-24,ECG Monitoring,Aspirin,50mg daily
15162,5260,2025-11-27,Blood Pressure Monitoring,Metoprolol,50mg daily
15163,5260,2025-03-23,Blood Pressure Monitoring,Metoprolol,25mg daily
15164,5260,2025-11-22,Blood Pressure Monitoring,Metoprolol,10mg daily
15165,5260,2025-05-17,Blood Pressure Monitoring,Metoprolol,100mg daily
15166,5261,2025-04-05,ECG Monitoring,Aspirin,10mg daily
15167,5261,2025-05-22,ECG Monitoring,Aspirin,100mg daily
15168,5261,2025-10-04,ECG Monitoring,Aspirin,10mg daily
15169,5261,2025-12-23,ECG Monitoring,Aspirin,25mg daily
15170,5262,2025-05-30,Blood Pressure Monitoring,Metoprolol,100mg daily
15171,5262,2025-10-23,Blood Pressure Monitoring,Metoprolol,10mg daily
15172,5262,2026-01-03,Blood Pressure Monitoring,Metoprolol,50mg daily
15173,5263,2025-12-14,ECG Monitoring,Aspirin,25mg daily
15174,5263,2025-06-29,ECG Monitoring,Aspirin,50mg daily
15175,5264,2025-08-10,IV Fluid Therapy,Atorvastatin,10mg daily
15176,5264,2025-10-18,IV Fluid Therapy,Atorvastatin,100mg daily
15177,5265,2025-07-31,Nebulization,Salbutamol,25mg daily
15178,5265,2025-04-18,Nebulization,Salbutamol,25mg daily
15179,5265,2025-06-14,Nebulization,Salbutamol,25mg daily
15180,5265,2026-01-22,Nebulization,Salbutamol,10mg daily
15181,5266,2026-02-25,Oxygen Therapy,Amoxicillin,100mg daily
15182,5267,2025-04-24,Oxygen Therapy,Amoxicillin,25mg daily
15183,5267,2025-06-02,Oxygen Therapy,Amoxicillin,25mg daily
15184,5267,2025-09-18,Oxygen Therapy,Amoxicillin,25mg daily
15185,5268,2026-01-09,Oxygen Therapy,Amoxicillin,25mg daily
15186,5268,2025-07-04,Oxygen Therapy,Amoxicillin,50mg daily
15187,5268,2025-03-24,Oxygen Therapy,Amoxicillin,25mg daily
15188,5268,2025-06-01,Oxygen Therapy,Amoxicillin,10mg daily
15189,5269,2025-12-07,ECG Monitoring,Aspirin,10mg daily
15190,5269,2025-10-16,ECG Monitoring,Aspirin,50mg daily
15191,5269,2026-01-16,ECG Monitoring,Aspirin,50mg daily
15192,5269,2025-09-09,ECG Monitoring,Aspirin,100mg daily
15193,5270,2025-06-18,Oxygen Therapy,Amoxicillin,25mg daily
15194,5270,2025-03-24,Oxygen Therapy,Amoxicillin,50mg daily
15195,5270,2026-01-04,Oxygen Therapy,Amoxicillin,25mg daily
15196,5271,2025-07-24,Oxygen Therapy,Amoxicillin,50mg daily
15197,5271,2026-01-19,Oxygen Therapy,Amoxicillin,25mg daily
15198,5271,2025-05-06,Oxygen Therapy,Amoxicillin,10mg daily
15199,5271,2025-09-14,Oxygen Therapy,Amoxicillin,100mg daily
15200,5272,2025-11-16,Oxygen Therapy,Amoxicillin,100mg daily
15201,5272,2025-10-26,Oxygen Therapy,Amoxicillin,50mg daily
15202,5272,2026-02-26,Oxygen Therapy,Amoxicillin,50mg daily
15203,5272,2025-04-21,Oxygen Therapy,Amoxicillin,10mg daily
15204,5273,2026-02-26,Oxygen Therapy,Amoxicillin,50mg daily
15205,5273,2025-03-17,Oxygen Therapy,Amoxicillin,100mg daily
15206,5274,2026-01-11,Oxygen Therapy,Amoxicillin,25mg daily
15207,5275,2025-07-24,Oxygen Therapy,Amoxicillin,25mg daily
15208,5275,2025-05-05,Oxygen Therapy,Amoxicillin,25mg daily
15209,5275,2025-04-05,Oxygen Therapy,Amoxicillin,25mg daily
15210,5275,2025-06-04,Oxygen Therapy,Amoxicillin,100mg daily
15211,5276,2026-02-25,ECG Monitoring,Aspirin,100mg daily
15212,5276,2026-02-14,ECG Monitoring,Aspirin,50mg daily
15213,5276,2025-08-20,ECG Monitoring,Aspirin,50mg daily
15214,5277,2025-06-29,Oxygen Therapy,Amoxicillin,50mg daily
15215,5277,2025-10-12,Oxygen Therapy,Amoxicillin,10mg daily
15216,5278,2025-08-03,Oxygen Therapy,Amoxicillin,100mg daily
15217,5278,2025-10-23,Oxygen Therapy,Amoxicillin,10mg daily
15218,5279,2025-07-03,Oxygen Therapy,Amoxicillin,100mg daily
15219,5280,2026-01-30,Oxygen Therapy,Amoxicillin,10mg daily
15220,5280,2025-09-19,Oxygen Therapy,Amoxicillin,25mg daily
15221,5281,2025-10-18,Oxygen Therapy,Amoxicillin,100mg daily
15222,5281,2025-08-07,Oxygen Therapy,Amoxicillin,50mg daily
15223,5281,2025-04-28,Oxygen Therapy,Amoxicillin,25mg daily
15224,5281,2025-07-12,Oxygen Therapy,Amoxicillin,25mg daily
15225,5282,2026-02-21,Oxygen Therapy,Amoxicillin,25mg daily
15226,5283,2025-11-30,Oxygen Therapy,Amoxicillin,100mg daily
15227,5283,2025-08-19,Oxygen Therapy,Amoxicillin,100mg daily
15228,5283,2025-03-15,Oxygen Therapy,Amoxicillin,10mg daily
15229,5283,2025-09-02,Oxygen Therapy,Amoxicillin,50mg daily
15230,5284,2026-01-17,Oxygen Therapy,Amoxicillin,10mg daily
15231,5285,2025-04-12,Blood Pressure Monitoring,Metoprolol,25mg daily
15232,5285,2025-06-20,Blood Pressure Monitoring,Metoprolol,100mg daily
15233,5286,2025-08-12,Blood Pressure Monitoring,Metoprolol,25mg daily
15234,5287,2025-08-01,Oxygen Therapy,Amoxicillin,100mg daily
15235,5287,2025-12-30,Oxygen Therapy,Amoxicillin,50mg daily
15236,5287,2025-08-01,Oxygen Therapy,Amoxicillin,25mg daily
15237,5288,2025-07-07,Oxygen Therapy,Amoxicillin,10mg daily
15238,5288,2026-03-05,Oxygen Therapy,Amoxicillin,100mg daily
15239,5288,2025-12-22,Oxygen Therapy,Amoxicillin,10mg daily
15240,5289,2025-09-11,ECG Monitoring,Aspirin,25mg daily
15241,5290,2025-10-08,ECG Monitoring,Aspirin,50mg daily
15242,5290,2025-06-27,ECG Monitoring,Aspirin,25mg daily
15243,5290,2025-04-30,ECG Monitoring,Aspirin,10mg daily
15244,5290,2025-10-07,ECG Monitoring,Aspirin,25mg daily
15245,5291,2025-09-21,ECG Monitoring,Aspirin,100mg daily
15246,5292,2026-03-10,IV Fluid Therapy,Atorvastatin,25mg daily
15247,5292,2025-12-27,IV Fluid Therapy,Atorvastatin,10mg daily
15248,5292,2026-03-07,IV Fluid Therapy,Atorvastatin,25mg daily
15249,5292,2025-12-14,IV Fluid Therapy,Atorvastatin,10mg daily
15250,5293,2025-12-28,ECG Monitoring,Aspirin,100mg daily
15251,5294,2025-07-12,ECG Monitoring,Aspirin,100mg daily
15252,5294,2025-06-27,ECG Monitoring,Aspirin,100mg daily
15253,5295,2025-04-10,Oxygen Therapy,Amoxicillin,50mg daily
15254,5295,2025-07-19,Oxygen Therapy,Amoxicillin,10mg daily
15255,5296,2025-06-26,Oxygen Therapy,Amoxicillin,10mg daily
15256,5297,2026-02-14,Blood Pressure Monitoring,Metoprolol,25mg daily
15257,5298,2025-06-30,Blood Pressure Monitoring,Metoprolol,50mg daily
15258,5298,2025-12-23,Blood Pressure Monitoring,Metoprolol,100mg daily
15259,5298,2025-09-06,Blood Pressure Monitoring,Metoprolol,25mg daily
15260,5298,2025-08-03,Blood Pressure Monitoring,Metoprolol,100mg daily
15261,5299,2025-11-17,Blood Pressure Monitoring,Metoprolol,10mg daily
15262,5299,2025-11-04,Blood Pressure Monitoring,Metoprolol,50mg daily
15263,5300,2025-06-16,ECG Monitoring,Aspirin,50mg daily
15264,5300,2026-01-01,ECG Monitoring,Aspirin,25mg daily
15265,5300,2025-04-16,ECG Monitoring,Aspirin,10mg daily
15266,5301,2026-02-16,ECG Monitoring,Aspirin,25mg daily
15267,5301,2025-12-04,ECG Monitoring,Aspirin,25mg daily
15268,5302,2025-12-25,ECG Monitoring,Aspirin,100mg daily
15269,5302,2025-09-07,ECG Monitoring,Aspirin,25mg daily
15270,5302,2026-02-17,ECG Monitoring,Aspirin,25mg daily
15271,5302,2025-08-12,ECG Monitoring,Aspirin,25mg daily
15272,5303,2025-12-11,Nebulization,Salbutamol,100mg daily
15273,5303,2026-02-25,Nebulization,Salbutamol,10mg daily
15274,5304,2025-11-09,Nebulization,Salbutamol,100mg daily
15275,5304,2025-06-28,Nebulization,Salbutamol,100mg daily
15276,5304,2026-02-05,Nebulization,Salbutamol,100mg daily
15277,5305,2025-11-19,Blood Pressure Monitoring,Metoprolol,10mg daily
15278,5305,2025-07-01,Blood Pressure Monitoring,Metoprolol,100mg daily
15279,5305,2025-06-07,Blood Pressure Monitoring,Metoprolol,10mg daily
15280,5306,2025-05-24,Blood Pressure Monitoring,Metoprolol,25mg daily
15281,5306,2026-01-05,Blood Pressure Monitoring,Metoprolol,50mg daily
15282,5306,2026-01-12,Blood Pressure Monitoring,Metoprolol,50mg daily
15283,5306,2025-04-16,Blood Pressure Monitoring,Metoprolol,25mg daily
15284,5307,2025-07-24,Blood Pressure Monitoring,Metoprolol,50mg daily
15285,5307,2025-10-03,Blood Pressure Monitoring,Metoprolol,25mg daily
15286,5308,2025-08-25,ECG Monitoring,Aspirin,10mg daily
15287,5308,2025-05-19,ECG Monitoring,Aspirin,100mg daily
15288,5308,2026-02-26,ECG Monitoring,Aspirin,50mg daily
15289,5309,2025-07-06,Nebulization,Salbutamol,10mg daily
15290,5309,2025-03-29,Nebulization,Salbutamol,10mg daily
15291,5309,2025-08-15,Nebulization,Salbutamol,100mg daily
15292,5310,2026-03-06,Nebulization,Salbutamol,25mg daily
15293,5310,2025-12-08,Nebulization,Salbutamol,10mg daily
15294,5310,2025-12-30,Nebulization,Salbutamol,100mg daily
15295,5311,2025-10-13,Oxygen Therapy,Amoxicillin,50mg daily
15296,5312,2025-04-03,Blood Pressure Monitoring,Metoprolol,100mg daily
15297,5313,2025-08-05,Nebulization,Salbutamol,50mg daily
15298,5313,2026-01-24,Nebulization,Salbutamol,25mg daily
15299,5314,2025-11-28,Nebulization,Salbutamol,50mg daily
15300,5314,2025-12-30,Nebulization,Salbutamol,50mg daily
15301,5315,2025-06-04,Oxygen Therapy,Amoxicillin,25mg daily
15302,5315,2025-05-31,Oxygen Therapy,Amoxicillin,100mg daily
15303,5315,2025-03-24,Oxygen Therapy,Amoxicillin,50mg daily
15304,5315,2025-07-22,Oxygen Therapy,Amoxicillin,25mg daily
15305,5316,2025-05-12,Oxygen Therapy,Amoxicillin,25mg daily
15306,5316,2025-04-27,Oxygen Therapy,Amoxicillin,100mg daily
15307,5316,2025-08-29,Oxygen Therapy,Amoxicillin,100mg daily
15308,5317,2026-01-27,Oxygen Therapy,Amoxicillin,10mg daily
15309,5318,2025-09-29,Blood Pressure Monitoring,Metoprolol,25mg daily
15310,5319,2025-07-22,Blood Pressure Monitoring,Metoprolol,100mg daily
15311,5319,2025-07-16,Blood Pressure Monitoring,Metoprolol,25mg daily
15312,5319,2026-01-03,Blood Pressure Monitoring,Metoprolol,25mg daily
15313,5320,2025-08-30,Blood Pressure Monitoring,Metoprolol,100mg daily
15314,5320,2025-07-02,Blood Pressure Monitoring,Metoprolol,50mg daily
15315,5320,2025-11-25,Blood Pressure Monitoring,Metoprolol,25mg daily
15316,5320,2025-10-05,Blood Pressure Monitoring,Metoprolol,100mg daily
15317,5321,2025-12-24,ECG Monitoring,Aspirin,25mg daily
15318,5321,2025-05-30,ECG Monitoring,Aspirin,10mg daily
15319,5321,2025-07-22,ECG Monitoring,Aspirin,50mg daily
15320,5322,2026-02-01,Blood Pressure Monitoring,Metoprolol,100mg daily
15321,5322,2025-10-14,Blood Pressure Monitoring,Metoprolol,10mg daily
15322,5322,2025-10-29,Blood Pressure Monitoring,Metoprolol,10mg daily
15323,5322,2025-03-16,Blood Pressure Monitoring,Metoprolol,100mg daily
15324,5323,2026-01-29,Blood Pressure Monitoring,Metoprolol,10mg daily
15325,5323,2025-03-31,Blood Pressure Monitoring,Metoprolol,25mg daily
15326,5323,2025-11-27,Blood Pressure Monitoring,Metoprolol,10mg daily
15327,5324,2026-01-22,Blood Pressure Monitoring,Metoprolol,25mg daily
15328,5324,2025-10-10,Blood Pressure Monitoring,Metoprolol,10mg daily
15329,5324,2025-08-18,Blood Pressure Monitoring,Metoprolol,10mg daily
